{
"type": "FeatureCollection",
"name": "provincias_optimizado",
"crs": { "type": "name", "properties": { "name": "urn:ogc:def:crs:OGC:1.3:CRS84" } },
"xy_coordinate_resolution": 1e-15,
"features": [
{ "type": "Feature", "properties": { "id": "provincial.1", "departamen": "AYACUCHO", "provincia": "HUAMANGA", "id_prov": 2 }, "geometry": { "type": "MultiPolygon", "coordinates": [ [ [ [ -74.07701623, -12.98639023 ], [ -74.07759773, -12.99042711 ], [ -74.07759773, -12.99213773 ], [ -74.07707436, -12.99398223 ], [ -74.07565811, -12.99459648 ], [ -74.07489511, -12.99661936 ], [ -74.07261736, -13.00020236 ], [ -74.07071936, -13.00237948 ], [ -74.06929586, -13.00318886 ], [ -74.06856936, -13.00402873 ], [ -74.06870973, -13.00653836 ], [ -74.06988198, -13.01064411 ], [ -74.06963086, -13.01192811 ], [ -74.06644886, -13.01550073 ], [ -74.06594648, -13.01745461 ], [ -74.06661636, -13.01947823 ], [ -74.06815161, -13.02034348 ], [ -74.06854223, -13.02087386 ], [ -74.06904473, -13.02277186 ], [ -74.06857023, -13.02732423 ], [ -74.06711873, -13.03050611 ], [ -74.06600236, -13.03179011 ], [ -74.06519286, -13.03223673 ], [ -74.06349036, -13.03254373 ], [ -74.06036411, -13.03374386 ], [ -74.05880661, -13.03358398 ], [ -74.05433461, -13.03475398 ], [ -74.05378273, -13.03542861 ], [ -74.05298561, -13.03929186 ], [ -74.05200036, -13.04014411 ], [ -74.05402798, -13.04260311 ], [ -74.05556098, -13.04560773 ], [ -74.05556098, -13.04701823 ], [ -74.05703786, -13.05039598 ], [ -74.05672623, -13.05394036 ], [ -74.05707673, -13.05436886 ], [ -74.05988111, -13.05542048 ], [ -74.06120536, -13.05651111 ], [ -74.06128336, -13.05713423 ], [ -74.05906323, -13.06153561 ], [ -74.05812836, -13.06270411 ], [ -74.05481773, -13.06441773 ], [ -74.05072798, -13.06558623 ], [ -74.04991011, -13.06613161 ], [ -74.04830923, -13.06956911 ], [ -74.04716773, -13.07354523 ], [ -74.04733111, -13.07734448 ], [ -74.04646961, -13.08596323 ], [ -74.04246973, -13.08947361 ], [ -74.03985511, -13.09249661 ], [ -74.03662786, -13.09821186 ], [ -74.03478948, -13.09862036 ], [ -74.03213398, -13.09800761 ], [ -74.03033648, -13.09649598 ], [ -74.02866161, -13.09384073 ], [ -74.02759948, -13.09290111 ], [ -74.02641486, -13.09236998 ], [ -74.02592448, -13.09245173 ], [ -74.02384098, -13.09539298 ], [ -74.02148436, -13.09753511 ], [ -74.02073623, -13.09878386 ], [ -74.02147161, -13.10103073 ], [ -74.02138986, -13.10356361 ], [ -74.01829498, -13.10520511 ], [ -74.01619911, -13.10867136 ], [ -74.01619911, -13.10950123 ], [ -74.01830548, -13.11154386 ], [ -74.01875236, -13.11269273 ], [ -74.01798636, -13.11716098 ], [ -74.01734798, -13.11818236 ], [ -74.01549686, -13.11913973 ], [ -74.01007123, -13.12086323 ], [ -74.00726261, -13.12424636 ], [ -74.00726261, -13.12539536 ], [ -74.00885836, -13.12833161 ], [ -74.00902936, -13.12960198 ], [ -74.00758173, -13.13050186 ], [ -74.00630511, -13.13222536 ], [ -74.00439011, -13.13356573 ], [ -74.00145373, -13.13896598 ], [ -74.00024111, -13.13973198 ], [ -73.99947511, -13.14081711 ], [ -73.99703911, -13.14619136 ], [ -73.99503123, -13.14782911 ], [ -73.99341148, -13.14813761 ], [ -73.99243448, -13.14991161 ], [ -73.99258123, -13.15351961 ], [ -73.99462386, -13.15977511 ], [ -73.99456011, -13.16098798 ], [ -73.99392173, -13.16188161 ], [ -73.99015561, -13.16507323 ], [ -73.98747473, -13.16666898 ], [ -73.98198523, -13.17088198 ], [ -73.97792011, -13.17255936 ], [ -73.97744398, -13.17309898 ], [ -73.97420473, -13.17361186 ], [ -73.97030536, -13.17340911 ], [ -73.96880261, -13.17286023 ], [ -73.96975573, -13.17553761 ], [ -73.96993311, -13.17793961 ], [ -73.96880461, -13.18182648 ], [ -73.96757936, -13.18339023 ], [ -73.96685748, -13.18518586 ], [ -73.96424411, -13.18672873 ], [ -73.96139736, -13.18726011 ], [ -73.96081198, -13.18871248 ], [ -73.96065461, -13.18981448 ], [ -73.96107448, -13.19381373 ], [ -73.96158723, -13.19580711 ], [ -73.96151036, -13.20187998 ], [ -73.96197161, -13.20341748 ], [ -73.96357811, -13.20587448 ], [ -73.96379998, -13.20694673 ], [ -73.96283861, -13.21008986 ], [ -73.96195111, -13.21145798 ], [ -73.96017623, -13.21315886 ], [ -73.95695923, -13.21478586 ], [ -73.95544323, -13.21626486 ], [ -73.95459273, -13.21792886 ], [ -73.95107998, -13.22269886 ], [ -73.95041436, -13.22428886 ], [ -73.94804786, -13.22606386 ], [ -73.94594023, -13.22909586 ], [ -73.94607423, -13.23375023 ], [ -73.94690623, -13.23606136 ], [ -73.94772736, -13.24111461 ], [ -73.94752261, -13.24292836 ], [ -73.94547486, -13.24652648 ], [ -73.94532861, -13.24737486 ], [ -73.94567961, -13.25137686 ], [ -73.94690823, -13.25453623 ], [ -73.94684973, -13.25681798 ], [ -73.94518236, -13.26094273 ], [ -73.94448023, -13.26183498 ], [ -73.94500673, -13.26616461 ], [ -73.94409998, -13.26724698 ], [ -73.93948248, -13.27088823 ], [ -73.93591473, -13.27780423 ], [ -73.93349961, -13.27999973 ], [ -73.93053561, -13.28340286 ], [ -73.92460436, -13.28504173 ], [ -73.92380823, -13.28489561 ], [ -73.92160723, -13.28348073 ], [ -73.92066398, -13.28107761 ], [ -73.91909186, -13.27849473 ], [ -73.91707061, -13.27766386 ], [ -73.91224186, -13.27779861 ], [ -73.90959173, -13.27858461 ], [ -73.90696411, -13.27797823 ], [ -73.90527961, -13.27800073 ], [ -73.90092261, -13.27842736 ], [ -73.89955261, -13.27892148 ], [ -73.89687998, -13.27896648 ], [ -73.89281261, -13.27751786 ], [ -73.88930911, -13.27666436 ], [ -73.88679361, -13.27538423 ], [ -73.88261636, -13.27239723 ], [ -73.88010086, -13.27003898 ], [ -73.87477586, -13.26628836 ], [ -73.87026161, -13.26157198 ], [ -73.86774623, -13.26040411 ], [ -73.86192936, -13.25932611 ], [ -73.85760598, -13.25947211 ], [ -73.85383286, -13.25879823 ], [ -73.84916148, -13.25861861 ], [ -73.84650998, -13.25903998 ], [ -73.84637998, -13.26450998 ], [ -73.84694998, -13.26795998 ], [ -73.84686998, -13.26916998 ], [ -73.84853998, -13.27479998 ], [ -73.85178348, -13.27880711 ], [ -73.85361911, -13.27957198 ], [ -73.85448598, -13.28059186 ], [ -73.85474098, -13.28176473 ], [ -73.85576086, -13.28375336 ], [ -73.85769861, -13.28497723 ], [ -73.86009523, -13.28569111 ], [ -73.86208386, -13.28671098 ], [ -73.86580636, -13.28956648 ], [ -73.86601023, -13.29073936 ], [ -73.86575536, -13.29390086 ], [ -73.86672423, -13.29492073 ], [ -73.86733611, -13.29741936 ], [ -73.86815198, -13.30384436 ], [ -73.86611223, -13.30598611 ], [ -73.86269573, -13.30812773 ], [ -73.86136998, -13.30853561 ], [ -73.86050311, -13.30843373 ], [ -73.85810648, -13.30935148 ], [ -73.85146223, -13.30948161 ], [ -73.84939936, -13.30915036 ], [ -73.84830236, -13.30805586 ], [ -73.84591323, -13.30678423 ], [ -73.84185998, -13.30662986 ], [ -73.83905073, -13.30529711 ], [ -73.83624098, -13.30578236 ], [ -73.83466098, -13.30558961 ], [ -73.83385173, -13.30539698 ], [ -73.83338936, -13.30454923 ], [ -73.83234886, -13.30397111 ], [ -73.83103873, -13.30408673 ], [ -73.82988273, -13.30373998 ], [ -73.82664573, -13.30520423 ], [ -73.82360148, -13.30551261 ], [ -73.82159773, -13.30628323 ], [ -73.81766711, -13.30616761 ], [ -73.81512386, -13.30697686 ], [ -73.81408336, -13.30751636 ], [ -73.80895823, -13.31325811 ], [ -73.80704548, -13.31483161 ], [ -73.80926561, -13.31514848 ], [ -73.81212448, -13.31415323 ], [ -73.81351586, -13.31487036 ], [ -73.81461823, -13.31626173 ], [ -73.81598836, -13.31704311 ], [ -73.82036598, -13.31786723 ], [ -73.82214286, -13.31981523 ], [ -73.82346986, -13.32501711 ], [ -73.82550548, -13.32597748 ], [ -73.82696986, -13.32599098 ], [ -73.82831848, -13.32649411 ], [ -73.83122973, -13.32903073 ], [ -73.83209836, -13.33015698 ], [ -73.83198623, -13.33066448 ], [ -73.82968923, -13.33290273 ], [ -73.82943273, -13.33448398 ], [ -73.82830573, -13.33549361 ], [ -73.82798998, -13.33650998 ], [ -73.82964848, -13.33879298 ], [ -73.83022273, -13.34030873 ], [ -73.82984998, -13.34200998 ], [ -73.82866686, -13.34453548 ], [ -73.82873998, -13.34726998 ], [ -73.82952998, -13.34945998 ], [ -73.83130998, -13.35162998 ], [ -73.83160498, -13.35240161 ], [ -73.83137711, -13.35518686 ], [ -73.83232023, -13.35895961 ], [ -73.83292961, -13.35998636 ], [ -73.83482998, -13.36114998 ], [ -73.83544998, -13.36221998 ], [ -73.83543998, -13.36333998 ], [ -73.83455998, -13.36563998 ], [ -73.83451998, -13.36757998 ], [ -73.83493998, -13.36881998 ], [ -73.83745998, -13.37235998 ], [ -73.83795998, -13.37373998 ], [ -73.83849998, -13.37894998 ], [ -73.83795998, -13.38395998 ], [ -73.83852998, -13.38624998 ], [ -73.84120998, -13.38880998 ], [ -73.84250448, -13.38963361 ], [ -73.84532586, -13.39395048 ], [ -73.84696098, -13.39743261 ], [ -73.84740173, -13.40147536 ], [ -73.84651323, -13.40253461 ], [ -73.84333998, -13.40326998 ], [ -73.84213748, -13.40399673 ], [ -73.84198423, -13.40473361 ], [ -73.84308661, -13.40609536 ], [ -73.84313373, -13.40690286 ], [ -73.84082298, -13.41042211 ], [ -73.83844148, -13.41282136 ], [ -73.83686161, -13.41656461 ], [ -73.83714461, -13.41737223 ], [ -73.83917836, -13.41833311 ], [ -73.83919598, -13.41970661 ], [ -73.83714461, -13.42236511 ], [ -73.83592436, -13.42497073 ], [ -73.83333648, -13.42550711 ], [ -73.83235798, -13.42630286 ], [ -73.83107873, -13.42908523 ], [ -73.82962861, -13.43042936 ], [ -73.82878561, -13.43215648 ], [ -73.82738998, -13.43373998 ], [ -73.82722998, -13.43694998 ], [ -73.82949248, -13.44004398 ], [ -73.82953123, -13.44107761 ], [ -73.82868798, -13.44284436 ], [ -73.82862111, -13.44391511 ], [ -73.82904936, -13.44522673 ], [ -73.83061523, -13.44714086 ], [ -73.83263636, -13.44876023 ], [ -73.83543373, -13.45036636 ], [ -73.83717373, -13.45253473 ], [ -73.83809723, -13.45320386 ], [ -73.83855236, -13.45416761 ], [ -73.83895386, -13.45637611 ], [ -73.83844523, -13.45752711 ], [ -73.83413548, -13.46143536 ], [ -73.83404173, -13.46353673 ], [ -73.83491173, -13.46688286 ], [ -73.83479906, -13.47017583 ], [ -73.83670019, -13.47053964 ], [ -73.84184019, -13.46870964 ], [ -73.84369019, -13.46906964 ], [ -73.84874019, -13.46862964 ], [ -73.85186019, -13.46888964 ], [ -73.85434019, -13.46818964 ], [ -73.85868019, -13.46619964 ], [ -73.86503019, -13.46522964 ], [ -73.87250019, -13.46794964 ], [ -73.87536019, -13.47024964 ], [ -73.87759017, -13.47320962 ], [ -73.88008019, -13.47343964 ], [ -73.88282019, -13.47524964 ], [ -73.88451019, -13.47725964 ], [ -73.88449019, -13.47893964 ], [ -73.88640019, -13.48052964 ], [ -73.88645019, -13.48164964 ], [ -73.88796019, -13.48397964 ], [ -73.89085019, -13.48490964 ], [ -73.89290019, -13.48511964 ], [ -73.89469019, -13.48622964 ], [ -73.89554019, -13.48636964 ], [ -73.89656019, -13.48608964 ], [ -73.89917019, -13.48334964 ], [ -73.90040019, -13.48248964 ], [ -73.90409019, -13.48340964 ], [ -73.90555019, -13.48340964 ], [ -73.90691019, -13.48457964 ], [ -73.90791019, -13.48688964 ], [ -73.91020019, -13.48805964 ], [ -73.91628019, -13.49338964 ], [ -73.91895019, -13.49493964 ], [ -73.92175019, -13.49727964 ], [ -73.92608201, -13.49936322 ], [ -73.93018865, -13.49938077 ], [ -73.9333222, -13.49834159 ], [ -73.93577341, -13.49682107 ], [ -73.93850608, -13.49798085 ], [ -73.94309865, -13.49867003 ], [ -73.94710669, -13.49887826 ], [ -73.95215008, -13.50094692 ], [ -73.9573172, -13.5012698 ], [ -73.96597206, -13.50029633 ], [ -73.96783355, -13.49944284 ], [ -73.96920943, -13.49782186 ], [ -73.97107131, -13.49687266 ], [ -73.97753197, -13.49517675 ], [ -73.9762788, -13.4909615 ], [ -73.97620995, -13.48731817 ], [ -73.97648671, -13.48639755 ], [ -73.97884033, -13.48432642 ], [ -73.98398521, -13.48157017 ], [ -73.99047121, -13.4808858 ], [ -73.99164783, -13.47970905 ], [ -73.99238346, -13.47838517 ], [ -73.99275121, -13.47720842 ], [ -73.99216283, -13.47610517 ], [ -73.98907383, -13.47456055 ], [ -73.98591121, -13.47198655 ], [ -73.98532283, -13.4708833 ], [ -73.98510221, -13.46875042 ], [ -73.98397946, -13.46605655 ], [ -73.98363121, -13.46264592 ], [ -73.98403434, -13.46137451 ], [ -73.98657401, -13.46095811 ], [ -73.98882618, -13.46010601 ], [ -73.99441905, -13.45524847 ], [ -73.99251333, -13.44133464 ], [ -73.99696598, -13.44008906 ], [ -73.99989864, -13.44010072 ], [ -74.0039276, -13.44095394 ], [ -74.00685584, -13.44204198 ], [ -74.01064096, -13.44277453 ], [ -74.01308537, -13.44266451 ], [ -74.0173671, -13.44148518 ], [ -74.02165171, -13.43958813 ], [ -74.02421296, -13.44079415 ], [ -74.02479273, -13.44247092 ], [ -74.02640369, -13.4429795 ], [ -74.02728727, -13.44204997 ], [ -74.02897271, -13.44227178 ], [ -74.03585714, -13.44416413 ], [ -74.0366645, -13.44395192 ], [ -74.03821477, -13.44130254 ], [ -74.03924322, -13.44080411 ], [ -74.04166356, -13.44059803 ], [ -74.04481508, -13.44089707 ], [ -74.04518508, -13.44003729 ], [ -74.04534023, -13.43788492 ], [ -74.04674516, -13.4348761 ], [ -74.04629498, -13.43020698 ], [ -74.04671548, -13.42860086 ], [ -74.04631473, -13.42586548 ], [ -74.04648198, -13.42408136 ], [ -74.04831911, -13.42028998 ], [ -74.04831911, -13.41933898 ], [ -74.04751823, -13.41678636 ], [ -74.05017098, -13.41533486 ], [ -74.05243148, -13.41126348 ], [ -74.05574345, -13.4094544 ], [ -74.05750509, -13.40888686 ], [ -74.05889632, -13.40894329 ], [ -74.05987334, -13.4095635 ], [ -74.0607696, -13.41428776 ], [ -74.06250811, -13.41624772 ], [ -74.06943004, -13.41859002 ], [ -74.07275004, -13.42034002 ], [ -74.07179004, -13.42314002 ], [ -74.07113004, -13.42644002 ], [ -74.07149004, -13.43151002 ], [ -74.07060004, -13.43338002 ], [ -74.07058004, -13.43408002 ], [ -74.07173004, -13.43507002 ], [ -74.07227004, -13.43735002 ], [ -74.07362004, -13.43887002 ], [ -74.07436004, -13.44101002 ], [ -74.07619004, -13.44232002 ], [ -74.07789004, -13.44277002 ], [ -74.07886004, -13.44405002 ], [ -74.07998004, -13.44687002 ], [ -74.07982004, -13.44881002 ], [ -74.08047004, -13.45058002 ], [ -74.08025004, -13.45296002 ], [ -74.07954004, -13.45544002 ], [ -74.07984004, -13.45737002 ], [ -74.07957004, -13.46046002 ], [ -74.07783004, -13.46422002 ], [ -74.07769004, -13.46643002 ], [ -74.07625004, -13.46816002 ], [ -74.07507004, -13.46855002 ], [ -74.07446004, -13.47013002 ], [ -74.07335004, -13.47113002 ], [ -74.07237004, -13.47264002 ], [ -74.07193004, -13.47457002 ], [ -74.07017773, -13.47745511 ], [ -74.06860251, -13.47822868 ], [ -74.06787298, -13.48052936 ], [ -74.06668004, -13.48109002 ], [ -74.06586004, -13.48197002 ], [ -74.06724004, -13.48554002 ], [ -74.06738004, -13.48767002 ], [ -74.06844004, -13.48944002 ], [ -74.06755004, -13.49099002 ], [ -74.06772952, -13.49207083 ], [ -74.06653123, -13.49322848 ], [ -74.06695311, -13.49397073 ], [ -74.06705073, -13.49512886 ], [ -74.06641004, -13.49667002 ], [ -74.06647004, -13.49810002 ], [ -74.06590004, -13.49891002 ], [ -74.06596486, -13.50071098 ], [ -74.06746286, -13.50275198 ], [ -74.06795197, -13.50459089 ], [ -74.06746004, -13.50577002 ], [ -74.06790004, -13.50665002 ], [ -74.06769004, -13.50754002 ], [ -74.06686004, -13.50904002 ], [ -74.06454004, -13.50990002 ], [ -74.06410004, -13.51123002 ], [ -74.06424004, -13.51259002 ], [ -74.06210004, -13.51508002 ], [ -74.06131004, -13.51688002 ], [ -74.06015004, -13.51827002 ], [ -74.05996004, -13.52093002 ], [ -74.05898004, -13.52274002 ], [ -74.05714004, -13.52460002 ], [ -74.05332004, -13.52641002 ], [ -74.05280004, -13.52728002 ], [ -74.05281004, -13.52871002 ], [ -74.05036004, -13.53149002 ], [ -74.05031004, -13.53252002 ], [ -74.05089646, -13.53460155 ], [ -74.05302927, -13.53631289 ], [ -74.05466004, -13.53614002 ], [ -74.05620998, -13.53554998 ], [ -74.05926998, -13.53597998 ], [ -74.06021998, -13.53534998 ], [ -74.06054998, -13.53380998 ], [ -74.06215998, -13.53352998 ], [ -74.06271998, -13.53405998 ], [ -74.06263998, -13.53516998 ], [ -74.06301998, -13.53557998 ], [ -74.06423998, -13.53480998 ], [ -74.06614998, -13.53434998 ], [ -74.06724998, -13.53570998 ], [ -74.06916998, -13.53709998 ], [ -74.07114998, -13.53718998 ], [ -74.07307998, -13.53847998 ], [ -74.07405998, -13.53672998 ], [ -74.07597998, -13.53526998 ], [ -74.07844998, -13.53267998 ], [ -74.07922998, -13.53234998 ], [ -74.07954998, -13.53260998 ], [ -74.07930998, -13.53361998 ], [ -74.08159998, -13.53309998 ], [ -74.08245998, -13.53423998 ], [ -74.08369998, -13.53480998 ], [ -74.08513998, -13.53605998 ], [ -74.08605998, -13.53478998 ], [ -74.08776998, -13.53537998 ], [ -74.09079998, -13.53450998 ], [ -74.09126998, -13.53465998 ], [ -74.09184998, -13.53576998 ], [ -74.09359998, -13.53529998 ], [ -74.09454998, -13.53631998 ], [ -74.10022998, -13.53615998 ], [ -74.10245998, -13.53497998 ], [ -74.10386998, -13.53549998 ], [ -74.10523998, -13.53416998 ], [ -74.10810998, -13.53355998 ], [ -74.10877998, -13.53376998 ], [ -74.11008998, -13.53508998 ], [ -74.11056998, -13.53453998 ], [ -74.11029998, -13.53315998 ], [ -74.11118998, -13.53228998 ], [ -74.11237998, -13.53207998 ], [ -74.11307998, -13.53302998 ], [ -74.11490998, -13.53161998 ], [ -74.11630998, -13.53229998 ], [ -74.11680998, -13.53223998 ], [ -74.11954998, -13.53127998 ], [ -74.12022998, -13.52996998 ], [ -74.12118998, -13.52948998 ], [ -74.12167998, -13.52958998 ], [ -74.12180998, -13.53060998 ], [ -74.12222998, -13.53104998 ], [ -74.12312998, -13.53120998 ], [ -74.12372998, -13.52989998 ], [ -74.12484998, -13.52991998 ], [ -74.12578998, -13.52923998 ], [ -74.12590998, -13.52878998 ], [ -74.12533998, -13.52742998 ], [ -74.12558998, -13.52705998 ], [ -74.12625998, -13.52618998 ], [ -74.12691998, -13.52661998 ], [ -74.12790998, -13.52520998 ], [ -74.12914998, -13.52490998 ], [ -74.12946998, -13.52412998 ], [ -74.13023998, -13.52411998 ], [ -74.13066998, -13.52378998 ], [ -74.13118998, -13.52257998 ], [ -74.13129998, -13.52134998 ], [ -74.13247998, -13.52080998 ], [ -74.13317998, -13.52002998 ], [ -74.13447998, -13.51658998 ], [ -74.13570998, -13.51503998 ], [ -74.13713998, -13.51576998 ], [ -74.13800998, -13.51492998 ], [ -74.13877998, -13.51329998 ], [ -74.14149998, -13.51445998 ], [ -74.14160998, -13.51371998 ], [ -74.14298998, -13.51256998 ], [ -74.14524998, -13.51376998 ], [ -74.14574998, -13.51362998 ], [ -74.14699998, -13.51235998 ], [ -74.14923998, -13.51215998 ], [ -74.14981998, -13.51184998 ], [ -74.15026998, -13.51117998 ], [ -74.15098998, -13.51093998 ], [ -74.15069998, -13.50980998 ], [ -74.15239848, -13.50857811 ], [ -74.15187311, -13.50720898 ], [ -74.15340004, -13.50551002 ], [ -74.15355661, -13.50468948 ], [ -74.15433004, -13.50410002 ], [ -74.15412886, -13.50326173 ], [ -74.15455661, -13.50248636 ], [ -74.15706836, -13.50149023 ], [ -74.15761004, -13.50000002 ], [ -74.15755236, -13.49904801 ], [ -74.15875586, -13.49885161 ], [ -74.15939386, -13.4984031 ], [ -74.16012886, -13.49701173 ], [ -74.15955004, -13.49589002 ], [ -74.15979004, -13.49466002 ], [ -74.15933004, -13.49421002 ], [ -74.15887004, -13.49283002 ], [ -74.16173004, -13.48955002 ], [ -74.16232004, -13.48764002 ], [ -74.16311004, -13.48633002 ], [ -74.16307004, -13.48591002 ], [ -74.16225986, -13.48572955 ], [ -74.16144004, -13.48411002 ], [ -74.16227004, -13.48245002 ], [ -74.16228323, -13.48053711 ], [ -74.16274811, -13.47983398 ], [ -74.16445123, -13.47917973 ], [ -74.16446004, -13.47809002 ], [ -74.16493004, -13.47674002 ], [ -74.16455004, -13.47510002 ], [ -74.16533986, -13.47318748 ], [ -74.16552004, -13.47056002 ], [ -74.16602004, -13.46997002 ], [ -74.16581004, -13.46865002 ], [ -74.16653018, -13.46773936 ], [ -74.16670511, -13.46603123 ], [ -74.16847073, -13.46270898 ], [ -74.16810548, -13.46158786 ], [ -74.16967186, -13.46019923 ], [ -74.17208598, -13.45374236 ], [ -74.17392386, -13.45110936 ], [ -74.17468004, -13.44938002 ], [ -74.17680004, -13.44876002 ], [ -74.17781004, -13.44806002 ], [ -74.17834004, -13.44721002 ], [ -74.18204098, -13.44363086 ], [ -74.18337323, -13.44072461 ], [ -74.18439048, -13.44039261 ], [ -74.18648436, -13.43809373 ], [ -74.18838004, -13.43717002 ], [ -74.19097004, -13.43643002 ], [ -74.19362111, -13.43380473 ], [ -74.19387498, -13.43258398 ], [ -74.19357004, -13.43049002 ], [ -74.19425004, -13.42869002 ], [ -74.19521004, -13.42729002 ], [ -74.19582223, -13.42475973 ], [ -74.19546098, -13.42262498 ], [ -74.19577148, -13.41807036 ], [ -74.19951004, -13.41054002 ], [ -74.19873248, -13.40797848 ], [ -74.19705073, -13.40548823 ], [ -74.19635904, -13.40497989 ], [ -74.19643021, -13.40305339 ], [ -74.20618869, -13.40423255 ], [ -74.20607004, -13.40680002 ], [ -74.20646473, -13.40757036 ], [ -74.20806004, -13.40905002 ], [ -74.20943948, -13.40968561 ], [ -74.21054202, -13.41135203 ], [ -74.21354004, -13.41411002 ], [ -74.21783786, -13.41454098 ], [ -74.21959004, -13.41561002 ], [ -74.22094004, -13.41570002 ], [ -74.22253004, -13.41669002 ], [ -74.22380004, -13.41687002 ], [ -74.22669004, -13.41672002 ], [ -74.22757811, -13.41622461 ], [ -74.22962004, -13.41625002 ], [ -74.23243961, -13.41529098 ], [ -74.23461323, -13.41401373 ], [ -74.23750004, -13.41379002 ], [ -74.23828004, -13.41500002 ], [ -74.23896978, -13.41523997 ], [ -74.23916011, -13.41623248 ], [ -74.24151761, -13.41858198 ], [ -74.24361123, -13.41930273 ], [ -74.24414648, -13.41981061 ], [ -74.24723823, -13.42034373 ], [ -74.24820898, -13.41990436 ], [ -74.25021004, -13.41787002 ], [ -74.25184761, -13.41749223 ], [ -74.25302004, -13.41845002 ], [ -74.25375004, -13.41836002 ], [ -74.25684961, -13.41593361 ], [ -74.25852148, -13.41584761 ], [ -74.25911004, -13.41528002 ], [ -74.26085004, -13.41120002 ], [ -74.26066004, -13.40831002 ], [ -74.26145004, -13.40545002 ], [ -74.26037004, -13.40439002 ], [ -74.25979351, -13.4042111 ], [ -74.25967004, -13.40342002 ], [ -74.25987311, -13.40284961 ], [ -74.26108004, -13.40179002 ], [ -74.26178004, -13.39976002 ], [ -74.26187111, -13.39851561 ], [ -74.26153004, -13.39724002 ], [ -74.26195027, -13.39644989 ], [ -74.26353004, -13.39609002 ], [ -74.26707004, -13.39624002 ], [ -74.26824004, -13.39450002 ], [ -74.26942004, -13.39425002 ], [ -74.27191998, -13.39241411 ], [ -74.27411996, -13.3917966 ], [ -74.27363471, -13.39330473 ], [ -74.27497001, -13.39496002 ], [ -74.27559371, -13.39941411 ], [ -74.27529001, -13.40155002 ], [ -74.27663083, -13.40476948 ], [ -74.27936226, -13.40831132 ], [ -74.28854633, -13.41263123 ], [ -74.29452312, -13.41656568 ], [ -74.29780838, -13.41731886 ], [ -74.30070316, -13.41849022 ], [ -74.30431587, -13.42132898 ], [ -74.31298003, -13.42554996 ], [ -74.31656634, -13.42634634 ], [ -74.32294633, -13.42441448 ], [ -74.32581933, -13.42484236 ], [ -74.32869233, -13.42447561 ], [ -74.33028158, -13.42478123 ], [ -74.33095408, -13.42527023 ], [ -74.33144308, -13.42637048 ], [ -74.33156533, -13.43028273 ], [ -74.33215194, -13.43370298 ], [ -74.33187096, -13.43401148 ], [ -74.33464883, -13.43641536 ], [ -74.33562596, -13.43758798 ], [ -74.33600852, -13.4387495 ], [ -74.34000998, -13.43821998 ], [ -74.34251998, -13.43963998 ], [ -74.34521998, -13.43847998 ], [ -74.34672998, -13.43819998 ], [ -74.34766998, -13.43882998 ], [ -74.35070998, -13.43993998 ], [ -74.35261998, -13.43993998 ], [ -74.35378998, -13.44054998 ], [ -74.35516998, -13.43997998 ], [ -74.35598998, -13.43913998 ], [ -74.35724998, -13.43847998 ], [ -74.35746998, -13.43756998 ], [ -74.35878998, -13.43647998 ], [ -74.36110998, -13.43597998 ], [ -74.36309998, -13.43681998 ], [ -74.36419998, -13.43657998 ], [ -74.36469998, -13.43677998 ], [ -74.36716998, -13.43605998 ], [ -74.36802998, -13.43511998 ], [ -74.36863998, -13.43248998 ], [ -74.36968998, -13.43174998 ], [ -74.36996998, -13.42860998 ], [ -74.37254998, -13.42627998 ], [ -74.37286998, -13.42468998 ], [ -74.37401998, -13.42307998 ], [ -74.37602998, -13.42160998 ], [ -74.37832998, -13.41885998 ], [ -74.38002998, -13.42028998 ], [ -74.37933998, -13.42286998 ], [ -74.37956998, -13.42375998 ], [ -74.38179998, -13.42454998 ], [ -74.38421998, -13.42482998 ], [ -74.38497998, -13.42561998 ], [ -74.38474998, -13.42811998 ], [ -74.38237998, -13.43037998 ], [ -74.38272998, -13.43187998 ], [ -74.38559998, -13.43346998 ], [ -74.38688998, -13.43637998 ], [ -74.38856998, -13.43705998 ], [ -74.39062998, -13.43903998 ], [ -74.39195998, -13.44092998 ], [ -74.39219998, -13.44213998 ], [ -74.39302998, -13.44356998 ], [ -74.39459998, -13.44478998 ], [ -74.39632998, -13.44508998 ], [ -74.39692998, -13.44472998 ], [ -74.39870998, -13.44100998 ], [ -74.40000998, -13.43942998 ], [ -74.39995998, -13.43727998 ], [ -74.40125998, -13.43506998 ], [ -74.40175998, -13.43436998 ], [ -74.40311998, -13.43420998 ], [ -74.40801998, -13.43665998 ], [ -74.41064998, -13.43962998 ], [ -74.41307998, -13.43963998 ], [ -74.41363998, -13.44063998 ], [ -74.41308998, -13.44255998 ], [ -74.41323998, -13.44324998 ], [ -74.41704998, -13.44642998 ], [ -74.42190998, -13.44579998 ], [ -74.42381998, -13.44470998 ], [ -74.42904998, -13.44684998 ], [ -74.43175998, -13.44911998 ], [ -74.43411998, -13.44883998 ], [ -74.43642998, -13.44977998 ], [ -74.43800998, -13.45001998 ], [ -74.43898998, -13.44947998 ], [ -74.43952998, -13.44827998 ], [ -74.44099998, -13.44773998 ], [ -74.44782411, -13.44914273 ], [ -74.45212811, -13.44914273 ], [ -74.45410698, -13.44978586 ], [ -74.45672886, -13.45141836 ], [ -74.45821298, -13.45171523 ], [ -74.46157698, -13.45131948 ], [ -74.46364548, -13.45067686 ], [ -74.46556998, -13.45074998 ], [ -74.46583998, -13.44978998 ], [ -74.46661998, -13.44927998 ], [ -74.46961998, -13.45025998 ], [ -74.47093998, -13.45118998 ], [ -74.47198998, -13.45135998 ], [ -74.47326998, -13.45244998 ], [ -74.47574998, -13.45313998 ], [ -74.47840998, -13.45196998 ], [ -74.48229161, -13.44793423 ], [ -74.48692711, -13.44420248 ], [ -74.48995923, -13.44347361 ], [ -74.49291836, -13.44340073 ], [ -74.49468223, -13.44191386 ], [ -74.49657736, -13.44087886 ], [ -74.49934148, -13.43793873 ], [ -74.50631698, -13.43647961 ], [ -74.50763373, -13.43587448 ], [ -74.50923523, -13.43437973 ], [ -74.51072998, -13.43220886 ], [ -74.51492961, -13.42929061 ], [ -74.51923623, -13.42758573 ], [ -74.52097386, -13.42737723 ], [ -74.52227123, -13.42596398 ], [ -74.52639536, -13.42420323 ], [ -74.52709023, -13.42355448 ], [ -74.52815611, -13.42113086 ], [ -74.52729311, -13.41516786 ], [ -74.52752848, -13.41375561 ], [ -74.53060086, -13.40970998 ], [ -74.53056223, -13.40784486 ], [ -74.53108536, -13.40452336 ], [ -74.53158223, -13.40339873 ], [ -74.53275923, -13.40245736 ], [ -74.53537461, -13.40154186 ], [ -74.54084073, -13.39890023 ], [ -74.54311598, -13.39712186 ], [ -74.54753598, -13.39578798 ], [ -74.54879136, -13.39419261 ], [ -74.55297436, -13.39149148 ], [ -74.55485411, -13.38969336 ], [ -74.55865461, -13.39006123 ], [ -74.56343573, -13.39190011 ], [ -74.56445611, -13.39177236 ], [ -74.56874311, -13.38929111 ], [ -74.57168036, -13.38712011 ], [ -74.57148873, -13.38641786 ], [ -74.57014786, -13.38462998 ], [ -74.56982861, -13.38290598 ], [ -74.56965348, -13.38117236 ], [ -74.57018436, -13.37642223 ], [ -74.57103661, -13.37393886 ], [ -74.57372611, -13.37110973 ], [ -74.57554236, -13.36747711 ], [ -74.57648536, -13.36625473 ], [ -74.57603123, -13.36318098 ], [ -74.57640686, -13.36191923 ], [ -74.57557723, -13.36017286 ], [ -74.57234648, -13.35567586 ], [ -74.57138598, -13.35353661 ], [ -74.57112398, -13.35205211 ], [ -74.57111998, -13.34539998 ], [ -74.57034998, -13.34462998 ], [ -74.56911998, -13.34421998 ], [ -74.56831998, -13.34298998 ], [ -74.56750998, -13.34276998 ], [ -74.56683998, -13.34177998 ], [ -74.56610998, -13.34142998 ], [ -74.57166998, -13.33949998 ], [ -74.57260998, -13.33883998 ], [ -74.57529998, -13.33813998 ], [ -74.58207998, -13.33786998 ], [ -74.58441998, -13.33676998 ], [ -74.58635998, -13.33489998 ], [ -74.58739998, -13.33457998 ], [ -74.59043998, -13.33442998 ], [ -74.59417998, -13.33286998 ], [ -74.59568998, -13.33257998 ], [ -74.60082998, -13.33215998 ], [ -74.60194998, -13.33295998 ], [ -74.60669998, -13.33389998 ], [ -74.60923998, -13.33325998 ], [ -74.61092998, -13.33383998 ], [ -74.61222998, -13.33470998 ], [ -74.61515998, -13.33522998 ], [ -74.61817998, -13.33632998 ], [ -74.62037998, -13.33662998 ], [ -74.62193998, -13.33769998 ], [ -74.62532998, -13.33686998 ], [ -74.62748998, -13.33912998 ], [ -74.62898998, -13.33991998 ], [ -74.62952998, -13.34170998 ], [ -74.63062998, -13.34327998 ], [ -74.63282998, -13.34477998 ], [ -74.63540761, -13.34217473 ], [ -74.63778886, -13.34130061 ], [ -74.64441998, -13.33699048 ], [ -74.64791636, -13.33548336 ], [ -74.65020698, -13.33352423 ], [ -74.65123173, -13.33340361 ], [ -74.65457748, -13.33412711 ], [ -74.65650648, -13.33379548 ], [ -74.66150986, -13.33162536 ], [ -74.66352936, -13.33038948 ], [ -74.66762861, -13.32662186 ], [ -74.66759848, -13.32496411 ], [ -74.66585023, -13.32273373 ], [ -74.66609136, -13.32194998 ], [ -74.66856448, -13.31851948 ], [ -74.67097423, -13.31649448 ], [ -74.67175798, -13.31251586 ], [ -74.67094411, -13.30850698 ], [ -74.67359648, -13.30455861 ], [ -74.67477198, -13.30178561 ], [ -74.67709286, -13.29443111 ], [ -74.68573048, -13.28777936 ], [ -74.68605648, -13.28637098 ], [ -74.68557798, -13.28585336 ], [ -74.68289261, -13.28479886 ], [ -74.67768961, -13.28162886 ], [ -74.67634573, -13.28040823 ], [ -74.67385936, -13.27695898 ], [ -74.67192773, -13.27492186 ], [ -74.66937498, -13.27422261 ], [ -74.66349811, -13.27148436 ], [ -74.65943948, -13.27188473 ], [ -74.65550986, -13.27070511 ], [ -74.65350573, -13.27057611 ], [ -74.65238873, -13.27118948 ], [ -74.64952936, -13.27396098 ], [ -74.64733986, -13.27458198 ], [ -74.64623236, -13.27460736 ], [ -74.64465423, -13.27413673 ], [ -74.64378323, -13.27330861 ], [ -74.64195311, -13.27009561 ], [ -74.63893161, -13.26672073 ], [ -74.63756636, -13.26358986 ], [ -74.63338473, -13.26131448 ], [ -74.63220898, -13.26033598 ], [ -74.62219136, -13.24398248 ], [ -74.61824111, -13.24172273 ], [ -74.60842223, -13.23233836 ], [ -74.60468586, -13.22929711 ], [ -74.60199211, -13.22851511 ], [ -74.60068873, -13.22738548 ], [ -74.60060186, -13.22634273 ], [ -74.60155773, -13.22443123 ], [ -74.60164461, -13.22182436 ], [ -74.59938086, -13.21761723 ], [ -74.59563473, -13.21284573 ], [ -74.59311723, -13.21137698 ], [ -74.58698248, -13.21130261 ], [ -74.58595311, -13.21075973 ], [ -74.58543361, -13.20932036 ], [ -74.58522073, -13.20492573 ], [ -74.58480861, -13.20308986 ], [ -74.58350386, -13.20221873 ], [ -74.58094723, -13.20210548 ], [ -74.57942186, -13.20134373 ], [ -74.57954498, -13.19775398 ], [ -74.58033786, -13.19452736 ], [ -74.58010161, -13.19300786 ], [ -74.57919136, -13.19211136 ], [ -74.57590436, -13.19074998 ], [ -74.57441798, -13.18956248 ], [ -74.57325598, -13.18742548 ], [ -74.57280748, -13.18534323 ], [ -74.57232698, -13.18473448 ], [ -74.56842136, -13.18510461 ], [ -74.56344911, -13.18625986 ], [ -74.56159223, -13.18539336 ], [ -74.55952911, -13.18512523 ], [ -74.55779598, -13.18555848 ], [ -74.55554711, -13.18679636 ], [ -74.55131761, -13.19032436 ], [ -74.54838473, -13.19425586 ], [ -74.54623448, -13.19646686 ], [ -74.54447261, -13.19939448 ], [ -74.54351761, -13.20024223 ], [ -74.54221286, -13.20050198 ], [ -74.53874223, -13.19679886 ], [ -74.53794936, -13.19633611 ], [ -74.53071673, -13.19551761 ], [ -74.52934961, -13.19430273 ], [ -74.52840436, -13.19154498 ], [ -74.52690036, -13.19008598 ], [ -74.52561136, -13.18959373 ], [ -74.52426173, -13.18967386 ], [ -74.52310936, -13.19021486 ], [ -74.52169723, -13.19163086 ], [ -74.51988286, -13.19463873 ], [ -74.51848636, -13.19609173 ], [ -74.51705873, -13.19669186 ], [ -74.51419598, -13.19447398 ], [ -74.51241661, -13.19377761 ], [ -74.50684598, -13.19390661 ], [ -74.50437011, -13.19282336 ], [ -74.50243598, -13.19148236 ], [ -74.50075961, -13.18916111 ], [ -74.49934136, -13.18828448 ], [ -74.49417186, -13.18659573 ], [ -74.49194336, -13.18722661 ], [ -74.48628911, -13.19078511 ], [ -74.48198636, -13.19252148 ], [ -74.47596686, -13.19167773 ], [ -74.47270111, -13.18944536 ], [ -74.46794923, -13.18771873 ], [ -74.46661323, -13.18803123 ], [ -74.46256523, -13.18988336 ], [ -74.46019273, -13.19027023 ], [ -74.45843886, -13.19003811 ], [ -74.45403123, -13.18502148 ], [ -74.45153911, -13.18099223 ], [ -74.44927923, -13.17863473 ], [ -74.44228323, -13.17461523 ], [ -74.43929886, -13.17144536 ], [ -74.43387698, -13.16932623 ], [ -74.43279298, -13.16801173 ], [ -74.43082423, -13.16450798 ], [ -74.42979498, -13.16348436 ], [ -74.42042573, -13.15953911 ], [ -74.41822073, -13.15953511 ], [ -74.40924223, -13.16055286 ], [ -74.40773823, -13.16149998 ], [ -74.40298236, -13.16633598 ], [ -74.39775248, -13.16871948 ], [ -74.39600998, -13.16882998 ], [ -74.39734998, -13.16639998 ], [ -74.39709998, -13.16329998 ], [ -74.39846998, -13.16084998 ], [ -74.39666998, -13.15847998 ], [ -74.39503998, -13.15702998 ], [ -74.39435998, -13.15573998 ], [ -74.39239998, -13.15494998 ], [ -74.39111998, -13.15357998 ], [ -74.38978998, -13.15307998 ], [ -74.38904998, -13.15229998 ], [ -74.38987998, -13.15136998 ], [ -74.38947998, -13.14943998 ], [ -74.38989998, -13.14751998 ], [ -74.38942998, -13.14606998 ], [ -74.39026998, -13.14370998 ], [ -74.38930998, -13.14017998 ], [ -74.38800998, -13.13749998 ], [ -74.38896998, -13.13578998 ], [ -74.38936998, -13.13431998 ], [ -74.38931998, -13.13160998 ], [ -74.38871998, -13.12965998 ], [ -74.38924998, -13.12830998 ], [ -74.39143998, -13.12631998 ], [ -74.39424998, -13.12622998 ], [ -74.39671998, -13.12555998 ], [ -74.39864998, -13.12417998 ], [ -74.40019998, -13.12398998 ], [ -74.40135998, -13.12278998 ], [ -74.40267998, -13.12224998 ], [ -74.40928998, -13.12145998 ], [ -74.41011998, -13.12100998 ], [ -74.41086998, -13.11969998 ], [ -74.41036998, -13.11722998 ], [ -74.41110998, -13.11503998 ], [ -74.41113998, -13.11196998 ], [ -74.41091998, -13.11145998 ], [ -74.40843998, -13.10960998 ], [ -74.40891998, -13.10865998 ], [ -74.41075998, -13.10718998 ], [ -74.41150998, -13.10599998 ], [ -74.41078998, -13.10356998 ], [ -74.41116673, -13.09944186 ], [ -74.41020023, -13.09773361 ], [ -74.41180736, -13.09478911 ], [ -74.41218948, -13.09346298 ], [ -74.41158261, -13.09190086 ], [ -74.41013286, -13.09005773 ], [ -74.40943598, -13.08657373 ], [ -74.40930998, -13.08280998 ], [ -74.40955998, -13.08156998 ], [ -74.41088998, -13.08054998 ], [ -74.41126998, -13.07938998 ], [ -74.41019998, -13.07752998 ], [ -74.40857061, -13.07595336 ], [ -74.40707586, -13.07273911 ], [ -74.40659261, -13.07070486 ], [ -74.40689611, -13.06994061 ], [ -74.40800998, -13.06926998 ], [ -74.40799998, -13.06854998 ], [ -74.40676998, -13.06691998 ], [ -74.40619998, -13.06480998 ], [ -74.40447998, -13.06279998 ], [ -74.40389998, -13.05999998 ], [ -74.40220998, -13.05767998 ], [ -74.40087998, -13.05440998 ], [ -74.40007998, -13.05340998 ], [ -74.39822998, -13.05207998 ], [ -74.39783998, -13.05098998 ], [ -74.39661998, -13.05038998 ], [ -74.39435998, -13.04697998 ], [ -74.38960998, -13.04233998 ], [ -74.38940998, -13.04083998 ], [ -74.38996998, -13.03921998 ], [ -74.38959998, -13.03535998 ], [ -74.38722998, -13.03170998 ], [ -74.38622998, -13.02930998 ], [ -74.38548998, -13.02882998 ], [ -74.38423998, -13.02870998 ], [ -74.38125998, -13.02724998 ], [ -74.38073998, -13.02671998 ], [ -74.37990998, -13.02448998 ], [ -74.37690998, -13.02530998 ], [ -74.37517998, -13.02514998 ], [ -74.37401998, -13.02451998 ], [ -74.37262998, -13.02320998 ], [ -74.36803736, -13.02117236 ], [ -74.36712011, -13.02119998 ], [ -74.36616998, -13.02126998 ], [ -74.36362498, -13.02250248 ], [ -74.36240998, -13.02275998 ], [ -74.35783998, -13.02579998 ], [ -74.35625998, -13.02564998 ], [ -74.35467998, -13.02488998 ], [ -74.35193998, -13.02489998 ], [ -74.34997998, -13.02568998 ], [ -74.34824998, -13.02538998 ], [ -74.34587636, -13.02584461 ], [ -74.34174811, -13.02845923 ], [ -74.33702336, -13.03240411 ], [ -74.33463811, -13.03561498 ], [ -74.33311523, -13.04016198 ], [ -74.33133011, -13.04320511 ], [ -74.32887998, -13.04499998 ], [ -74.32632661, -13.04633336 ], [ -74.32474836, -13.04819723 ], [ -74.31975811, -13.05192486 ], [ -74.31613573, -13.05375861 ], [ -74.31144611, -13.05886898 ], [ -74.31034886, -13.05960561 ], [ -74.30292361, -13.06142436 ], [ -74.29892288, -13.06381577 ], [ -74.29452148, -13.06399461 ], [ -74.28915998, -13.06562998 ], [ -74.28309598, -13.07298061 ], [ -74.28013686, -13.07418548 ], [ -74.27811452, -13.07420257 ], [ -74.27630586, -13.07366534 ], [ -74.27489116, -13.07223274 ], [ -74.27315413, -13.07130154 ], [ -74.27157004, -13.06863002 ], [ -74.27173713, -13.06752062 ], [ -74.27297505, -13.06489065 ], [ -74.27322576, -13.06173892 ], [ -74.27440766, -13.05993026 ], [ -74.2740495, -13.05767391 ], [ -74.27283179, -13.05538174 ], [ -74.27250946, -13.05368053 ], [ -74.27297505, -13.05185396 ], [ -74.27447929, -13.04959761 ], [ -74.27408532, -13.04796802 ], [ -74.27456882, -13.045067 ], [ -74.27560746, -13.04182573 ], [ -74.27532094, -13.04035732 ], [ -74.27609097, -13.03896053 ], [ -74.27646702, -13.03711605 ], [ -74.27623423, -13.0365251 ], [ -74.2749986, -13.03546856 ], [ -74.27444347, -13.03412549 ], [ -74.2716499, -13.03185123 ], [ -74.27129174, -13.03115284 ], [ -74.27134547, -13.0253687 ], [ -74.27147082, -13.0227363 ], [ -74.27437184, -13.02044413 ], [ -74.27437184, -13.0182236 ], [ -74.2749986, -13.01466 ], [ -74.27619841, -13.0137288 ], [ -74.2778459, -13.0115799 ], [ -74.27900989, -13.00898331 ], [ -74.27911734, -13.00726418 ], [ -74.27829359, -13.00642253 ], [ -74.27809661, -13.00568832 ], [ -74.2785443, -13.00473922 ], [ -74.27983364, -13.0039871 ], [ -74.28044199, -13.00315513 ], [ -74.28026342, -13.00199937 ], [ -74.27694639, -13.00374766 ], [ -74.27547895, -13.00498761 ], [ -74.27401372, -13.00546199 ], [ -74.27108017, -13.00746337 ], [ -74.26921839, -13.01004191 ], [ -74.26804477, -13.01089986 ], [ -74.25836645, -13.01651838 ], [ -74.25680067, -13.01794932 ], [ -74.25669566, -13.02043709 ], [ -74.25473862, -13.02215398 ], [ -74.25044154, -13.02309854 ], [ -74.2466353, -13.02308751 ], [ -74.24222837, -13.02805078 ], [ -74.24037285, -13.02842813 ], [ -74.23851499, -13.02957101 ], [ -74.22865463, -13.03049879 ], [ -74.2201579, -13.03229155 ], [ -74.21378743, -13.03441639 ], [ -74.18888058, -13.05082294 ], [ -74.18761355, -13.0512457 ], [ -74.18567355, -13.0508257 ], [ -74.18462355, -13.0499657 ], [ -74.18314998, -13.04960998 ], [ -74.18111998, -13.04821998 ], [ -74.17560998, -13.04699998 ], [ -74.17272998, -13.04750998 ], [ -74.17123998, -13.04611998 ], [ -74.16790998, -13.04512998 ], [ -74.16657998, -13.04384998 ], [ -74.16434998, -13.04314998 ], [ -74.16272998, -13.04076998 ], [ -74.16186998, -13.03849998 ], [ -74.16087998, -13.03753998 ], [ -74.15586998, -13.03537998 ], [ -74.15452998, -13.03351998 ], [ -74.15133998, -13.03083998 ], [ -74.14572998, -13.02899998 ], [ -74.14264998, -13.02654998 ], [ -74.14123998, -13.02613998 ], [ -74.14016998, -13.02541998 ], [ -74.13782998, -13.02277998 ], [ -74.13583998, -13.02108998 ], [ -74.13389998, -13.01681998 ], [ -74.13189998, -13.01530998 ], [ -74.12957998, -13.01184998 ], [ -74.12819998, -13.01066998 ], [ -74.12774998, -13.00929998 ], [ -74.12451998, -13.00837998 ], [ -74.12354998, -13.00763998 ], [ -74.12239998, -13.00753998 ], [ -74.12025998, -13.00632998 ], [ -74.11700004, -13.00673002 ], [ -74.11408004, -13.00618002 ], [ -74.11239004, -13.00622002 ], [ -74.11094004, -13.00572002 ], [ -74.10631004, -13.00507002 ], [ -74.10443004, -13.00437002 ], [ -74.10275004, -13.00288002 ], [ -74.10164004, -13.00260002 ], [ -74.10136004, -13.00199002 ], [ -74.10009004, -13.00165002 ], [ -74.09822004, -13.00000002 ], [ -74.09662004, -12.99742002 ], [ -74.09493004, -12.99571002 ], [ -74.09299004, -12.99247002 ], [ -74.09104004, -12.99067002 ], [ -74.08596941, -12.9880445 ], [ -74.08543847, -12.98736257 ], [ -74.08277515, -12.98630695 ], [ -74.08181556, -12.98614663 ], [ -74.07978698, -12.98655795 ], [ -74.07738098, -12.98494611 ], [ -74.07701623, -12.98639023 ] ] ] ] } },
{ "type": "Feature", "properties": { "id": "provincial.2", "departamen": "AYACUCHO", "provincia": "CANGALLO", "id_prov": 1 }, "geometry": { "type": "MultiPolygon", "coordinates": [ [ [ [ -74.73674973, -13.34435111 ], [ -74.73860586, -13.35177573 ], [ -74.73854598, -13.35285348 ], [ -74.73435461, -13.35740398 ], [ -74.72830723, -13.36219411 ], [ -74.72603198, -13.36249348 ], [ -74.72160998, -13.36230998 ], [ -74.71991998, -13.36264998 ], [ -74.71827998, -13.36378998 ], [ -74.71679998, -13.36377998 ], [ -74.71565998, -13.36314998 ], [ -74.71436998, -13.36292998 ], [ -74.70845998, -13.36405998 ], [ -74.70451998, -13.36415998 ], [ -74.69945998, -13.36350998 ], [ -74.69762998, -13.36268998 ], [ -74.69607998, -13.36154998 ], [ -74.69370998, -13.35860998 ], [ -74.69186998, -13.35795998 ], [ -74.68906998, -13.35376998 ], [ -74.68781998, -13.35279998 ], [ -74.68494998, -13.35292998 ], [ -74.68155998, -13.35138998 ], [ -74.67816998, -13.35065998 ], [ -74.67626998, -13.35123998 ], [ -74.67489998, -13.35103998 ], [ -74.67219998, -13.35135998 ], [ -74.66687998, -13.35299998 ], [ -74.66160998, -13.35520998 ], [ -74.65914998, -13.35350998 ], [ -74.65870998, -13.35185998 ], [ -74.65812998, -13.35148998 ], [ -74.65653998, -13.35125998 ], [ -74.65576998, -13.35060998 ], [ -74.65439998, -13.35105998 ], [ -74.65192998, -13.35071998 ], [ -74.64694998, -13.35141998 ], [ -74.64629998, -13.35075998 ], [ -74.64496998, -13.35049998 ], [ -74.64271998, -13.34937998 ], [ -74.63876998, -13.34657998 ], [ -74.63550998, -13.34530998 ], [ -74.63430998, -13.34540998 ], [ -74.63320998, -13.34509998 ], [ -74.63191998, -13.34391998 ], [ -74.63062998, -13.34327998 ], [ -74.62952998, -13.34170998 ], [ -74.62898998, -13.33991998 ], [ -74.62748998, -13.33912998 ], [ -74.62532998, -13.33686998 ], [ -74.62193998, -13.33769998 ], [ -74.62037998, -13.33662998 ], [ -74.61817998, -13.33632998 ], [ -74.61515998, -13.33522998 ], [ -74.61222998, -13.33470998 ], [ -74.61092998, -13.33383998 ], [ -74.60923998, -13.33325998 ], [ -74.60669998, -13.33389998 ], [ -74.60194998, -13.33295998 ], [ -74.60082998, -13.33215998 ], [ -74.59568998, -13.33257998 ], [ -74.59417998, -13.33286998 ], [ -74.59043998, -13.33442998 ], [ -74.58786998, -13.33451998 ], [ -74.58635998, -13.33489998 ], [ -74.58441998, -13.33676998 ], [ -74.58207998, -13.33786998 ], [ -74.57529998, -13.33813998 ], [ -74.57260998, -13.33883998 ], [ -74.57166998, -13.33949998 ], [ -74.56610998, -13.34142998 ], [ -74.56683998, -13.34177998 ], [ -74.56750998, -13.34276998 ], [ -74.56831998, -13.34298998 ], [ -74.56911998, -13.34421998 ], [ -74.57034998, -13.34462998 ], [ -74.57111998, -13.34539998 ], [ -74.57112398, -13.35205211 ], [ -74.57138598, -13.35353661 ], [ -74.57234648, -13.35567586 ], [ -74.57557723, -13.36017286 ], [ -74.57640686, -13.36191923 ], [ -74.57603123, -13.36318098 ], [ -74.57648536, -13.36625473 ], [ -74.57554236, -13.36747711 ], [ -74.57372611, -13.37110973 ], [ -74.57103661, -13.37393886 ], [ -74.57018436, -13.37642223 ], [ -74.56965348, -13.38117236 ], [ -74.56982861, -13.38290598 ], [ -74.57014786, -13.38462998 ], [ -74.57148873, -13.38641786 ], [ -74.57168036, -13.38712011 ], [ -74.56874311, -13.38929111 ], [ -74.56445611, -13.39177236 ], [ -74.56343573, -13.39190011 ], [ -74.55865461, -13.39006123 ], [ -74.55485411, -13.38969336 ], [ -74.55297436, -13.39149148 ], [ -74.54879136, -13.39419261 ], [ -74.54753598, -13.39578798 ], [ -74.54311598, -13.39712186 ], [ -74.54084073, -13.39890023 ], [ -74.53537461, -13.40154186 ], [ -74.53275923, -13.40245736 ], [ -74.53158223, -13.40339873 ], [ -74.53108536, -13.40452336 ], [ -74.53056223, -13.40784486 ], [ -74.53060086, -13.40970998 ], [ -74.52752848, -13.41375561 ], [ -74.52729311, -13.41516786 ], [ -74.52815611, -13.42113086 ], [ -74.52709023, -13.42355448 ], [ -74.52639536, -13.42420323 ], [ -74.52227123, -13.42596398 ], [ -74.52097386, -13.42737723 ], [ -74.51923623, -13.42758573 ], [ -74.51492961, -13.42929061 ], [ -74.51072998, -13.43220886 ], [ -74.50923523, -13.43437973 ], [ -74.50763373, -13.43587448 ], [ -74.50631698, -13.43647961 ], [ -74.49934148, -13.43793873 ], [ -74.49657736, -13.44087886 ], [ -74.49468223, -13.44191386 ], [ -74.49291836, -13.44340073 ], [ -74.48995923, -13.44347361 ], [ -74.48692711, -13.44420248 ], [ -74.48229161, -13.44793423 ], [ -74.47840998, -13.45196998 ], [ -74.47574998, -13.45313998 ], [ -74.47326998, -13.45244998 ], [ -74.47198998, -13.45135998 ], [ -74.47093998, -13.45118998 ], [ -74.46961998, -13.45025998 ], [ -74.46661998, -13.44927998 ], [ -74.46583998, -13.44978998 ], [ -74.46556998, -13.45074998 ], [ -74.46364548, -13.45067686 ], [ -74.46157698, -13.45131948 ], [ -74.45821298, -13.45171523 ], [ -74.45672886, -13.45141836 ], [ -74.45410698, -13.44978586 ], [ -74.45212811, -13.44914273 ], [ -74.44782411, -13.44914273 ], [ -74.44099998, -13.44773998 ], [ -74.43952998, -13.44827998 ], [ -74.43898998, -13.44947998 ], [ -74.43800998, -13.45001998 ], [ -74.43642998, -13.44977998 ], [ -74.43411998, -13.44883998 ], [ -74.43175998, -13.44911998 ], [ -74.42904998, -13.44684998 ], [ -74.42381998, -13.44470998 ], [ -74.42190998, -13.44579998 ], [ -74.41704998, -13.44642998 ], [ -74.41323998, -13.44324998 ], [ -74.41308998, -13.44255998 ], [ -74.41363998, -13.44063998 ], [ -74.41307998, -13.43963998 ], [ -74.41064998, -13.43962998 ], [ -74.40801998, -13.43665998 ], [ -74.40311998, -13.43420998 ], [ -74.40175998, -13.43436998 ], [ -74.40125998, -13.43506998 ], [ -74.39995998, -13.43727998 ], [ -74.40000998, -13.43942998 ], [ -74.39870998, -13.44100998 ], [ -74.39692998, -13.44472998 ], [ -74.39632998, -13.44508998 ], [ -74.39459998, -13.44478998 ], [ -74.39302998, -13.44356998 ], [ -74.39219998, -13.44213998 ], [ -74.39195998, -13.44092998 ], [ -74.39062998, -13.43903998 ], [ -74.38856998, -13.43705998 ], [ -74.38688998, -13.43637998 ], [ -74.38559998, -13.43346998 ], [ -74.38272998, -13.43187998 ], [ -74.38237998, -13.43037998 ], [ -74.38474998, -13.42811998 ], [ -74.38497998, -13.42561998 ], [ -74.38421998, -13.42482998 ], [ -74.38179998, -13.42454998 ], [ -74.37956998, -13.42375998 ], [ -74.37933998, -13.42286998 ], [ -74.38002998, -13.42028998 ], [ -74.37832998, -13.41885998 ], [ -74.37602998, -13.42160998 ], [ -74.37401998, -13.42307998 ], [ -74.37286998, -13.42468998 ], [ -74.37254998, -13.42627998 ], [ -74.36996998, -13.42860998 ], [ -74.36968998, -13.43174998 ], [ -74.36863998, -13.43248998 ], [ -74.36802998, -13.43511998 ], [ -74.36716998, -13.43605998 ], [ -74.36469998, -13.43677998 ], [ -74.36419998, -13.43657998 ], [ -74.36309998, -13.43681998 ], [ -74.36110998, -13.43597998 ], [ -74.35878998, -13.43647998 ], [ -74.35746998, -13.43756998 ], [ -74.35724998, -13.43847998 ], [ -74.35598998, -13.43913998 ], [ -74.35516998, -13.43997998 ], [ -74.35378998, -13.44054998 ], [ -74.35261998, -13.43993998 ], [ -74.35070998, -13.43993998 ], [ -74.34766998, -13.43882998 ], [ -74.34672998, -13.43819998 ], [ -74.34521998, -13.43847998 ], [ -74.34251998, -13.43963998 ], [ -74.34000998, -13.43821998 ], [ -74.33600852, -13.4387495 ], [ -74.33562596, -13.43758798 ], [ -74.33464883, -13.43641536 ], [ -74.33187096, -13.43401148 ], [ -74.33215194, -13.43370298 ], [ -74.33156533, -13.43028273 ], [ -74.33144308, -13.42637048 ], [ -74.33095408, -13.42527023 ], [ -74.33028158, -13.42478123 ], [ -74.32869233, -13.42447561 ], [ -74.32581933, -13.42484236 ], [ -74.32294633, -13.42441448 ], [ -74.31656634, -13.42634634 ], [ -74.31298003, -13.42554996 ], [ -74.30431587, -13.42132898 ], [ -74.30070316, -13.41849022 ], [ -74.29780838, -13.41731886 ], [ -74.29452312, -13.41656568 ], [ -74.28854633, -13.41263123 ], [ -74.27936226, -13.40831132 ], [ -74.27663083, -13.40476948 ], [ -74.27529001, -13.40155002 ], [ -74.27559371, -13.39941411 ], [ -74.27497001, -13.39496002 ], [ -74.27363471, -13.39330473 ], [ -74.27411996, -13.3917966 ], [ -74.27191998, -13.39241411 ], [ -74.26942004, -13.39425002 ], [ -74.26824004, -13.39450002 ], [ -74.26707004, -13.39624002 ], [ -74.26353004, -13.39609002 ], [ -74.26195027, -13.39644989 ], [ -74.26153004, -13.39724002 ], [ -74.26187111, -13.39851561 ], [ -74.26178004, -13.39976002 ], [ -74.26108004, -13.40179002 ], [ -74.25987311, -13.40284961 ], [ -74.25967004, -13.40342002 ], [ -74.25979351, -13.4042111 ], [ -74.26037004, -13.40439002 ], [ -74.26145004, -13.40545002 ], [ -74.26066004, -13.40831002 ], [ -74.26085004, -13.41120002 ], [ -74.25911004, -13.41528002 ], [ -74.25852148, -13.41584761 ], [ -74.25684961, -13.41593361 ], [ -74.25375004, -13.41836002 ], [ -74.25302004, -13.41845002 ], [ -74.25184761, -13.41749223 ], [ -74.25021004, -13.41787002 ], [ -74.24820898, -13.41990436 ], [ -74.24723823, -13.42034373 ], [ -74.24414648, -13.41981061 ], [ -74.24361123, -13.41930273 ], [ -74.24151761, -13.41858198 ], [ -74.23916011, -13.41623248 ], [ -74.23896978, -13.41523997 ], [ -74.23828004, -13.41500002 ], [ -74.23750004, -13.41379002 ], [ -74.23461323, -13.41401373 ], [ -74.23243961, -13.41529098 ], [ -74.22962004, -13.41625002 ], [ -74.22757811, -13.41622461 ], [ -74.22669004, -13.41672002 ], [ -74.22380004, -13.41687002 ], [ -74.22253004, -13.41669002 ], [ -74.22094004, -13.41570002 ], [ -74.21959004, -13.41561002 ], [ -74.21783786, -13.41454098 ], [ -74.21354004, -13.41411002 ], [ -74.21054202, -13.41135203 ], [ -74.20943948, -13.40968561 ], [ -74.20806004, -13.40905002 ], [ -74.20646473, -13.40757036 ], [ -74.20607004, -13.40680002 ], [ -74.20618869, -13.40423255 ], [ -74.19643021, -13.40305339 ], [ -74.19635904, -13.40497989 ], [ -74.19705073, -13.40548823 ], [ -74.19873248, -13.40797848 ], [ -74.19951004, -13.41054002 ], [ -74.19577148, -13.41807036 ], [ -74.19546098, -13.42262498 ], [ -74.19582223, -13.42475973 ], [ -74.19521004, -13.42729002 ], [ -74.19425004, -13.42869002 ], [ -74.19357004, -13.43049002 ], [ -74.19387498, -13.43258398 ], [ -74.19362111, -13.43380473 ], [ -74.19097004, -13.43643002 ], [ -74.18838004, -13.43717002 ], [ -74.18648436, -13.43809373 ], [ -74.18439048, -13.44039261 ], [ -74.18337323, -13.44072461 ], [ -74.18204098, -13.44363086 ], [ -74.17834004, -13.44721002 ], [ -74.17781004, -13.44806002 ], [ -74.17680004, -13.44876002 ], [ -74.17468004, -13.44938002 ], [ -74.17392386, -13.45110936 ], [ -74.17208598, -13.45374236 ], [ -74.16967186, -13.46019923 ], [ -74.16810548, -13.46158786 ], [ -74.16847073, -13.46270898 ], [ -74.16670511, -13.46603123 ], [ -74.16653018, -13.46773936 ], [ -74.16581004, -13.46865002 ], [ -74.16602004, -13.46997002 ], [ -74.16552004, -13.47056002 ], [ -74.16533986, -13.47318748 ], [ -74.16455004, -13.47510002 ], [ -74.16493004, -13.47674002 ], [ -74.16446004, -13.47809002 ], [ -74.16445123, -13.47917973 ], [ -74.16274811, -13.47983398 ], [ -74.16228323, -13.48053711 ], [ -74.16227004, -13.48245002 ], [ -74.16144004, -13.48411002 ], [ -74.16225986, -13.48572955 ], [ -74.16307004, -13.48591002 ], [ -74.16311004, -13.48633002 ], [ -74.16232004, -13.48764002 ], [ -74.16173004, -13.48955002 ], [ -74.15887004, -13.49283002 ], [ -74.15933004, -13.49421002 ], [ -74.15979004, -13.49466002 ], [ -74.15955004, -13.49589002 ], [ -74.16012886, -13.49701173 ], [ -74.15918936, -13.49864648 ], [ -74.15755236, -13.49904801 ], [ -74.15731636, -13.50127736 ], [ -74.15503123, -13.50222086 ], [ -74.15429873, -13.50286148 ], [ -74.15433004, -13.50410002 ], [ -74.15355661, -13.50468948 ], [ -74.15340004, -13.50551002 ], [ -74.15187311, -13.50720898 ], [ -74.15239848, -13.50857811 ], [ -74.15069998, -13.50980998 ], [ -74.15098998, -13.51093998 ], [ -74.15026998, -13.51117998 ], [ -74.14923998, -13.51215998 ], [ -74.14699998, -13.51235998 ], [ -74.14555998, -13.51371998 ], [ -74.14485998, -13.51366998 ], [ -74.14298998, -13.51256998 ], [ -74.14160998, -13.51371998 ], [ -74.14149998, -13.51445998 ], [ -74.13877998, -13.51329998 ], [ -74.13800998, -13.51492998 ], [ -74.13713998, -13.51576998 ], [ -74.13570998, -13.51503998 ], [ -74.13447998, -13.51658998 ], [ -74.13317998, -13.52002998 ], [ -74.13247998, -13.52080998 ], [ -74.13129998, -13.52134998 ], [ -74.13118998, -13.52257998 ], [ -74.13066998, -13.52378998 ], [ -74.13023998, -13.52411998 ], [ -74.12946998, -13.52412998 ], [ -74.12914998, -13.52490998 ], [ -74.12790998, -13.52520998 ], [ -74.12691998, -13.52661998 ], [ -74.12625998, -13.52618998 ], [ -74.12558998, -13.52705998 ], [ -74.12533998, -13.52742998 ], [ -74.12590998, -13.52878998 ], [ -74.12578998, -13.52923998 ], [ -74.12484998, -13.52991998 ], [ -74.12372998, -13.52989998 ], [ -74.12312998, -13.53120998 ], [ -74.12222998, -13.53104998 ], [ -74.12180998, -13.53060998 ], [ -74.12167998, -13.52958998 ], [ -74.12118998, -13.52948998 ], [ -74.12022998, -13.52996998 ], [ -74.11954998, -13.53127998 ], [ -74.11680998, -13.53223998 ], [ -74.11630998, -13.53229998 ], [ -74.11490998, -13.53161998 ], [ -74.11307998, -13.53302998 ], [ -74.11237998, -13.53207998 ], [ -74.11118998, -13.53228998 ], [ -74.11029998, -13.53315998 ], [ -74.11056998, -13.53453998 ], [ -74.11008998, -13.53508998 ], [ -74.10877998, -13.53376998 ], [ -74.10810998, -13.53355998 ], [ -74.10523998, -13.53416998 ], [ -74.10386998, -13.53549998 ], [ -74.10245998, -13.53497998 ], [ -74.10022998, -13.53615998 ], [ -74.09454998, -13.53631998 ], [ -74.09359998, -13.53529998 ], [ -74.09184998, -13.53576998 ], [ -74.09126998, -13.53465998 ], [ -74.09079998, -13.53450998 ], [ -74.08776998, -13.53537998 ], [ -74.08605998, -13.53478998 ], [ -74.08513998, -13.53605998 ], [ -74.08369998, -13.53480998 ], [ -74.08245998, -13.53423998 ], [ -74.08159998, -13.53309998 ], [ -74.07930998, -13.53361998 ], [ -74.07954998, -13.53260998 ], [ -74.07922998, -13.53234998 ], [ -74.07844998, -13.53267998 ], [ -74.07597998, -13.53526998 ], [ -74.07405998, -13.53672998 ], [ -74.07307998, -13.53847998 ], [ -74.07114998, -13.53718998 ], [ -74.06916998, -13.53709998 ], [ -74.06724998, -13.53570998 ], [ -74.06614998, -13.53434998 ], [ -74.06423998, -13.53480998 ], [ -74.06301998, -13.53557998 ], [ -74.06263998, -13.53516998 ], [ -74.06271998, -13.53405998 ], [ -74.06215998, -13.53352998 ], [ -74.06054998, -13.53380998 ], [ -74.06021998, -13.53534998 ], [ -74.05956998, -13.53594998 ], [ -74.05620998, -13.53554998 ], [ -74.05563014, -13.53573997 ], [ -74.05824248, -13.53990523 ], [ -74.05869261, -13.54180598 ], [ -74.05864261, -13.54255623 ], [ -74.05727348, -13.54434761 ], [ -74.05658011, -13.54582811 ], [ -74.05685348, -13.54847848 ], [ -74.05643648, -13.55001186 ], [ -74.05595298, -13.55498311 ], [ -74.05801886, -13.56224911 ], [ -74.05788986, -13.56470236 ], [ -74.05820136, -13.56537011 ], [ -74.06066423, -13.56759848 ], [ -74.06122998, -13.56932998 ], [ -74.06253998, -13.57087998 ], [ -74.06377998, -13.57489998 ], [ -74.06268998, -13.57737998 ], [ -74.06066998, -13.57918998 ], [ -74.05631998, -13.58528998 ], [ -74.05663286, -13.58601761 ], [ -74.05791011, -13.58722398 ], [ -74.05902986, -13.58983673 ], [ -74.05960673, -13.59190648 ], [ -74.05957273, -13.59339948 ], [ -74.05709573, -13.59597836 ], [ -74.05098123, -13.60011973 ], [ -74.04706211, -13.60191136 ], [ -74.04359086, -13.60303111 ], [ -74.04224723, -13.60403886 ], [ -74.03932223, -13.60483786 ], [ -74.03657611, -13.60951486 ], [ -74.03584461, -13.61356198 ], [ -74.03720998, -13.62463036 ], [ -74.03994048, -13.62784848 ], [ -74.03994048, -13.62857986 ], [ -74.03945286, -13.62935998 ], [ -74.03812998, -13.63032548 ], [ -74.03810448, -13.63076061 ], [ -74.03907686, -13.63168186 ], [ -74.04299236, -13.63285911 ], [ -74.04651373, -13.63591798 ], [ -74.04707423, -13.63729686 ], [ -74.04863673, -13.63953711 ], [ -74.04900598, -13.64049023 ], [ -74.04893161, -13.64135548 ], [ -74.05077661, -13.64254173 ], [ -74.05180398, -13.64400936 ], [ -74.05209836, -13.64609423 ], [ -74.05043998, -13.64913998 ], [ -74.05008998, -13.65153998 ], [ -74.05118998, -13.65771998 ], [ -74.05267998, -13.65890998 ], [ -74.05314998, -13.65973998 ], [ -74.05276998, -13.66225998 ], [ -74.05395998, -13.66601998 ], [ -74.05434998, -13.66891998 ], [ -74.05299998, -13.67111998 ], [ -74.05101998, -13.67218998 ], [ -74.05067998, -13.67345998 ], [ -74.04987998, -13.67458998 ], [ -74.05005998, -13.67692998 ], [ -74.04931998, -13.67795998 ], [ -74.04898998, -13.68011998 ], [ -74.04997998, -13.68251998 ], [ -74.05168598, -13.68179136 ], [ -74.05307411, -13.68236536 ], [ -74.05467586, -13.68452761 ], [ -74.05591723, -13.68486136 ], [ -74.05694498, -13.68475461 ], [ -74.05777248, -13.68435411 ], [ -74.06034861, -13.68200498 ], [ -74.06118973, -13.68168461 ], [ -74.06527386, -13.68203161 ], [ -74.06639523, -13.68185811 ], [ -74.06977536, -13.68069536 ], [ -74.07043948, -13.67953561 ], [ -74.07119336, -13.67895311 ], [ -74.07663286, -13.67868136 ], [ -74.07886198, -13.67642561 ], [ -74.08345361, -13.67415648 ], [ -74.08791173, -13.67290173 ], [ -74.09323486, -13.67292973 ], [ -74.09619898, -13.67126248 ], [ -74.09873636, -13.67091211 ], [ -74.09946398, -13.67052136 ], [ -74.10001986, -13.66961836 ], [ -74.10041348, -13.66644586 ], [ -74.09976511, -13.66507961 ], [ -74.09800511, -13.66378286 ], [ -74.09768098, -13.66248598 ], [ -74.09798198, -13.66137448 ], [ -74.09902423, -13.66017036 ], [ -74.10245123, -13.65915148 ], [ -74.10377123, -13.65845673 ], [ -74.10769723, -13.65495198 ], [ -74.11094661, -13.65311773 ], [ -74.11241411, -13.65103886 ], [ -74.11232673, -13.64909973 ], [ -74.11279836, -13.64847073 ], [ -74.11409111, -13.64836586 ], [ -74.11622248, -13.64946648 ], [ -74.11851098, -13.64944911 ], [ -74.11908748, -13.64892498 ], [ -74.12008323, -13.64668886 ], [ -74.12086048, -13.64578773 ], [ -74.12241673, -13.64439911 ], [ -74.12444573, -13.64187073 ], [ -74.12763423, -13.63902036 ], [ -74.12856836, -13.63844061 ], [ -74.13356048, -13.63731336 ], [ -74.13673711, -13.63508486 ], [ -74.13893698, -13.63299373 ], [ -74.14238611, -13.63350986 ], [ -74.14739811, -13.63351948 ], [ -74.14807711, -13.63375286 ], [ -74.15123848, -13.63789023 ], [ -74.15369973, -13.63982111 ], [ -74.15442123, -13.63975748 ], [ -74.15947098, -13.63704161 ], [ -74.16176248, -13.63750836 ], [ -74.16242023, -13.63738111 ], [ -74.16426611, -13.63602311 ], [ -74.16647273, -13.63576848 ], [ -74.16791561, -13.63600186 ], [ -74.17283811, -13.63895111 ], [ -74.17377161, -13.63907848 ], [ -74.17532048, -13.63835711 ], [ -74.17591461, -13.63837823 ], [ -74.17788786, -13.63907848 ], [ -74.18043398, -13.63920573 ], [ -74.18225873, -13.63990598 ], [ -74.18393911, -13.63933223 ], [ -74.18668611, -13.63911261 ], [ -74.18871098, -13.63840611 ], [ -74.19075148, -13.63853173 ], [ -74.19181886, -13.63702498 ], [ -74.19233686, -13.63682073 ], [ -74.19362411, -13.63702498 ], [ -74.19530361, -13.63840611 ], [ -74.19640236, -13.63857886 ], [ -74.19914923, -13.63587898 ], [ -74.20260248, -13.63507848 ], [ -74.20600398, -13.63259786 ], [ -74.20766723, -13.63315948 ], [ -74.21252748, -13.63112898 ], [ -74.22028211, -13.62944423 ], [ -74.22326311, -13.62834248 ], [ -74.22617923, -13.62918486 ], [ -74.22907373, -13.62886086 ], [ -74.23157936, -13.62927111 ], [ -74.23240023, -13.62950886 ], [ -74.23479798, -13.63145298 ], [ -74.23639648, -13.63160423 ], [ -74.23827573, -13.63104261 ], [ -74.24367586, -13.62845048 ], [ -74.24646236, -13.62864486 ], [ -74.24723998, -13.62909848 ], [ -74.24810411, -13.63039448 ], [ -74.24901136, -13.63093461 ], [ -74.25063136, -13.63011373 ], [ -74.25517761, -13.62945961 ], [ -74.25602136, -13.62983673 ], [ -74.25835361, -13.63202673 ], [ -74.25973298, -13.63268086 ], [ -74.26260561, -13.63276611 ], [ -74.26620348, -13.63201248 ], [ -74.27005723, -13.63199823 ], [ -74.27520523, -13.63450111 ], [ -74.27628598, -13.63470023 ], [ -74.27729561, -13.63444423 ], [ -74.27856798, -13.63353773 ], [ -74.28020198, -13.63326911 ], [ -74.28734223, -13.63349298 ], [ -74.28908823, -13.63391823 ], [ -74.29493023, -13.63358248 ], [ -74.29754911, -13.63270961 ], [ -74.30019036, -13.63313486 ], [ -74.30132848, -13.63271911 ], [ -74.30400198, -13.62998711 ], [ -74.30528761, -13.62966573 ], [ -74.30701161, -13.62976798 ], [ -74.30775661, -13.62944661 ], [ -74.30883773, -13.62874536 ], [ -74.31173061, -13.62573573 ], [ -74.31367348, -13.62471311 ], [ -74.31629148, -13.62459086 ], [ -74.31951861, -13.62657323 ], [ -74.32219236, -13.62530548 ], [ -74.32449748, -13.62486748 ], [ -74.32666423, -13.62272373 ], [ -74.32903836, -13.62198623 ], [ -74.33079023, -13.62014211 ], [ -74.33155086, -13.61843636 ], [ -74.33217323, -13.61788323 ], [ -74.33567698, -13.61624648 ], [ -74.33867336, -13.61693811 ], [ -74.33989523, -13.61596998 ], [ -74.34214873, -13.61542786 ], [ -74.34592136, -13.61373448 ], [ -74.34823623, -13.61326286 ], [ -74.35389523, -13.61073361 ], [ -74.35549073, -13.60816161 ], [ -74.35763973, -13.60822948 ], [ -74.35904998, -13.60687998 ], [ -74.36042998, -13.60612998 ], [ -74.36356998, -13.60531998 ], [ -74.36500998, -13.60534998 ], [ -74.36664998, -13.60438998 ], [ -74.36838998, -13.60279998 ], [ -74.36994998, -13.60226998 ], [ -74.37420998, -13.60149998 ], [ -74.37669998, -13.60042998 ], [ -74.37953998, -13.59984998 ], [ -74.38275998, -13.59842998 ], [ -74.38552998, -13.59760998 ], [ -74.39215998, -13.59674998 ], [ -74.39547998, -13.59436998 ], [ -74.39798998, -13.59333998 ], [ -74.40070998, -13.59269998 ], [ -74.40355998, -13.59353998 ], [ -74.40718998, -13.59324998 ], [ -74.41027998, -13.59356998 ], [ -74.41426998, -13.59465998 ], [ -74.41601998, -13.59595998 ], [ -74.41984998, -13.59551998 ], [ -74.42134998, -13.59442998 ], [ -74.42402998, -13.59434998 ], [ -74.42821998, -13.59253998 ], [ -74.43224998, -13.59023998 ], [ -74.43497998, -13.58783998 ], [ -74.43837998, -13.58819998 ], [ -74.44178998, -13.58689998 ], [ -74.44265998, -13.58600998 ], [ -74.44374998, -13.58552998 ], [ -74.45197998, -13.58737998 ], [ -74.45639998, -13.58662998 ], [ -74.45943998, -13.58813998 ], [ -74.46342998, -13.58875998 ], [ -74.47006998, -13.59320998 ], [ -74.47259998, -13.59208998 ], [ -74.47552998, -13.59318998 ], [ -74.47907998, -13.59239998 ], [ -74.48231848, -13.59407761 ], [ -74.48401448, -13.59447073 ], [ -74.48785086, -13.59714911 ], [ -74.48980548, -13.59699398 ], [ -74.49124298, -13.59801773 ], [ -74.49429361, -13.59753173 ], [ -74.50057061, -13.59772823 ], [ -74.50167711, -13.59819348 ], [ -74.50240098, -13.59971373 ], [ -74.50296986, -13.60021011 ], [ -74.50371436, -13.60027211 ], [ -74.50583998, -13.59911998 ], [ -74.50697998, -13.59892998 ], [ -74.51060998, -13.60150998 ], [ -74.51428998, -13.60228998 ], [ -74.51618998, -13.60214998 ], [ -74.51786998, -13.60328998 ], [ -74.51859998, -13.60518998 ], [ -74.51953998, -13.60628998 ], [ -74.51815998, -13.60887998 ], [ -74.51729998, -13.60975998 ], [ -74.51586998, -13.60997998 ], [ -74.51474998, -13.61054998 ], [ -74.51397998, -13.61049998 ], [ -74.51379998, -13.61204998 ], [ -74.51423998, -13.61349998 ], [ -74.51509998, -13.61416998 ], [ -74.51811998, -13.61453998 ], [ -74.52016998, -13.61546998 ], [ -74.52164998, -13.61535998 ], [ -74.52303998, -13.61443998 ], [ -74.52383998, -13.61241998 ], [ -74.52430998, -13.61195998 ], [ -74.52839998, -13.61085998 ], [ -74.53021998, -13.60896998 ], [ -74.53104998, -13.60873998 ], [ -74.53281998, -13.60896998 ], [ -74.53396998, -13.60850998 ], [ -74.53456998, -13.60787998 ], [ -74.53486998, -13.60510998 ], [ -74.53542998, -13.60417998 ], [ -74.53796998, -13.60333998 ], [ -74.54162998, -13.60141998 ], [ -74.54381998, -13.59928998 ], [ -74.54570998, -13.59923998 ], [ -74.54819998, -13.59825998 ], [ -74.55103998, -13.59770998 ], [ -74.55315998, -13.59621998 ], [ -74.55657998, -13.59644998 ], [ -74.55670998, -13.59327998 ], [ -74.55776998, -13.59220998 ], [ -74.56083998, -13.59085998 ], [ -74.56225998, -13.58984998 ], [ -74.56456998, -13.58941998 ], [ -74.56875998, -13.58708998 ], [ -74.57047998, -13.58521998 ], [ -74.57540998, -13.58542998 ], [ -74.57667998, -13.58516998 ], [ -74.58205998, -13.58214998 ], [ -74.58532998, -13.58231998 ], [ -74.58707998, -13.58139998 ], [ -74.59037998, -13.58033998 ], [ -74.59262998, -13.57863998 ], [ -74.59687998, -13.57789998 ], [ -74.59912998, -13.57795998 ], [ -74.60497998, -13.57527998 ], [ -74.60843998, -13.57263998 ], [ -74.61094998, -13.57147998 ], [ -74.61161998, -13.57028998 ], [ -74.61324998, -13.56885998 ], [ -74.61576998, -13.56489998 ], [ -74.61918998, -13.56441998 ], [ -74.62199998, -13.56204998 ], [ -74.62375998, -13.55958998 ], [ -74.62574998, -13.55838998 ], [ -74.62716998, -13.55674998 ], [ -74.63009998, -13.55579998 ], [ -74.63239998, -13.55695998 ], [ -74.63541998, -13.55711998 ], [ -74.63676998, -13.55685998 ], [ -74.63936998, -13.55543998 ], [ -74.64012998, -13.55540998 ], [ -74.64077998, -13.55569998 ], [ -74.64160998, -13.55676998 ], [ -74.64484998, -13.55789998 ], [ -74.64862998, -13.55969998 ], [ -74.64977998, -13.55960998 ], [ -74.65261998, -13.55802998 ], [ -74.65397998, -13.55686998 ], [ -74.65515998, -13.55663998 ], [ -74.65706998, -13.55840998 ], [ -74.65682998, -13.56163998 ], [ -74.65759998, -13.56357998 ], [ -74.65832998, -13.56400998 ], [ -74.65924998, -13.56377998 ], [ -74.66299003, -13.56037997 ], [ -74.66497998, -13.56034998 ], [ -74.66574998, -13.56112998 ], [ -74.66759998, -13.56430998 ], [ -74.67054998, -13.56721998 ], [ -74.67245998, -13.57014998 ], [ -74.67532998, -13.57231998 ], [ -74.67681998, -13.57463998 ], [ -74.67800998, -13.57454998 ], [ -74.68225998, -13.57298998 ], [ -74.68379998, -13.57325998 ], [ -74.68455998, -13.57426998 ], [ -74.68425998, -13.57709998 ], [ -74.68452998, -13.57778998 ], [ -74.68856998, -13.58059998 ], [ -74.68998998, -13.58082998 ], [ -74.69210998, -13.58051998 ], [ -74.69287998, -13.58140998 ], [ -74.69529998, -13.58268998 ], [ -74.69706998, -13.58245998 ], [ -74.69848998, -13.58271998 ], [ -74.70031998, -13.58184998 ], [ -74.70164998, -13.58161998 ], [ -74.70389998, -13.58274998 ], [ -74.70475998, -13.58355998 ], [ -74.70771998, -13.58333998 ], [ -74.70948998, -13.58515998 ], [ -74.71087998, -13.58495998 ], [ -74.71247998, -13.58353998 ], [ -74.71439998, -13.58339998 ], [ -74.71578998, -13.58178998 ], [ -74.72015998, -13.58100998 ], [ -74.72534998, -13.58231998 ], [ -74.72746998, -13.58390998 ], [ -74.72888998, -13.58387998 ], [ -74.73287998, -13.58260998 ], [ -74.73420998, -13.58364998 ], [ -74.73529998, -13.58393998 ], [ -74.73697998, -13.58327998 ], [ -74.73774998, -13.58119998 ], [ -74.73907998, -13.58027998 ], [ -74.73981998, -13.58016998 ], [ -74.74052998, -13.58068998 ], [ -74.74138998, -13.58216998 ], [ -74.74417998, -13.58368998 ], [ -74.74459998, -13.58484998 ], [ -74.74494998, -13.58498998 ], [ -74.74553998, -13.58490998 ], [ -74.74736998, -13.58296998 ], [ -74.74940998, -13.58314998 ], [ -74.75011998, -13.58418998 ], [ -74.75022998, -13.58640998 ], [ -74.75108998, -13.58854998 ], [ -74.75226998, -13.58938998 ], [ -74.75314998, -13.58944998 ], [ -74.75409998, -13.58915998 ], [ -74.75539998, -13.58765998 ], [ -74.75604998, -13.58756998 ], [ -74.75677998, -13.58861998 ], [ -74.75728998, -13.58849998 ], [ -74.75766998, -13.58811998 ], [ -74.75808998, -13.58644998 ], [ -74.75914998, -13.58558998 ], [ -74.76138998, -13.58517998 ], [ -74.76419998, -13.58376998 ], [ -74.76605998, -13.58339998 ], [ -74.76590998, -13.58108998 ], [ -74.76664998, -13.58018998 ], [ -74.76750998, -13.57978998 ], [ -74.76844998, -13.57949998 ], [ -74.77051998, -13.57981998 ], [ -74.77175998, -13.57932998 ], [ -74.77317998, -13.57941998 ], [ -74.77884998, -13.57785998 ], [ -74.78096998, -13.57855998 ], [ -74.78231998, -13.57855998 ], [ -74.78619998, -13.57381998 ], [ -74.78607998, -13.57243998 ], [ -74.78909998, -13.56830998 ], [ -74.79116998, -13.56478998 ], [ -74.79166998, -13.56276998 ], [ -74.79119998, -13.55993998 ], [ -74.79174998, -13.55774998 ], [ -74.79329998, -13.55650998 ], [ -74.79530998, -13.55231998 ], [ -74.79725998, -13.55023998 ], [ -74.79870998, -13.54925998 ], [ -74.79956998, -13.54746998 ], [ -74.80230998, -13.54593998 ], [ -74.80425998, -13.54550998 ], [ -74.80523998, -13.54427998 ], [ -74.80856998, -13.54205998 ], [ -74.81167998, -13.53803998 ], [ -74.81431998, -13.53588998 ], [ -74.81582998, -13.53536998 ], [ -74.82026998, -13.53697998 ], [ -74.82155998, -13.53700998 ], [ -74.82300998, -13.53613998 ], [ -74.82392998, -13.53602998 ], [ -74.82522998, -13.53512998 ], [ -74.82894998, -13.53463998 ], [ -74.83185998, -13.53218998 ], [ -74.83165998, -13.53028998 ], [ -74.83270998, -13.52717998 ], [ -74.83685998, -13.52505998 ], [ -74.83842998, -13.52242998 ], [ -74.84006998, -13.52103998 ], [ -74.84037998, -13.51954998 ], [ -74.83963998, -13.51798998 ], [ -74.83960998, -13.51726998 ], [ -74.83886998, -13.51653998 ], [ -74.83928998, -13.51503998 ], [ -74.83897998, -13.51328998 ], [ -74.83917998, -13.51271998 ], [ -74.84007998, -13.51161998 ], [ -74.84145998, -13.51097998 ], [ -74.84521998, -13.50833998 ], [ -74.84737998, -13.50349998 ], [ -74.84757998, -13.49930998 ], [ -74.84888998, -13.49825998 ], [ -74.85261998, -13.49699998 ], [ -74.85459998, -13.49510998 ], [ -74.85531998, -13.49381998 ], [ -74.85513998, -13.49190998 ], [ -74.85549998, -13.49001998 ], [ -74.85638998, -13.48806998 ], [ -74.86053998, -13.48388998 ], [ -74.86217998, -13.48178998 ], [ -74.86816998, -13.47923998 ], [ -74.87111998, -13.47693998 ], [ -74.87184998, -13.47562998 ], [ -74.87312998, -13.47555998 ], [ -74.87578998, -13.47445998 ], [ -74.87963998, -13.47445998 ], [ -74.88327998, -13.47509998 ], [ -74.88500998, -13.47433998 ], [ -74.88657998, -13.47234998 ], [ -74.88858998, -13.47174998 ], [ -74.88857998, -13.47066998 ], [ -74.88925998, -13.46995998 ], [ -74.89403998, -13.46986998 ], [ -74.89593998, -13.46916998 ], [ -74.89795998, -13.46900998 ], [ -74.90107998, -13.46762998 ], [ -74.90209998, -13.46643998 ], [ -74.90309998, -13.46254998 ], [ -74.90270998, -13.46080998 ], [ -74.90300998, -13.45869998 ], [ -74.90243998, -13.45681998 ], [ -74.90051998, -13.45502998 ], [ -74.89976998, -13.45228998 ], [ -74.89979998, -13.45074998 ], [ -74.90066998, -13.44920998 ], [ -74.90125998, -13.44686998 ], [ -74.90130998, -13.44528998 ], [ -74.90185998, -13.44382998 ], [ -74.90151998, -13.44118998 ], [ -74.90165998, -13.43992998 ], [ -74.90254998, -13.43874998 ], [ -74.90377998, -13.43801998 ], [ -74.90452998, -13.43677998 ], [ -74.90399998, -13.43328998 ], [ -74.90401998, -13.43046998 ], [ -74.90304998, -13.42866998 ], [ -74.89743998, -13.42383998 ], [ -74.89564998, -13.42087998 ], [ -74.89531998, -13.41727998 ], [ -74.89418998, -13.41602998 ], [ -74.89302998, -13.41537998 ], [ -74.89265998, -13.41445998 ], [ -74.89296998, -13.41245998 ], [ -74.89278998, -13.41138998 ], [ -74.89343998, -13.41025998 ], [ -74.89349998, -13.40817998 ], [ -74.89474998, -13.40553998 ], [ -74.89461998, -13.40248998 ], [ -74.89587998, -13.40011998 ], [ -74.89610998, -13.39809998 ], [ -74.89771998, -13.39530998 ], [ -74.89701998, -13.39385998 ], [ -74.89593998, -13.39317998 ], [ -74.89535998, -13.39202998 ], [ -74.89481998, -13.39170998 ], [ -74.89221998, -13.38754998 ], [ -74.89010998, -13.38562998 ], [ -74.88769998, -13.38001998 ], [ -74.88628998, -13.37940998 ], [ -74.88415998, -13.37784998 ], [ -74.88178998, -13.37734998 ], [ -74.88020998, -13.37503998 ], [ -74.87879998, -13.37486998 ], [ -74.87814998, -13.37236998 ], [ -74.87617998, -13.37048998 ], [ -74.87588998, -13.36856998 ], [ -74.87244998, -13.36505998 ], [ -74.87057998, -13.36141998 ], [ -74.86992998, -13.36073998 ], [ -74.86874998, -13.35989998 ], [ -74.86709998, -13.35996998 ], [ -74.86490998, -13.35937998 ], [ -74.86195998, -13.35921998 ], [ -74.86109998, -13.35843998 ], [ -74.86078998, -13.35751998 ], [ -74.85778998, -13.35520998 ], [ -74.85621998, -13.35488998 ], [ -74.85409998, -13.35541998 ], [ -74.85205998, -13.35382998 ], [ -74.84975998, -13.35383998 ], [ -74.84854998, -13.35335998 ], [ -74.84670998, -13.35327998 ], [ -74.84606998, -13.35388998 ], [ -74.84401998, -13.35380998 ], [ -74.84148998, -13.35495998 ], [ -74.83733998, -13.35491998 ], [ -74.83328998, -13.35643998 ], [ -74.83095998, -13.35609998 ], [ -74.82807998, -13.35666998 ], [ -74.82308998, -13.35625998 ], [ -74.82192998, -13.35653998 ], [ -74.81892998, -13.35581998 ], [ -74.81808998, -13.35533998 ], [ -74.81379998, -13.35717998 ], [ -74.81210998, -13.35753998 ], [ -74.81061998, -13.35724998 ], [ -74.80887998, -13.35741998 ], [ -74.80701998, -13.35614998 ], [ -74.80424998, -13.35565998 ], [ -74.80299998, -13.35449998 ], [ -74.80023998, -13.35331998 ], [ -74.79871998, -13.35231998 ], [ -74.79733998, -13.35192998 ], [ -74.79582998, -13.35211998 ], [ -74.79363998, -13.35166998 ], [ -74.79060998, -13.34986998 ], [ -74.78809998, -13.34910998 ], [ -74.78665998, -13.34815998 ], [ -74.77880586, -13.34833598 ], [ -74.77700973, -13.34806598 ], [ -74.77272248, -13.34661136 ], [ -74.77008786, -13.34632811 ], [ -74.76660148, -13.34341411 ], [ -74.76528123, -13.34277936 ], [ -74.76386323, -13.34139261 ], [ -74.76435248, -13.33656723 ], [ -74.76494536, -13.33466011 ], [ -74.76429261, -13.33279511 ], [ -74.76419923, -13.33013861 ], [ -74.76232223, -13.32694336 ], [ -74.75962223, -13.32507111 ], [ -74.75752648, -13.32507111 ], [ -74.75225748, -13.32824461 ], [ -74.74902498, -13.33406086 ], [ -74.74519223, -13.33812411 ], [ -74.73932623, -13.33923636 ], [ -74.73800711, -13.34231536 ], [ -74.73674973, -13.34435111 ] ] ] ] } },
{ "type": "Feature", "properties": { "id": "provincial.3", "departamen": "AYACUCHO", "provincia": "HUANCA SANCOS", "id_prov": 3 }, "geometry": { "type": "MultiPolygon", "coordinates": [ [ [ [ -74.60997998, -13.69533998 ], [ -74.60451998, -13.69534998 ], [ -74.60086998, -13.69646998 ], [ -74.59798998, -13.69642998 ], [ -74.59647998, -13.69711998 ], [ -74.59384998, -13.69762998 ], [ -74.59167998, -13.69678998 ], [ -74.58923261, -13.69851698 ], [ -74.58734798, -13.70063011 ], [ -74.58666273, -13.70177223 ], [ -74.58653998, -13.70305998 ], [ -74.58601998, -13.70402998 ], [ -74.58345998, -13.70666998 ], [ -74.57620998, -13.71174998 ], [ -74.57191998, -13.71550998 ], [ -74.56938998, -13.71637998 ], [ -74.56645998, -13.71827998 ], [ -74.56230998, -13.71859998 ], [ -74.55920998, -13.71920998 ], [ -74.54736998, -13.71822998 ], [ -74.54279998, -13.71472998 ], [ -74.54072998, -13.71398998 ], [ -74.53893998, -13.71279998 ], [ -74.53664998, -13.71094998 ], [ -74.53524998, -13.70907998 ], [ -74.53483998, -13.70912998 ], [ -74.53420998, -13.70995998 ], [ -74.53334998, -13.71020998 ], [ -74.53064998, -13.70955998 ], [ -74.52977998, -13.71019998 ], [ -74.52607998, -13.71533998 ], [ -74.52483998, -13.72051998 ], [ -74.52424998, -13.72168998 ], [ -74.52351998, -13.72540998 ], [ -74.52334998, -13.72770998 ], [ -74.52396998, -13.72973998 ], [ -74.52405998, -13.73224998 ], [ -74.52362998, -13.73294998 ], [ -74.52163998, -13.73403998 ], [ -74.52134998, -13.73502998 ], [ -74.52068998, -13.73585998 ], [ -74.51662998, -13.73745998 ], [ -74.51431998, -13.73756998 ], [ -74.51302998, -13.73845998 ], [ -74.51156998, -13.73759998 ], [ -74.50904998, -13.73805998 ], [ -74.50648998, -13.73772998 ], [ -74.50546998, -13.73844998 ], [ -74.50431998, -13.73870998 ], [ -74.50300998, -13.74069998 ], [ -74.50150998, -13.74083998 ], [ -74.49999998, -13.74174998 ], [ -74.49806998, -13.74110998 ], [ -74.49712998, -13.74119998 ], [ -74.49415998, -13.74421998 ], [ -74.49258998, -13.74702998 ], [ -74.49201998, -13.75261998 ], [ -74.49226998, -13.75332998 ], [ -74.49320998, -13.75379998 ], [ -74.49315998, -13.75470998 ], [ -74.49260998, -13.75559998 ], [ -74.49261998, -13.75725998 ], [ -74.49119998, -13.75879998 ], [ -74.49047998, -13.75915998 ], [ -74.48904998, -13.75915998 ], [ -74.48530998, -13.76059998 ], [ -74.48292998, -13.76037998 ], [ -74.48103998, -13.76080998 ], [ -74.47893998, -13.76076998 ], [ -74.47731998, -13.76244998 ], [ -74.47549998, -13.76335998 ], [ -74.47506998, -13.76430998 ], [ -74.47362998, -13.76547998 ], [ -74.47174998, -13.76607998 ], [ -74.47101998, -13.76681998 ], [ -74.47101998, -13.76814998 ], [ -74.46993998, -13.76877998 ], [ -74.47020998, -13.76978998 ], [ -74.46984998, -13.77028998 ], [ -74.46693998, -13.77190998 ], [ -74.46603998, -13.77275998 ], [ -74.46406998, -13.77317998 ], [ -74.46203998, -13.77414998 ], [ -74.46005998, -13.77378998 ], [ -74.45601998, -13.77523998 ], [ -74.45422998, -13.77545998 ], [ -74.45333998, -13.77762998 ], [ -74.45282998, -13.77804998 ], [ -74.44949998, -13.77924998 ], [ -74.44757998, -13.78115998 ], [ -74.44683998, -13.78152998 ], [ -74.44605998, -13.78322998 ], [ -74.44374998, -13.78512998 ], [ -74.44194998, -13.78723998 ], [ -74.44080998, -13.78971998 ], [ -74.43847998, -13.79098998 ], [ -74.43740998, -13.79236998 ], [ -74.43526998, -13.79292998 ], [ -74.43401998, -13.79467998 ], [ -74.43107998, -13.79447998 ], [ -74.42777998, -13.79561998 ], [ -74.42586998, -13.79755998 ], [ -74.42553998, -13.79640998 ], [ -74.42345998, -13.79362998 ], [ -74.42265998, -13.79310998 ], [ -74.41948998, -13.79211998 ], [ -74.41787998, -13.79106998 ], [ -74.41726998, -13.78958998 ], [ -74.41763998, -13.78817998 ], [ -74.41613036, -13.78685273 ], [ -74.41464086, -13.78710973 ], [ -74.41330673, -13.78683823 ], [ -74.40884348, -13.78440373 ], [ -74.40090223, -13.78191111 ], [ -74.39609098, -13.78150536 ], [ -74.39243923, -13.78040398 ], [ -74.37446986, -13.76788348 ], [ -74.37354236, -13.76683998 ], [ -74.36855736, -13.76382586 ], [ -74.36248736, -13.75940423 ], [ -74.36343711, -13.75869186 ], [ -74.36507536, -13.75831198 ], [ -74.36570373, -13.75764761 ], [ -74.36631686, -13.75563473 ], [ -74.36592748, -13.75160386 ], [ -74.36903373, -13.74653586 ], [ -74.36985111, -13.74555498 ], [ -74.37151861, -13.74454136 ], [ -74.37158411, -13.74025811 ], [ -74.37233611, -13.73836173 ], [ -74.37128736, -13.73691486 ], [ -74.36959811, -13.73633873 ], [ -74.36760711, -13.73592011 ], [ -74.36452361, -13.73651698 ], [ -74.35727648, -13.74155448 ], [ -74.35280311, -13.74419561 ], [ -74.35030461, -13.74502848 ], [ -74.34956698, -13.74590898 ], [ -74.34925761, -13.74833586 ], [ -74.34851998, -13.75026323 ], [ -74.34639273, -13.75296998 ], [ -74.34042473, -13.75831448 ], [ -74.33572598, -13.76105361 ], [ -74.33416711, -13.76165486 ], [ -74.33138361, -13.76370361 ], [ -74.32268, -13.76283761 ], [ -74.32333998, -13.75949998 ], [ -74.32322998, -13.75815998 ], [ -74.32253998, -13.75660998 ], [ -74.32292998, -13.75399998 ], [ -74.32373998, -13.75292998 ], [ -74.32504998, -13.75230998 ], [ -74.32510998, -13.75164998 ], [ -74.32028998, -13.74753998 ], [ -74.31939998, -13.74730998 ], [ -74.31844998, -13.74657998 ], [ -74.31811998, -13.74461998 ], [ -74.31902286, -13.74095848 ], [ -74.31899573, -13.73959211 ], [ -74.31555961, -13.73363973 ], [ -74.31388823, -13.74033536 ], [ -74.30950011, -13.74682223 ], [ -74.30721061, -13.74831036 ], [ -74.30667636, -13.75212611 ], [ -74.30556986, -13.75281298 ], [ -74.30225011, -13.75311823 ], [ -74.29992248, -13.75437748 ], [ -74.29805273, -13.75601823 ], [ -74.28626198, -13.75727748 ], [ -74.28244611, -13.75865111 ], [ -74.27809611, -13.75834586 ], [ -74.27321198, -13.75613273 ], [ -74.26462636, -13.76078798 ], [ -74.26306198, -13.76132223 ], [ -74.26042898, -13.76132223 ], [ -74.25405661, -13.75899461 ], [ -74.25113173, -13.76275011 ], [ -74.24953436, -13.76577061 ], [ -74.24860498, -13.76879111 ], [ -74.24753036, -13.77070798 ], [ -74.24570086, -13.77285711 ], [ -74.24375523, -13.77748248 ], [ -74.24212836, -13.77930473 ], [ -74.24090673, -13.78344586 ], [ -74.24011811, -13.78458486 ], [ -74.23906673, -13.78532948 ], [ -74.23687211, -13.78555298 ], [ -74.23592586, -13.78611361 ], [ -74.23305211, -13.78695473 ], [ -74.23147511, -13.78783086 ], [ -74.22947761, -13.78972323 ], [ -74.22835611, -13.79196623 ], [ -74.22576273, -13.79981623 ], [ -74.22793561, -13.80346098 ], [ -74.22786548, -13.80493286 ], [ -74.22737486, -13.80615948 ], [ -74.22425586, -13.80636973 ], [ -74.21640573, -13.80451236 ], [ -74.21402273, -13.80440723 ], [ -74.21304148, -13.80482773 ], [ -74.21258573, -13.80545848 ], [ -74.21135923, -13.80899811 ], [ -74.20834536, -13.81134611 ], [ -74.20561186, -13.81267786 ], [ -74.20270311, -13.81302823 ], [ -74.19972436, -13.81267786 ], [ -74.19642686, -13.81143748 ], [ -74.19346261, -13.81204373 ], [ -74.18901623, -13.81386273 ], [ -74.18799961, -13.81529548 ], [ -74.18592123, -13.81976811 ], [ -74.18375286, -13.82162036 ], [ -74.17729248, -13.82532498 ], [ -74.17566598, -13.82785486 ], [ -74.17516911, -13.83047523 ], [ -74.17024486, -13.83241786 ], [ -74.16563661, -13.83490261 ], [ -74.16134798, -13.83879761 ], [ -74.15976473, -13.84137036 ], [ -74.15926986, -13.84414111 ], [ -74.15915623, -13.84819723 ], [ -74.15995661, -13.85440286 ], [ -74.15906998, -13.86200261 ], [ -74.15919661, -13.86383911 ], [ -74.15836061, -13.86797948 ], [ -74.15635998, -13.87039998 ], [ -74.15517998, -13.87286998 ], [ -74.15420998, -13.87352998 ], [ -74.15368998, -13.87445998 ], [ -74.15157998, -13.87512998 ], [ -74.14958998, -13.87638998 ], [ -74.14764998, -13.87669998 ], [ -74.14598998, -13.87640998 ], [ -74.14350998, -13.87772998 ], [ -74.14176998, -13.88084998 ], [ -74.14298998, -13.88266998 ], [ -74.14245998, -13.88545998 ], [ -74.14121998, -13.88571998 ], [ -74.14086998, -13.88710998 ], [ -74.13849998, -13.88867998 ], [ -74.13751998, -13.88911998 ], [ -74.13663998, -13.88901998 ], [ -74.13496998, -13.89007998 ], [ -74.13370998, -13.89016998 ], [ -74.13284998, -13.88944998 ], [ -74.13209998, -13.88943998 ], [ -74.12944998, -13.89197998 ], [ -74.12839998, -13.89253998 ], [ -74.12642998, -13.89259998 ], [ -74.12432998, -13.89332998 ], [ -74.12313998, -13.89338998 ], [ -74.12253998, -13.89324998 ], [ -74.12159998, -13.89225998 ], [ -74.12057998, -13.89217998 ], [ -74.11909998, -13.89307998 ], [ -74.11734998, -13.89358998 ], [ -74.11657998, -13.89457998 ], [ -74.11431998, -13.89582998 ], [ -74.11397998, -13.89681998 ], [ -74.11287998, -13.89750998 ], [ -74.11213998, -13.89844998 ], [ -74.11198998, -13.89988998 ], [ -74.11131998, -13.90138998 ], [ -74.11231998, -13.90270998 ], [ -74.11149998, -13.90604998 ], [ -74.11044998, -13.90791998 ], [ -74.10794998, -13.91115998 ], [ -74.10659998, -13.91410998 ], [ -74.10714998, -13.91559998 ], [ -74.10728998, -13.92099998 ], [ -74.10940998, -13.92715998 ], [ -74.10665998, -13.93251998 ], [ -74.10506998, -13.93468998 ], [ -74.10526998, -13.93597998 ], [ -74.10416998, -13.93760998 ], [ -74.10309448, -13.94570386 ], [ -74.10097861, -13.95254011 ], [ -74.10103286, -13.95498161 ], [ -74.10135836, -13.95709761 ], [ -74.10331148, -13.96105823 ], [ -74.11497648, -13.97934236 ], [ -74.11644136, -13.98514773 ], [ -74.11893711, -13.98932536 ], [ -74.10885736, -13.99003586 ], [ -74.10241998, -13.99132998 ], [ -74.10166998, -13.99290998 ], [ -74.10198998, -13.99388998 ], [ -74.10138998, -13.99530998 ], [ -74.10202998, -13.99631998 ], [ -74.10096998, -13.99815998 ], [ -74.10079998, -13.99999998 ], [ -74.09994998, -14.00184998 ], [ -74.09935998, -14.00242998 ], [ -74.09918186, -14.00628273 ], [ -74.09929336, -14.00873661 ], [ -74.10297411, -14.01721336 ], [ -74.10703611, -14.02268273 ], [ -74.10994873, -14.02485286 ], [ -74.11480286, -14.02765111 ], [ -74.11604298, -14.02887298 ], [ -74.17442986, -14.10471086 ], [ -74.18909686, -14.10343223 ], [ -74.20383911, -14.12208561 ], [ -74.20797598, -14.12689936 ], [ -74.23947461, -14.13200786 ], [ -74.25411523, -14.13212311 ], [ -74.25969836, -14.13464273 ], [ -74.26137998, -14.13487998 ], [ -74.26188998, -14.13425998 ], [ -74.26341998, -14.13397998 ], [ -74.26404998, -14.13340998 ], [ -74.26621998, -14.13342998 ], [ -74.26766998, -14.13299998 ], [ -74.27050998, -14.13129998 ], [ -74.27229998, -14.13233998 ], [ -74.27750998, -14.13391998 ], [ -74.27873998, -14.13355998 ], [ -74.27928998, -14.13305998 ], [ -74.28044998, -14.13305998 ], [ -74.28159998, -14.13263998 ], [ -74.28412998, -14.13296998 ], [ -74.28551998, -14.13168998 ], [ -74.28716998, -14.13071998 ], [ -74.28880998, -14.13205998 ], [ -74.29139998, -14.13248998 ], [ -74.29288998, -14.13050998 ], [ -74.29462998, -14.13029998 ], [ -74.29548998, -14.12933998 ], [ -74.29878998, -14.12788998 ], [ -74.30053998, -14.12787998 ], [ -74.30212998, -14.12894998 ], [ -74.30358998, -14.12900998 ], [ -74.30533998, -14.12716998 ], [ -74.30531998, -14.12611998 ], [ -74.32944873, -14.12862936 ], [ -74.33614298, -14.14811011 ], [ -74.35479636, -14.15126911 ], [ -74.36021186, -14.15405211 ], [ -74.36201698, -14.15555648 ], [ -74.36765811, -14.15864023 ], [ -74.36886161, -14.15909148 ], [ -74.37060048, -14.15899786 ], [ -74.37637473, -14.16010486 ], [ -74.37783998, -14.15969998 ], [ -74.37961998, -14.16110998 ], [ -74.38067998, -14.16091998 ], [ -74.38289998, -14.16126998 ], [ -74.38437998, -14.16205998 ], [ -74.38482998, -14.16266998 ], [ -74.38484998, -14.16371998 ], [ -74.38598998, -14.16482998 ], [ -74.38892998, -14.16623998 ], [ -74.39231998, -14.16704998 ], [ -74.39354998, -14.16690998 ], [ -74.39726998, -14.16532998 ], [ -74.39930998, -14.16349998 ], [ -74.40103998, -14.16245998 ], [ -74.40187998, -14.16097998 ], [ -74.40278998, -14.16016998 ], [ -74.40468998, -14.15981998 ], [ -74.40828998, -14.15795998 ], [ -74.40978998, -14.15780998 ], [ -74.41261998, -14.15627998 ], [ -74.41541998, -14.15608998 ], [ -74.41865998, -14.15465998 ], [ -74.42051998, -14.15329998 ], [ -74.41970999, -14.15110001 ], [ -74.42106998, -14.15138998 ], [ -74.42322998, -14.15250998 ], [ -74.42424998, -14.15253998 ], [ -74.42658998, -14.15142998 ], [ -74.42852998, -14.15091998 ], [ -74.42978998, -14.14982998 ], [ -74.43127998, -14.14929998 ], [ -74.43616998, -14.14979998 ], [ -74.43974998, -14.14895998 ], [ -74.44160998, -14.14970998 ], [ -74.44318998, -14.14961998 ], [ -74.44607998, -14.15076998 ], [ -74.44919998, -14.15035998 ], [ -74.45091998, -14.15055998 ], [ -74.45300998, -14.15136998 ], [ -74.45420998, -14.15137998 ], [ -74.45914486, -14.14947186 ], [ -74.46449873, -14.14829948 ], [ -74.46820261, -14.14905686 ], [ -74.47028998, -14.15042623 ], [ -74.47215236, -14.15284961 ], [ -74.48226561, -14.14965323 ], [ -74.48768411, -14.14884636 ], [ -74.49609998, -14.14630998 ], [ -74.52757348, -14.14607948 ], [ -74.54129273, -14.16406423 ], [ -74.56043036, -14.15391898 ], [ -74.57063998, -14.14966436 ], [ -74.57138548, -14.14885673 ], [ -74.57193361, -14.14758861 ], [ -74.57219048, -14.14453011 ], [ -74.57202698, -14.13731561 ], [ -74.57222723, -14.13584923 ], [ -74.57264998, -14.13531998 ], [ -74.57433998, -14.13648998 ], [ -74.57521998, -14.13760998 ], [ -74.57840998, -14.13753998 ], [ -74.57870998, -14.13795998 ], [ -74.57863998, -14.13923998 ], [ -74.57934998, -14.13985998 ], [ -74.58005998, -14.13965998 ], [ -74.58071998, -14.13848998 ], [ -74.58443998, -14.13879998 ], [ -74.58595998, -14.13805998 ], [ -74.58625998, -14.13849998 ], [ -74.58552998, -14.13934998 ], [ -74.58549998, -14.13985998 ], [ -74.58659998, -14.14036998 ], [ -74.58712998, -14.13996998 ], [ -74.58782998, -14.13855998 ], [ -74.58876998, -14.13778998 ], [ -74.58901998, -14.13659998 ], [ -74.59033998, -14.13665998 ], [ -74.59115998, -14.13606998 ], [ -74.59128998, -14.13545998 ], [ -74.59085998, -14.13406998 ], [ -74.59101998, -14.13292998 ], [ -74.59151998, -14.13240998 ], [ -74.59297998, -14.13399998 ], [ -74.59355998, -14.13381998 ], [ -74.59367998, -14.13303998 ], [ -74.59420998, -14.13277998 ], [ -74.59639998, -14.13427998 ], [ -74.59951998, -14.13427998 ], [ -74.60136998, -14.13337998 ], [ -74.60309998, -14.13552998 ], [ -74.60756998, -14.13583998 ], [ -74.60975998, -14.13696998 ], [ -74.61046998, -14.13766998 ], [ -74.61075998, -14.13766998 ], [ -74.61167998, -14.13648998 ], [ -74.61249998, -14.13697998 ], [ -74.61333998, -14.13694998 ], [ -74.61389998, -14.13746998 ], [ -74.61774998, -14.13752998 ], [ -74.61983998, -14.13649998 ], [ -74.62008998, -14.13570998 ], [ -74.62042998, -14.13553998 ], [ -74.62146998, -14.13721998 ], [ -74.62319998, -14.13713998 ], [ -74.62369998, -14.13658998 ], [ -74.62352311, -14.13512223 ], [ -74.62420711, -14.13240498 ], [ -74.62476161, -14.13142523 ], [ -74.62651773, -14.12998336 ], [ -74.62775623, -14.12765436 ], [ -74.62786711, -14.12469673 ], [ -74.62879136, -14.12347673 ], [ -74.63431786, -14.12031948 ], [ -74.63498411, -14.11974836 ], [ -74.63567436, -14.11832073 ], [ -74.63553148, -14.11713098 ], [ -74.63391336, -14.11475148 ], [ -74.63358023, -14.11377598 ], [ -74.63367548, -14.11206261 ], [ -74.63462723, -14.11008773 ], [ -74.63429411, -14.10889811 ], [ -74.63072486, -14.10692311 ], [ -74.62589461, -14.10601886 ], [ -74.62487148, -14.10528123 ], [ -74.62363411, -14.10244973 ], [ -74.62253961, -14.09769073 ], [ -74.62101673, -14.09355036 ], [ -74.62087398, -14.09209911 ], [ -74.62134986, -14.09112348 ], [ -74.62384823, -14.08933886 ], [ -74.62480011, -14.08912473 ], [ -74.62708436, -14.08933886 ], [ -74.63053461, -14.09162311 ], [ -74.63184323, -14.09345536 ], [ -74.63393723, -14.09495436 ], [ -74.63572173, -14.09562061 ], [ -74.63760161, -14.09581111 ], [ -74.63952886, -14.09512098 ], [ -74.64055223, -14.09445473 ], [ -74.64338361, -14.09131386 ], [ -74.64516823, -14.08841086 ], [ -74.64664348, -14.08731636 ], [ -74.64819011, -14.08724498 ], [ -74.65006998, -14.08921986 ], [ -74.65133098, -14.08926748 ], [ -74.65754148, -14.08738773 ], [ -74.66310936, -14.08457998 ], [ -74.66951011, -14.08203398 ], [ -74.67267486, -14.07998761 ], [ -74.67453073, -14.07798886 ], [ -74.67652948, -14.07441961 ], [ -74.67674373, -14.07320611 ], [ -74.67657711, -14.06892311 ], [ -74.67707686, -14.06813786 ], [ -74.67767173, -14.06806648 ], [ -74.67840936, -14.06851848 ], [ -74.68081261, -14.07163573 ], [ -74.68171673, -14.07237336 ], [ -74.68283511, -14.07213536 ], [ -74.68455123, -14.07121536 ], [ -74.68614898, -14.07092498 ], [ -74.68680248, -14.07128798 ], [ -74.68876298, -14.07470098 ], [ -74.69036061, -14.07644373 ], [ -74.69203073, -14.07709723 ], [ -74.69377361, -14.07731523 ], [ -74.69580673, -14.07687936 ], [ -74.69834836, -14.07862211 ], [ -74.69907448, -14.08624673 ], [ -74.69798523, -14.09408911 ], [ -74.69842098, -14.09467011 ], [ -74.70103511, -14.09481548 ], [ -74.70314098, -14.09554173 ], [ -74.70727998, -14.10011636 ], [ -74.70836911, -14.10076986 ], [ -74.70982173, -14.10106036 ], [ -74.71054773, -14.10076986 ], [ -74.71258098, -14.09742961 ], [ -74.71374273, -14.09648561 ], [ -74.71555811, -14.09597723 ], [ -74.71679273, -14.09619511 ], [ -74.71715573, -14.09692136 ], [ -74.71671998, -14.09859136 ], [ -74.71650211, -14.10185911 ], [ -74.71824498, -14.10411011 ], [ -74.72035073, -14.10578036 ], [ -74.72035073, -14.10665173 ], [ -74.71918898, -14.10955636 ], [ -74.71889861, -14.11151698 ], [ -74.72049598, -14.11427636 ], [ -74.72572436, -14.11703573 ], [ -74.72761236, -14.11739873 ], [ -74.73218698, -14.11689048 ], [ -74.73697973, -14.11863336 ], [ -74.74155448, -14.11899636 ], [ -74.74322461, -14.11950461 ], [ -74.74460436, -14.12008561 ], [ -74.74641973, -14.12190098 ], [ -74.74743636, -14.12248186 ], [ -74.75026836, -14.12335323 ], [ -74.75433473, -14.12328061 ], [ -74.75869173, -14.12190098 ], [ -74.76086523, -14.12043561 ], [ -74.76186523, -14.11663148 ], [ -74.76266798, -14.11532698 ], [ -74.76229998, -14.11188198 ], [ -74.76253411, -14.11037686 ], [ -74.76484198, -14.10703211 ], [ -74.76658123, -14.10539323 ], [ -74.76795261, -14.10305198 ], [ -74.76985911, -14.09917211 ], [ -74.77270211, -14.09107786 ], [ -74.77252936, -14.09031836 ], [ -74.77154486, -14.09031836 ], [ -74.77028711, -14.08979298 ], [ -74.76532811, -14.08657811 ], [ -74.75983398, -14.08089448 ], [ -74.75903323, -14.07978123 ], [ -74.75871286, -14.07859573 ], [ -74.75972661, -14.07733986 ], [ -74.76225973, -14.07628511 ], [ -74.76355648, -14.07528323 ], [ -74.76568561, -14.07183011 ], [ -74.76604486, -14.06793361 ], [ -74.76546486, -14.06421673 ], [ -74.76738673, -14.05525786 ], [ -74.76787498, -14.04663286 ], [ -74.76744923, -14.04485161 ], [ -74.76859961, -14.04458198 ], [ -74.77096486, -14.04532423 ], [ -74.77191211, -14.04476561 ], [ -74.77340623, -14.04502923 ], [ -74.77399411, -14.04465823 ], [ -74.77489448, -14.04154886 ], [ -74.77661136, -14.03878323 ], [ -74.77751948, -14.03653323 ], [ -74.77801561, -14.03414648 ], [ -74.77837298, -14.02958011 ], [ -74.78127936, -14.02423048 ], [ -74.78253911, -14.02066011 ], [ -74.78357048, -14.01921486 ], [ -74.78388286, -14.01694536 ], [ -74.78273048, -14.01271286 ], [ -74.78131836, -14.01024223 ], [ -74.78007536, -14.00667111 ], [ -74.77859098, -13.99834598 ], [ -74.77908248, -13.99627511 ], [ -74.78502211, -13.99158211 ], [ -74.78533073, -13.99026798 ], [ -74.78476036, -13.98868823 ], [ -74.78199611, -13.98390548 ], [ -74.78037236, -13.98250136 ], [ -74.77909998, -13.98236973 ], [ -74.77769586, -13.98315961 ], [ -74.77475598, -13.98408098 ], [ -74.76949048, -13.98368611 ], [ -74.76865686, -13.98263298 ], [ -74.76795473, -13.97855236 ], [ -74.76834973, -13.97605123 ], [ -74.77036811, -13.97148786 ], [ -74.77233198, -13.96949811 ], [ -74.77500823, -13.96224586 ], [ -74.77626986, -13.95489611 ], [ -74.77599561, -13.95187948 ], [ -74.77643436, -13.94853361 ], [ -74.78049311, -13.94162286 ], [ -74.78361961, -13.93498623 ], [ -74.78592311, -13.92878836 ], [ -74.78641673, -13.92451023 ], [ -74.78517973, -13.92060348 ], [ -74.77875586, -13.90886136 ], [ -74.77767186, -13.90551548 ], [ -74.77761911, -13.90074998 ], [ -74.77700786, -13.89750386 ], [ -74.77762698, -13.89689848 ], [ -74.78343948, -13.89426361 ], [ -74.78520898, -13.89194923 ], [ -74.78515523, -13.88831023 ], [ -74.78422286, -13.88315436 ], [ -74.78285161, -13.87915048 ], [ -74.77884761, -13.87669923 ], [ -74.77396486, -13.87192973 ], [ -74.76854686, -13.86797073 ], [ -74.76738673, -13.86658786 ], [ -74.76647261, -13.86356836 ], [ -74.76541011, -13.85782623 ], [ -74.76227536, -13.85140236 ], [ -74.76074773, -13.83768511 ], [ -74.76036373, -13.83148723 ], [ -74.76091223, -13.82863511 ], [ -74.76222861, -13.82578298 ], [ -74.76423636, -13.82251561 ], [ -74.76699811, -13.81474998 ], [ -74.76882223, -13.81071098 ], [ -74.77052948, -13.80838861 ], [ -74.77507811, -13.80379886 ], [ -74.77612311, -13.80179298 ], [ -74.77632811, -13.80028323 ], [ -74.77824411, -13.79465036 ], [ -74.77872461, -13.79126173 ], [ -74.77892386, -13.78460548 ], [ -74.77759573, -13.78280473 ], [ -74.77597848, -13.78377148 ], [ -74.77314061, -13.78409373 ], [ -74.76914261, -13.78510348 ], [ -74.76720511, -13.78513086 ], [ -74.76380861, -13.78379686 ], [ -74.76335161, -13.78278323 ], [ -74.76231448, -13.78190436 ], [ -74.76233011, -13.78054886 ], [ -74.76434373, -13.77813673 ], [ -74.76607423, -13.77506448 ], [ -74.76679298, -13.77248823 ], [ -74.76141598, -13.76910786 ], [ -74.76009811, -13.76794811 ], [ -74.75647998, -13.76322998 ], [ -74.75348998, -13.76142998 ], [ -74.75169998, -13.76133998 ], [ -74.74714998, -13.75984998 ], [ -74.74497998, -13.76009998 ], [ -74.74173998, -13.75929998 ], [ -74.74059998, -13.75964998 ], [ -74.73611998, -13.75799998 ], [ -74.73303998, -13.75622998 ], [ -74.72753998, -13.75429998 ], [ -74.72203998, -13.75137998 ], [ -74.71906998, -13.75048998 ], [ -74.71729998, -13.74902998 ], [ -74.71419998, -13.74799998 ], [ -74.71314998, -13.74799998 ], [ -74.71212998, -13.74747998 ], [ -74.71110998, -13.74783998 ], [ -74.70742998, -13.74529998 ], [ -74.70444998, -13.74624998 ], [ -74.70143998, -13.74655998 ], [ -74.70015998, -13.74576998 ], [ -74.69764998, -13.74535998 ], [ -74.69182998, -13.74303998 ], [ -74.69086998, -13.74326998 ], [ -74.68957998, -13.74305998 ], [ -74.68778998, -13.74368998 ], [ -74.68673998, -13.74344998 ], [ -74.68589998, -13.74364998 ], [ -74.68454998, -13.74313998 ], [ -74.68201998, -13.74473998 ], [ -74.68062998, -13.74477998 ], [ -74.67909998, -13.74570998 ], [ -74.67614998, -13.74611998 ], [ -74.67305998, -13.74752998 ], [ -74.67202998, -13.74691998 ], [ -74.67095998, -13.74701998 ], [ -74.66809998, -13.74643998 ], [ -74.66638998, -13.74555998 ], [ -74.66494998, -13.74606998 ], [ -74.66330998, -13.74567998 ], [ -74.66256998, -13.74584998 ], [ -74.66204998, -13.74549998 ], [ -74.66067998, -13.74611998 ], [ -74.65820998, -13.74542998 ], [ -74.65726998, -13.74468998 ], [ -74.65512998, -13.74417998 ], [ -74.64884998, -13.74413998 ], [ -74.64744998, -13.74320998 ], [ -74.64587998, -13.74304998 ], [ -74.64487998, -13.74250998 ], [ -74.64277998, -13.74263998 ], [ -74.64128998, -13.74226998 ], [ -74.63914998, -13.74080998 ], [ -74.63878998, -13.73976998 ], [ -74.63811998, -13.73936998 ], [ -74.63668998, -13.74064998 ], [ -74.63602998, -13.74061998 ], [ -74.63512998, -13.73982998 ], [ -74.63445998, -13.73839998 ], [ -74.63352998, -13.73213998 ], [ -74.63240998, -13.73103998 ], [ -74.63122998, -13.73042998 ], [ -74.63058998, -13.72948998 ], [ -74.62879998, -13.72838998 ], [ -74.62687998, -13.72547998 ], [ -74.62412998, -13.72226998 ], [ -74.62366998, -13.72095998 ], [ -74.62391998, -13.71860998 ], [ -74.62187998, -13.71663998 ], [ -74.62129998, -13.71382998 ], [ -74.61817998, -13.71218998 ], [ -74.61667998, -13.71025998 ], [ -74.61665998, -13.70775998 ], [ -74.61861998, -13.70473998 ], [ -74.61883998, -13.70147998 ], [ -74.62127998, -13.69872998 ], [ -74.62130998, -13.69770998 ], [ -74.62015998, -13.69605998 ], [ -74.61930998, -13.69637998 ], [ -74.61496998, -13.69598998 ], [ -74.61385998, -13.69631998 ], [ -74.60997998, -13.69533998 ] ] ] ] } },
{ "type": "Feature", "properties": { "id": "provincial.4", "departamen": "AYACUCHO", "provincia": "HUANTA", "id_prov": 4 }, "geometry": { "type": "MultiPolygon", "coordinates": [ [ [ [ -74.34842848, -12.1750331 ], [ -74.35148611, -12.17639548 ], [ -74.35184748, -12.17693523 ], [ -74.35170073, -12.17799998 ], [ -74.35044873, -12.17973185 ], [ -74.34628823, -12.1886176 ], [ -74.34474636, -12.19009523 ], [ -74.34457161, -12.19108748 ], [ -74.34497986, -12.19427485 ], [ -74.34472473, -12.19476835 ], [ -74.34423861, -12.19532735 ], [ -74.34317236, -12.19558123 ], [ -74.34159848, -12.19545435 ], [ -74.34032898, -12.1949466 ], [ -74.33789186, -12.19286485 ], [ -74.33667336, -12.19243335 ], [ -74.33530248, -12.19324573 ], [ -74.33418548, -12.19446423 ], [ -74.33347461, -12.1960636 ], [ -74.33223073, -12.20213098 ], [ -74.33273786, -12.20640585 ], [ -74.33000111, -12.21041198 ], [ -74.32973373, -12.21123885 ], [ -74.33066648, -12.21207623 ], [ -74.33549236, -12.21283835 ], [ -74.33649561, -12.21419723 ], [ -74.33619098, -12.21561898 ], [ -74.32960886, -12.2226901 ], [ -74.32133848, -12.2301576 ], [ -74.31763561, -12.2312611 ], [ -74.31492548, -12.23110385 ], [ -74.31440123, -12.23038573 ], [ -74.31382898, -12.2269136 ], [ -74.31326686, -12.2254106 ], [ -74.31267086, -12.22451023 ], [ -74.31158536, -12.2237866 ], [ -74.30967148, -12.2236176 ], [ -74.30550748, -12.22563448 ], [ -74.30014136, -12.22635073 ], [ -74.29726261, -12.2260361 ], [ -74.29392223, -12.2235066 ], [ -74.29148511, -12.2230496 ], [ -74.29039348, -12.2239381 ], [ -74.29034273, -12.2252581 ], [ -74.29156123, -12.2287616 ], [ -74.29155986, -12.23044273 ], [ -74.28963223, -12.23352698 ], [ -74.28407211, -12.2406426 ], [ -74.28254898, -12.24099798 ], [ -74.27858873, -12.23990648 ], [ -74.27571998, -12.2398556 ], [ -74.27051573, -12.23914473 ], [ -74.26983036, -12.23934785 ], [ -74.26873873, -12.24115035 ], [ -74.26249361, -12.24726848 ], [ -74.26097036, -12.25133035 ], [ -74.25911711, -12.25447823 ], [ -74.25753886, -12.25644235 ], [ -74.25544573, -12.25725023 ], [ -74.24902636, -12.25749935 ], [ -74.24775623, -12.25804335 ], [ -74.24726161, -12.26041373 ], [ -74.24774386, -12.26460248 ], [ -74.24759161, -12.26701673 ], [ -74.24710923, -12.26820998 ], [ -74.24550986, -12.26947923 ], [ -74.24406286, -12.27036785 ], [ -74.24097648, -12.27059423 ], [ -74.23705611, -12.2695046 ], [ -74.23446786, -12.2678956 ], [ -74.23263211, -12.26750598 ], [ -74.23068811, -12.2683941 ], [ -74.22841061, -12.27033935 ], [ -74.22729461, -12.27202335 ], [ -74.22603836, -12.27549835 ], [ -74.22520061, -12.27661548 ], [ -74.22382523, -12.27706185 ], [ -74.22086061, -12.27680435 ], [ -74.21913261, -12.27734935 ], [ -74.21804261, -12.27808023 ], [ -74.21801773, -12.27891023 ], [ -74.21992048, -12.28203673 ], [ -74.22080873, -12.2867701 ], [ -74.22037711, -12.28763323 ], [ -74.21908236, -12.28869948 ], [ -74.21611211, -12.28997898 ], [ -74.21560436, -12.29122298 ], [ -74.21578211, -12.29198448 ], [ -74.22118936, -12.2953356 ], [ -74.22195111, -12.29657948 ], [ -74.22207798, -12.29759498 ], [ -74.22192573, -12.29830585 ], [ -74.22106248, -12.29944823 ], [ -74.21870161, -12.3017356 ], [ -74.21545211, -12.30338573 ], [ -74.21326886, -12.30343648 ], [ -74.21156798, -12.30257335 ], [ -74.20887698, -12.29886685 ], [ -74.20808998, -12.2982576 ], [ -74.20694761, -12.29828298 ], [ -74.20402811, -12.29967923 ], [ -74.20105786, -12.30221785 ], [ -74.19989011, -12.30254798 ], [ -74.19336573, -12.30191323 ], [ -74.19014161, -12.30242098 ], [ -74.18745061, -12.30348723 ], [ -74.18673973, -12.30435035 ], [ -74.18673973, -12.30567048 ], [ -74.18734911, -12.30663523 ], [ -74.18753098, -12.30788948 ], [ -74.18753098, -12.3105421 ], [ -74.18804836, -12.31374498 ], [ -74.18761823, -12.31437598 ], [ -74.18489423, -12.3161536 ], [ -74.18202686, -12.31727185 ], [ -74.17967561, -12.31741523 ], [ -74.17666486, -12.31414648 ], [ -74.17560398, -12.3136876 ], [ -74.17437086, -12.31340085 ], [ -74.17158973, -12.3134296 ], [ -74.16760411, -12.3123686 ], [ -74.16622773, -12.31239735 ], [ -74.16390511, -12.31483448 ], [ -74.16155386, -12.31916435 ], [ -74.16017761, -12.32068398 ], [ -74.15931736, -12.32114273 ], [ -74.14733186, -12.32438273 ], [ -74.14460786, -12.32395285 ], [ -74.14429236, -12.3223471 ], [ -74.14466511, -12.32008198 ], [ -74.14194111, -12.31695648 ], [ -74.14033548, -12.3161536 ], [ -74.13434261, -12.31560873 ], [ -74.13265086, -12.31480585 ], [ -74.13115998, -12.3146051 ], [ -74.13018498, -12.31514998 ], [ -74.12966886, -12.31712848 ], [ -74.12969748, -12.31798885 ], [ -74.13121723, -12.32200298 ], [ -74.13121723, -12.32527173 ], [ -74.13078711, -12.3288416 ], [ -74.12918148, -12.33208173 ], [ -74.12688748, -12.33334335 ], [ -74.12516711, -12.33385948 ], [ -74.12143948, -12.33360148 ], [ -74.11911698, -12.33199573 ], [ -74.11805598, -12.33038998 ], [ -74.11622086, -12.3256876 ], [ -74.11229261, -12.3192646 ], [ -74.11034286, -12.31757298 ], [ -74.10598448, -12.31533635 ], [ -74.10412061, -12.31324323 ], [ -74.10357586, -12.31195285 ], [ -74.10371923, -12.3081106 ], [ -74.10311711, -12.30664823 ], [ -74.10136798, -12.30401048 ], [ -74.10128198, -12.30185973 ], [ -74.09893073, -12.29070573 ], [ -74.09835723, -12.2849136 ], [ -74.09735361, -12.28370935 ], [ -74.08293086, -12.28112873 ], [ -74.07989148, -12.28098535 ], [ -74.07622123, -12.28181685 ], [ -74.07504561, -12.28104273 ], [ -74.07100661, -12.27710123 ], [ -74.06882248, -12.27665323 ], [ -74.06462223, -12.27844535 ], [ -74.06253073, -12.2771026 ], [ -74.05928161, -12.27655085 ], [ -74.05744248, -12.27504898 ], [ -74.05643098, -12.27124798 ], [ -74.05505161, -12.26931698 ], [ -74.04956486, -12.26680348 ], [ -74.04481373, -12.26640498 ], [ -74.04392486, -12.26588385 ], [ -74.04220823, -12.26291073 ], [ -74.04125811, -12.26205235 ], [ -74.03978673, -12.26140873 ], [ -74.03776373, -12.2622976 ], [ -74.03200111, -12.26983785 ], [ -74.02554236, -12.27332273 ], [ -74.02187548, -12.27736385 ], [ -74.01895686, -12.27841148 ], [ -74.01536498, -12.2783366 ], [ -74.00967748, -12.27886048 ], [ -74.00803361, -12.27967435 ], [ -74.00423348, -12.28348548 ], [ -74.00198111, -12.28403335 ], [ -73.99985048, -12.28357685 ], [ -73.99771986, -12.28251148 ], [ -73.99418473, -12.27993185 ], [ -73.98879711, -12.27398698 ], [ -73.98749661, -12.27166473 ], [ -73.98638198, -12.26832073 ], [ -73.98647486, -12.26488373 ], [ -73.98712511, -12.26135398 ], [ -73.98656773, -12.25800998 ], [ -73.98482298, -12.25310885 ], [ -73.98322161, -12.24711848 ], [ -73.98045161, -12.24258835 ], [ -73.97981261, -12.24642535 ], [ -73.98110211, -12.24990773 ], [ -73.98093698, -12.25251035 ], [ -73.98006936, -12.2554021 ], [ -73.97812786, -12.25895473 ], [ -73.97709511, -12.2634161 ], [ -73.97569061, -12.26523373 ], [ -73.97108161, -12.27340698 ], [ -73.97061523, -12.2755641 ], [ -73.97044036, -12.28022848 ], [ -73.97131486, -12.28500923 ], [ -73.97284023, -12.29857048 ], [ -73.97399698, -12.3038581 ], [ -73.97399698, -12.30575835 ], [ -73.97139448, -12.31294623 ], [ -73.97019648, -12.3149291 ], [ -73.96961811, -12.31782073 ], [ -73.96945273, -12.32116685 ], [ -73.96763523, -12.32488473 ], [ -73.96585898, -12.33645135 ], [ -73.96606548, -12.3380211 ], [ -73.97027923, -12.3449611 ], [ -73.97056823, -12.3461591 ], [ -73.97007248, -12.34781148 ], [ -73.96573498, -12.35000085 ], [ -73.95981611, -12.3513471 ], [ -73.95701773, -12.35123285 ], [ -73.95501911, -12.35003373 ], [ -73.95370573, -12.3496911 ], [ -73.94776661, -12.35066185 ], [ -73.94574123, -12.3524381 ], [ -73.94210598, -12.3633026 ], [ -73.94090798, -12.3655746 ], [ -73.93413323, -12.36788785 ], [ -73.93256348, -12.36941635 ], [ -73.93161337, -12.37412567 ], [ -73.93029136, -12.3763976 ], [ -73.92801948, -12.37875235 ], [ -73.92681623, -12.3796686 ], [ -73.92477373, -12.3804296 ], [ -73.91939286, -12.38356273 ], [ -73.91762198, -12.38574223 ], [ -73.91591923, -12.38724073 ], [ -73.90965298, -12.39159985 ], [ -73.90529398, -12.3933026 ], [ -73.90389461, -12.39502823 ], [ -73.90290323, -12.39705248 ], [ -73.90244886, -12.39953098 ], [ -73.90141611, -12.40151385 ], [ -73.89992898, -12.40295973 ], [ -73.89765711, -12.40382723 ], [ -73.89468261, -12.40440535 ], [ -73.88679248, -12.40539698 ], [ -73.88592498, -12.40614048 ], [ -73.88418998, -12.40985835 ], [ -73.88400648, -12.41167823 ], [ -73.88080698, -12.4208406 ], [ -73.88022523, -12.42571273 ], [ -73.87927986, -12.43000298 ], [ -73.87746186, -12.43727485 ], [ -73.87506236, -12.44352848 ], [ -73.87258986, -12.45378173 ], [ -73.86859036, -12.46396223 ], [ -73.86370961, -12.47175098 ], [ -73.85898786, -12.47833935 ], [ -73.85815336, -12.47998648 ], [ -73.85731873, -12.48431298 ], [ -73.85470536, -12.48751935 ], [ -73.85430996, -12.48905689 ], [ -73.85389286, -12.4933391 ], [ -73.85222373, -12.49999348 ], [ -73.85213586, -12.50267273 ], [ -73.85235548, -12.5052861 ], [ -73.85308023, -12.50781173 ], [ -73.85457361, -12.5107326 ], [ -73.85501286, -12.51284085 ], [ -73.85448573, -12.5175406 ], [ -73.85288261, -12.52303098 ], [ -73.85329986, -12.52461223 ], [ -73.85510073, -12.52792835 ], [ -73.85536423, -12.52990498 ], [ -73.85444186, -12.53216698 ], [ -73.85318998, -12.5343631 ], [ -73.85009348, -12.53708635 ], [ -73.84581098, -12.53912873 ], [ -73.84418586, -12.53945823 ], [ -73.84256073, -12.53926048 ], [ -73.83992536, -12.5380526 ], [ -73.83821236, -12.53647148 ], [ -73.83633898, -12.5332321 ], [ -73.83435373, -12.53108873 ], [ -73.83201623, -12.53053748 ], [ -73.83093473, -12.5307841 ], [ -73.83092461, -12.53512535 ], [ -73.82991511, -12.53904473 ], [ -73.83005348, -12.54136185 ], [ -73.83223036, -12.5504621 ], [ -73.83360648, -12.5546406 ], [ -73.83403186, -12.55969473 ], [ -73.83463236, -12.56278248 ], [ -73.83449548, -12.56718735 ], [ -73.83266236, -12.57286973 ], [ -73.83266236, -12.57509985 ], [ -73.83562573, -12.57916298 ], [ -73.83993336, -12.58301235 ], [ -73.84427148, -12.58811423 ], [ -73.84622673, -12.59211623 ], [ -73.84775423, -12.59721823 ], [ -73.84809036, -12.59976923 ], [ -73.84809036, -12.60508498 ], [ -73.84879298, -12.60669798 ], [ -73.84976948, -12.6081231 ], [ -73.85209236, -12.60969198 ], [ -73.85368098, -12.61137223 ], [ -73.85450586, -12.61271648 ], [ -73.85627773, -12.61769598 ], [ -73.85885998, -12.62086998 ], [ -73.85944998, -12.62220998 ], [ -73.85920998, -12.62439998 ], [ -73.85845998, -12.62623998 ], [ -73.85819998, -12.62900998 ], [ -73.85737998, -12.63070998 ], [ -73.85759998, -12.63254998 ], [ -73.85600998, -12.63594998 ], [ -73.85562998, -12.63816998 ], [ -73.85453998, -12.63943998 ], [ -73.85445998, -12.64177998 ], [ -73.85367998, -12.64297998 ], [ -73.85351998, -12.64503998 ], [ -73.85966998, -12.65158998 ], [ -73.86231998, -12.65276998 ], [ -73.86505998, -12.65257998 ], [ -73.86569998, -12.65281998 ], [ -73.86718998, -12.65408998 ], [ -73.86911998, -12.65669998 ], [ -73.86999998, -12.65889998 ], [ -73.86997998, -12.66243998 ], [ -73.86723998, -12.66965998 ], [ -73.86764998, -12.67130998 ], [ -73.86921998, -12.67441998 ], [ -73.86924998, -12.67681998 ], [ -73.86999998, -12.67813998 ], [ -73.87200998, -12.67969998 ], [ -73.87232998, -12.68095998 ], [ -73.87433998, -12.68492998 ], [ -73.87592998, -12.68616998 ], [ -73.87886998, -12.68974998 ], [ -73.88013998, -12.69255998 ], [ -73.88038998, -12.69519998 ], [ -73.88209998, -12.69938998 ], [ -73.88427998, -12.70382998 ], [ -73.88655998, -12.70695998 ], [ -73.88684998, -12.70835998 ], [ -73.88762998, -12.70935998 ], [ -73.88810998, -12.71104998 ], [ -73.88895998, -12.71212998 ], [ -73.88973998, -12.71253998 ], [ -73.89263998, -12.71324998 ], [ -73.89390998, -12.71466998 ], [ -73.89741998, -12.71576998 ], [ -73.90007998, -12.71712998 ], [ -73.90279998, -12.71751998 ], [ -73.90950998, -12.72079998 ], [ -73.91165998, -12.72078998 ], [ -73.91365998, -12.72163998 ], [ -73.91632998, -12.72081998 ], [ -73.91926998, -12.72104998 ], [ -73.92168998, -12.72055998 ], [ -73.92489998, -12.72145998 ], [ -73.93064998, -12.72208998 ], [ -73.93543998, -12.72185998 ], [ -73.93887998, -12.72414998 ], [ -73.93977998, -12.72571998 ], [ -73.94267998, -12.72917998 ], [ -73.94347998, -12.72973998 ], [ -73.94531998, -12.73013998 ], [ -73.94636998, -12.72990998 ], [ -73.94858998, -12.72801998 ], [ -73.95094998, -12.72785998 ], [ -73.95167998, -12.72830998 ], [ -73.95336998, -12.73061998 ], [ -73.95677998, -12.73283998 ], [ -73.96020998, -12.73417998 ], [ -73.96377998, -12.73440998 ], [ -73.96679998, -12.73543998 ], [ -73.96933998, -12.73552998 ], [ -73.97289998, -12.73884998 ], [ -73.97348998, -12.74080998 ], [ -73.97567998, -12.74318998 ], [ -73.97605998, -12.74498998 ], [ -73.97767998, -12.74693998 ], [ -73.97804998, -12.74800998 ], [ -73.97913998, -12.74803998 ], [ -73.98155998, -12.74730998 ], [ -73.98248998, -12.74760998 ], [ -73.98398998, -12.74883998 ], [ -73.98587998, -12.74876998 ], [ -73.98731998, -12.74934998 ], [ -73.98808998, -12.74986998 ], [ -73.98927998, -12.75186998 ], [ -73.99167998, -12.75401998 ], [ -73.99180998, -12.75951998 ], [ -73.99230998, -12.76181998 ], [ -73.99388998, -12.76445998 ], [ -73.99475998, -12.76720998 ], [ -73.99516998, -12.77048998 ], [ -73.99643998, -12.77306998 ], [ -73.99651998, -12.77415998 ], [ -73.99512998, -12.77867998 ], [ -73.99526998, -12.78126998 ], [ -73.99390998, -12.78252998 ], [ -73.99334998, -12.78538998 ], [ -73.99196998, -12.78738998 ], [ -73.98884998, -12.79362998 ], [ -73.98767998, -12.79662998 ], [ -73.98940998, -12.79891998 ], [ -73.99113998, -12.80529998 ], [ -73.99372998, -12.81005998 ], [ -73.99442998, -12.81285998 ], [ -73.99493823, -12.82069211 ], [ -73.99612236, -12.82398123 ], [ -73.99724061, -12.82549423 ], [ -73.99874361, -12.82868111 ], [ -73.99666011, -12.83203773 ], [ -73.99535823, -12.83355661 ], [ -73.99553911, -12.83652186 ], [ -73.99622611, -12.83916173 ], [ -73.99908298, -12.84154848 ], [ -74.00354511, -12.84392398 ], [ -74.00465198, -12.84306723 ], [ -74.00709173, -12.84009573 ], [ -74.00865036, -12.83935348 ], [ -74.01128323, -12.83911136 ], [ -74.01482623, -12.83940823 ], [ -74.01673798, -12.84216536 ], [ -74.01766548, -12.84264573 ], [ -74.02232786, -12.84305423 ], [ -74.02373998, -12.84449998 ], [ -74.02478998, -12.84501998 ], [ -74.02595998, -12.84599998 ], [ -74.02676998, -12.84756998 ], [ -74.03140998, -12.85291998 ], [ -74.03626998, -12.85560998 ], [ -74.03956998, -12.85692998 ], [ -74.04103998, -12.85717998 ], [ -74.04275998, -12.85828998 ], [ -74.04361998, -12.85987998 ], [ -74.04328998, -12.86144998 ], [ -74.04364998, -12.86255998 ], [ -74.04352998, -12.86291998 ], [ -74.04269998, -12.86314998 ], [ -74.04350998, -12.86368998 ], [ -74.04461998, -12.86543998 ], [ -74.04896998, -12.86650998 ], [ -74.05291998, -12.86619998 ], [ -74.05488436, -12.86662411 ], [ -74.05609161, -12.86753523 ], [ -74.05893911, -12.87149886 ], [ -74.05991861, -12.87241011 ], [ -74.06092098, -12.87291123 ], [ -74.06368661, -12.87303398 ], [ -74.06793486, -12.87374561 ], [ -74.07063261, -12.87519211 ], [ -74.07082723, -12.87314948 ], [ -74.07230711, -12.87003786 ], [ -74.07553236, -12.86647111 ], [ -74.07568423, -12.86593986 ], [ -74.08084461, -12.86172798 ], [ -74.08150148, -12.86064036 ], [ -74.08533886, -12.86203048 ], [ -74.08632023, -12.86199048 ], [ -74.08746186, -12.86146986 ], [ -74.08798261, -12.86158998 ], [ -74.08850336, -12.86391323 ], [ -74.08787323, -12.86631586 ], [ -74.09056636, -12.86659711 ], [ -74.09274948, -12.86755848 ], [ -74.09507261, -12.86627661 ], [ -74.09711573, -12.86657711 ], [ -74.09795698, -12.86557561 ], [ -74.09869798, -12.86325223 ], [ -74.09973936, -12.86205061 ], [ -74.10120161, -12.85945086 ], [ -74.10190261, -12.85746798 ], [ -74.10308423, -12.85646648 ], [ -74.10522736, -12.85620598 ], [ -74.10668948, -12.85488423 ], [ -74.10807586, -12.85203048 ], [ -74.11243023, -12.85335511 ], [ -74.11540273, -12.85243711 ], [ -74.11636448, -12.85256823 ], [ -74.11909011, -12.85466223 ], [ -74.11989873, -12.85484486 ], [ -74.12156636, -12.85335511 ], [ -74.12257186, -12.85313648 ], [ -74.12471373, -12.85449161 ], [ -74.12698686, -12.85436036 ], [ -74.12768623, -12.85462273 ], [ -74.12928636, -12.85550148 ], [ -74.12930373, -12.85589048 ], [ -74.13153311, -12.85794498 ], [ -74.13500911, -12.85886473 ], [ -74.13633686, -12.85954811 ], [ -74.13674686, -12.86027048 ], [ -74.13674686, -12.86210586 ], [ -74.13727398, -12.86450736 ], [ -74.13973673, -12.86886898 ], [ -74.14251261, -12.87025411 ], [ -74.14548498, -12.87050411 ], [ -74.14836723, -12.87178123 ], [ -74.14862186, -12.87283486 ], [ -74.14545686, -12.87527548 ], [ -74.14442723, -12.87718211 ], [ -74.14423648, -12.87775411 ], [ -74.14468948, -12.88368948 ], [ -74.14307223, -12.88724598 ], [ -74.13923248, -12.88882223 ], [ -74.13622848, -12.88908361 ], [ -74.13527523, -12.88946473 ], [ -74.13180498, -12.89369773 ], [ -74.13115673, -12.89571886 ], [ -74.13119486, -12.89648148 ], [ -74.13291073, -12.89976098 ], [ -74.13287273, -12.90223961 ], [ -74.13134723, -12.90437498 ], [ -74.12871623, -12.90685373 ], [ -74.12875436, -12.90746373 ], [ -74.12993648, -12.90963748 ], [ -74.13175648, -12.91156923 ], [ -74.13065636, -12.91444411 ], [ -74.13024111, -12.91492223 ], [ -74.12728186, -12.91545136 ], [ -74.12535211, -12.91622598 ], [ -74.12322261, -12.91800786 ], [ -74.12111486, -12.92174523 ], [ -74.11989148, -12.92275948 ], [ -74.11902898, -12.92483086 ], [ -74.11746448, -12.92614186 ], [ -74.11752948, -12.92887248 ], [ -74.11724711, -12.93011098 ], [ -74.11496548, -12.93293786 ], [ -74.11466123, -12.93426348 ], [ -74.11474823, -12.93545861 ], [ -74.11674723, -12.93869623 ], [ -74.11672548, -12.93954373 ], [ -74.11622573, -12.94008686 ], [ -74.11368348, -12.94049973 ], [ -74.11111936, -12.94310723 ], [ -74.10851186, -12.94512811 ], [ -74.10799036, -12.94562786 ], [ -74.10659973, -12.94869173 ], [ -74.10649111, -12.95036486 ], [ -74.10812073, -12.95238561 ], [ -74.10844673, -12.95342861 ], [ -74.10851186, -12.95566248 ], [ -74.10951148, -12.95709661 ], [ -74.11098898, -12.95763986 ], [ -74.11187986, -12.95833511 ], [ -74.11218411, -12.96144236 ], [ -74.11172786, -12.96239848 ], [ -74.10888123, -12.96422361 ], [ -74.10849011, -12.96511461 ], [ -74.10849011, -12.96743973 ], [ -74.10570886, -12.97078598 ], [ -74.10551323, -12.97282861 ], [ -74.10440511, -12.97660961 ], [ -74.10474273, -12.97978723 ], [ -74.10399448, -12.98206323 ], [ -74.10480511, -12.98468211 ], [ -74.10720573, -12.98574223 ], [ -74.10807873, -12.98661523 ], [ -74.10929473, -12.98677123 ], [ -74.11182011, -12.98636573 ], [ -74.11394011, -12.98692698 ], [ -74.11512486, -12.98764398 ], [ -74.11599786, -12.98882873 ], [ -74.11670998, -12.99112998 ], [ -74.11633998, -12.99225998 ], [ -74.11658998, -12.99414998 ], [ -74.11618998, -12.99639998 ], [ -74.11669998, -13.00054998 ], [ -74.11632998, -13.00334998 ], [ -74.11679998, -13.00484998 ], [ -74.11831998, -13.00648998 ], [ -74.12025998, -13.00632998 ], [ -74.12239998, -13.00753998 ], [ -74.12354998, -13.00763998 ], [ -74.12451998, -13.00837998 ], [ -74.12774998, -13.00929998 ], [ -74.12819998, -13.01066998 ], [ -74.12957998, -13.01184998 ], [ -74.13189998, -13.01530998 ], [ -74.13389998, -13.01681998 ], [ -74.13583998, -13.02108998 ], [ -74.13782998, -13.02277998 ], [ -74.14016998, -13.02541998 ], [ -74.14123998, -13.02613998 ], [ -74.14264998, -13.02654998 ], [ -74.14572998, -13.02899998 ], [ -74.15133998, -13.03083998 ], [ -74.15452998, -13.03351998 ], [ -74.15586998, -13.03537998 ], [ -74.16087998, -13.03753998 ], [ -74.16186998, -13.03849998 ], [ -74.16272998, -13.04076998 ], [ -74.16398998, -13.04284998 ], [ -74.16657998, -13.04384998 ], [ -74.16790998, -13.04512998 ], [ -74.17123998, -13.04611998 ], [ -74.17272998, -13.04750998 ], [ -74.17560998, -13.04699998 ], [ -74.18160998, -13.04835998 ], [ -74.18314998, -13.04960998 ], [ -74.18462355, -13.0499657 ], [ -74.18567355, -13.0508257 ], [ -74.18761355, -13.0512457 ], [ -74.18888058, -13.05082294 ], [ -74.21378743, -13.03441639 ], [ -74.2201579, -13.03229155 ], [ -74.22865463, -13.03049879 ], [ -74.23851499, -13.02957101 ], [ -74.24037285, -13.02842813 ], [ -74.24222837, -13.02805078 ], [ -74.2466353, -13.02308751 ], [ -74.25044154, -13.02309854 ], [ -74.25473862, -13.02215398 ], [ -74.25669566, -13.02043709 ], [ -74.25680067, -13.01794932 ], [ -74.25836645, -13.01651838 ], [ -74.26804477, -13.01089986 ], [ -74.26921839, -13.01004191 ], [ -74.27108017, -13.00746337 ], [ -74.27401372, -13.00546199 ], [ -74.27547895, -13.00498761 ], [ -74.27694639, -13.00374766 ], [ -74.28026342, -13.00199937 ], [ -74.28183929, -13.00056676 ], [ -74.28277048, -12.99891927 ], [ -74.28416726, -12.99847158 ], [ -74.28545661, -12.99673455 ], [ -74.28770886, -12.99495336 ], [ -74.29022998, -12.99128998 ], [ -74.29207373, -12.98722098 ], [ -74.29347998, -12.97515998 ], [ -74.29632998, -12.96910998 ], [ -74.29748973, -12.96793898 ], [ -74.29842011, -12.96016986 ], [ -74.29936998, -12.95803998 ], [ -74.29908998, -12.95629998 ], [ -74.29941998, -12.95188986 ], [ -74.29866473, -12.94394836 ], [ -74.29832411, -12.94290961 ], [ -74.29679161, -12.94113873 ], [ -74.29548048, -12.93873773 ], [ -74.29541236, -12.93698386 ], [ -74.29655323, -12.93500873 ], [ -74.29907336, -12.93269286 ], [ -74.30448998, -12.92937998 ], [ -74.30882998, -12.92867998 ], [ -74.31503998, -12.93129998 ], [ -74.31620998, -12.93091998 ], [ -74.31886998, -12.92887998 ], [ -74.32051998, -12.92859998 ], [ -74.32340311, -12.93033411 ], [ -74.32397111, -12.93039961 ], [ -74.32604623, -12.92986448 ], [ -74.32767286, -12.92839086 ], [ -74.32846136, -12.92563073 ], [ -74.32864336, -12.92129348 ], [ -74.33003848, -12.91498473 ], [ -74.32630423, -12.91171773 ], [ -74.32512411, -12.90454611 ], [ -74.32371698, -12.90313898 ], [ -74.32276386, -12.90141423 ], [ -74.32217373, -12.89900848 ], [ -74.32026736, -12.89637598 ], [ -74.31922998, -12.88579998 ], [ -74.32070998, -12.88372998 ], [ -74.32122998, -12.88090998 ], [ -74.32241998, -12.87933998 ], [ -74.32601998, -12.87251998 ], [ -74.32788861, -12.86985186 ], [ -74.32798723, -12.86855548 ], [ -74.32767998, -12.86765998 ], [ -74.32796086, -12.86594823 ], [ -74.33048673, -12.86205686 ], [ -74.33248998, -12.85799998 ], [ -74.33197998, -12.85676998 ], [ -74.33198998, -12.85579998 ], [ -74.33291986, -12.85353523 ], [ -74.33325348, -12.85174573 ], [ -74.33274998, -12.84815011 ], [ -74.33099998, -12.84491998 ], [ -74.33019998, -12.84090998 ], [ -74.33044998, -12.83902998 ], [ -74.32962998, -12.83614998 ], [ -74.32782436, -12.83445736 ], [ -74.32521598, -12.83300148 ], [ -74.32361998, -12.83250998 ], [ -74.32272998, -12.83264998 ], [ -74.31892998, -12.83503998 ], [ -74.31632911, -12.83545823 ], [ -74.31332586, -12.83494123 ], [ -74.31094211, -12.83345361 ], [ -74.30920998, -12.82923998 ], [ -74.30698723, -12.82748136 ], [ -74.30571348, -12.82745098 ], [ -74.30168161, -12.82959573 ], [ -74.29699798, -12.83141998 ], [ -74.29595111, -12.83118748 ], [ -74.29463236, -12.82979736 ], [ -74.29394998, -12.82739998 ], [ -74.29253548, -12.82538836 ], [ -74.29239998, -12.82475998 ], [ -74.29423811, -12.82119448 ], [ -74.29485986, -12.81853998 ], [ -74.29423436, -12.81558011 ], [ -74.29461448, -12.81260948 ], [ -74.29633511, -12.81040486 ], [ -74.29839623, -12.80655148 ], [ -74.29714998, -12.80095998 ], [ -74.29612998, -12.79921998 ], [ -74.29498998, -12.79887998 ], [ -74.29391998, -12.79936998 ], [ -74.29268998, -12.80052998 ], [ -74.29069998, -12.80111998 ], [ -74.28832998, -12.80251998 ], [ -74.28731998, -12.80218998 ], [ -74.28621998, -12.80134998 ], [ -74.28554261, -12.79972073 ], [ -74.28567998, -12.79533998 ], [ -74.28636998, -12.79306998 ], [ -74.28623998, -12.79215998 ], [ -74.28557998, -12.79100998 ], [ -74.28498998, -12.78787998 ], [ -74.28629998, -12.78377998 ], [ -74.28811998, -12.78078998 ], [ -74.28788998, -12.77971998 ], [ -74.28604998, -12.77722998 ], [ -74.28610998, -12.77461998 ], [ -74.28723998, -12.77306998 ], [ -74.28974998, -12.77214998 ], [ -74.29050998, -12.77148998 ], [ -74.29301998, -12.76795998 ], [ -74.29328998, -12.76695998 ], [ -74.29310998, -12.76610998 ], [ -74.28980998, -12.76288998 ], [ -74.28882998, -12.76146998 ], [ -74.28860998, -12.75985998 ], [ -74.28919998, -12.75800998 ], [ -74.29033998, -12.75623998 ], [ -74.29207998, -12.75431998 ], [ -74.29408998, -12.75117998 ], [ -74.29591998, -12.74923998 ], [ -74.29707998, -12.74857998 ], [ -74.30011998, -12.74782998 ], [ -74.30269998, -12.74632998 ], [ -74.30562998, -12.74341998 ], [ -74.30808998, -12.73964998 ], [ -74.31235998, -12.73734998 ], [ -74.31485998, -12.73711998 ], [ -74.31740036, -12.73778023 ], [ -74.31929998, -12.73987998 ], [ -74.32047998, -12.74199998 ], [ -74.32460998, -12.74465998 ], [ -74.32646998, -12.74482998 ], [ -74.32836998, -12.74423998 ], [ -74.33000998, -12.74268998 ], [ -74.33255998, -12.74102998 ], [ -74.33253998, -12.74066998 ], [ -74.33100998, -12.73936998 ], [ -74.33104998, -12.73810998 ], [ -74.33156998, -12.73701998 ], [ -74.33336998, -12.73648998 ], [ -74.34035998, -12.73282998 ], [ -74.34109998, -12.73078998 ], [ -74.34021998, -12.72810998 ], [ -74.34060998, -12.72669998 ], [ -74.34907998, -12.71821998 ], [ -74.34935998, -12.71621998 ], [ -74.34876998, -12.71242998 ], [ -74.34476998, -12.70214998 ], [ -74.34281998, -12.69792998 ], [ -74.34083998, -12.69015998 ], [ -74.33973998, -12.68913998 ], [ -74.33812998, -12.68847998 ], [ -74.33398998, -12.68884998 ], [ -74.33309998, -12.68862998 ], [ -74.33070998, -12.68601998 ], [ -74.32752998, -12.68126998 ], [ -74.32716998, -12.68019998 ], [ -74.32805998, -12.66742998 ], [ -74.32773998, -12.66426998 ], [ -74.32856998, -12.66097998 ], [ -74.33163998, -12.65713998 ], [ -74.33214998, -12.65595998 ], [ -74.33216998, -12.65357998 ], [ -74.33127998, -12.64948998 ], [ -74.33177998, -12.64501998 ], [ -74.33281998, -12.64362998 ], [ -74.33698998, -12.64095998 ], [ -74.33845998, -12.63891998 ], [ -74.34081998, -12.63445998 ], [ -74.34149998, -12.63170998 ], [ -74.34222998, -12.62533998 ], [ -74.34211998, -12.62379998 ], [ -74.34115998, -12.62265998 ], [ -74.33953998, -12.62168998 ], [ -74.33886998, -12.62051998 ], [ -74.33879998, -12.61758998 ], [ -74.33638998, -12.61553998 ], [ -74.33506998, -12.61530998 ], [ -74.33142998, -12.61614998 ], [ -74.33030998, -12.61612998 ], [ -74.32834998, -12.61525998 ], [ -74.32574998, -12.61324998 ], [ -74.32422998, -12.61138998 ], [ -74.32398998, -12.61051998 ], [ -74.32364998, -12.60745998 ], [ -74.32401998, -12.60449998 ], [ -74.32479998, -12.60310998 ], [ -74.32598998, -12.60272998 ], [ -74.32754998, -12.60354998 ], [ -74.32897998, -12.60513998 ], [ -74.33066998, -12.60535998 ], [ -74.33431998, -12.60389998 ], [ -74.33875998, -12.60296998 ], [ -74.34091998, -12.60202998 ], [ -74.34456998, -12.59977998 ], [ -74.34711998, -12.59875998 ], [ -74.35131998, -12.59809998 ], [ -74.35368998, -12.59670998 ], [ -74.35777998, -12.59624998 ], [ -74.36328998, -12.59426998 ], [ -74.36687998, -12.59004998 ], [ -74.36810998, -12.58702998 ], [ -74.36831998, -12.58286998 ], [ -74.36710998, -12.58145998 ], [ -74.36593998, -12.57924998 ], [ -74.36548998, -12.57769998 ], [ -74.36570998, -12.57667998 ], [ -74.36631998, -12.57582998 ], [ -74.36840998, -12.57458998 ], [ -74.37192998, -12.57442998 ], [ -74.37737998, -12.57137998 ], [ -74.38172998, -12.57156998 ], [ -74.38283998, -12.57129998 ], [ -74.38352998, -12.57082998 ], [ -74.38685998, -12.56680998 ], [ -74.38732998, -12.56553998 ], [ -74.38717998, -12.56474998 ], [ -74.38377998, -12.55882998 ], [ -74.38353998, -12.55674998 ], [ -74.38426998, -12.54484998 ], [ -74.38626998, -12.54120998 ], [ -74.39357998, -12.53401998 ], [ -74.39407998, -12.53300998 ], [ -74.39464998, -12.53013998 ], [ -74.39537998, -12.52941998 ], [ -74.39761998, -12.52822998 ], [ -74.40000998, -12.52455998 ], [ -74.39980998, -12.52301998 ], [ -74.39805998, -12.52073998 ], [ -74.39716998, -12.51762998 ], [ -74.39742998, -12.51387998 ], [ -74.39873998, -12.51089998 ], [ -74.39840998, -12.50454998 ], [ -74.39869998, -12.50268998 ], [ -74.39938998, -12.50169998 ], [ -74.40085998, -12.50050998 ], [ -74.40220998, -12.49758998 ], [ -74.40439998, -12.49603998 ], [ -74.40598998, -12.49585998 ], [ -74.40784998, -12.49693998 ], [ -74.41000998, -12.49769998 ], [ -74.41112998, -12.49773998 ], [ -74.41215998, -12.49717998 ], [ -74.41391998, -12.49536998 ], [ -74.41518998, -12.49174998 ], [ -74.41511998, -12.49065998 ], [ -74.41259998, -12.48592998 ], [ -74.41179998, -12.48087998 ], [ -74.41093998, -12.47954998 ], [ -74.40780998, -12.47763998 ], [ -74.40614998, -12.47699998 ], [ -74.40354998, -12.47515998 ], [ -74.40157998, -12.46747998 ], [ -74.40200998, -12.46573998 ], [ -74.40477998, -12.46314998 ], [ -74.40596998, -12.46148998 ], [ -74.40641998, -12.45890998 ], [ -74.40869998, -12.45430998 ], [ -74.40924998, -12.45191998 ], [ -74.41134998, -12.45061998 ], [ -74.41754998, -12.44924998 ], [ -74.42160998, -12.44563998 ], [ -74.42244998, -12.44520998 ], [ -74.42583998, -12.44594998 ], [ -74.42876998, -12.44572998 ], [ -74.43108998, -12.44700998 ], [ -74.43286998, -12.44750998 ], [ -74.43534998, -12.44751998 ], [ -74.43817998, -12.44680998 ], [ -74.44224998, -12.44827998 ], [ -74.44395998, -12.44846998 ], [ -74.44628998, -12.44799998 ], [ -74.45018998, -12.44583998 ], [ -74.45210998, -12.44428998 ], [ -74.45392998, -12.44390998 ], [ -74.45671998, -12.44448998 ], [ -74.45909998, -12.44574998 ], [ -74.46109998, -12.44592998 ], [ -74.46355998, -12.44573998 ], [ -74.46674998, -12.44476998 ], [ -74.47178998, -12.44394998 ], [ -74.47508998, -12.44376998 ], [ -74.47798998, -12.44479998 ], [ -74.48396998, -12.44474998 ], [ -74.48844998, -12.44590998 ], [ -74.49820998, -12.44647998 ], [ -74.50002998, -12.44747998 ], [ -74.50145998, -12.44947998 ], [ -74.50196998, -12.44973998 ], [ -74.50353998, -12.44980998 ], [ -74.50596998, -12.44887998 ], [ -74.50699998, -12.44823998 ], [ -74.50768998, -12.44691998 ], [ -74.51016998, -12.44470998 ], [ -74.51587998, -12.44174998 ], [ -74.51799998, -12.44030998 ], [ -74.52166998, -12.43682998 ], [ -74.52214998, -12.43561998 ], [ -74.52185998, -12.43449998 ], [ -74.51823998, -12.43135998 ], [ -74.51694998, -12.42894998 ], [ -74.51787998, -12.42546998 ], [ -74.51751998, -12.42309998 ], [ -74.51779998, -12.42181998 ], [ -74.51739998, -12.41988998 ], [ -74.51753998, -12.41843998 ], [ -74.51924998, -12.41620998 ], [ -74.52059998, -12.40964998 ], [ -74.52145998, -12.40880998 ], [ -74.52256998, -12.40869998 ], [ -74.52662998, -12.41028998 ], [ -74.52896998, -12.41198998 ], [ -74.52988998, -12.41218998 ], [ -74.53100998, -12.41199998 ], [ -74.53489998, -12.40999998 ], [ -74.53545998, -12.40854998 ], [ -74.53535998, -12.40582998 ], [ -74.53733998, -12.40259998 ], [ -74.53927998, -12.40031998 ], [ -74.53922998, -12.39285998 ], [ -74.54161998, -12.39033998 ], [ -74.54268998, -12.38775998 ], [ -74.54384998, -12.38687998 ], [ -74.54646998, -12.38597998 ], [ -74.54817998, -12.38401998 ], [ -74.54848998, -12.38087998 ], [ -74.54819998, -12.37881998 ], [ -74.54857998, -12.37792998 ], [ -74.54834998, -12.37535998 ], [ -74.54942998, -12.37384998 ], [ -74.55309998, -12.37247998 ], [ -74.55651998, -12.36936998 ], [ -74.55804998, -12.36680998 ], [ -74.56098998, -12.36485998 ], [ -74.56338998, -12.36159998 ], [ -74.56461998, -12.36090998 ], [ -74.56608998, -12.36118998 ], [ -74.56715998, -12.36224998 ], [ -74.56859661, -12.36620085 ], [ -74.56989998, -12.36770998 ], [ -74.57061998, -12.37016998 ], [ -74.57163998, -12.37198998 ], [ -74.57402998, -12.37362998 ], [ -74.57488998, -12.37367998 ], [ -74.57598998, -12.37316998 ], [ -74.57551586, -12.3721841 ], [ -74.57510961, -12.36990898 ], [ -74.57531273, -12.36320585 ], [ -74.57458148, -12.35703085 ], [ -74.57506898, -12.35093698 ], [ -74.57563773, -12.3459806 ], [ -74.57844086, -12.3398056 ], [ -74.57913148, -12.33614923 ], [ -74.58112286, -12.33331898 ], [ -74.58117698, -12.33266935 ], [ -74.58033786, -12.33107235 ], [ -74.58093336, -12.32438635 ], [ -74.58009386, -12.32298635 ], [ -74.57567836, -12.32063023 ], [ -74.57478461, -12.31957398 ], [ -74.57301948, -12.31143748 ], [ -74.57222523, -12.30978323 ], [ -74.56808398, -12.3063106 ], [ -74.56645636, -12.30454248 ], [ -74.56593073, -12.30165673 ], [ -74.56527823, -12.30047998 ], [ -74.56434386, -12.29962685 ], [ -74.56190423, -12.2991836 ], [ -74.56032186, -12.29763623 ], [ -74.55950936, -12.2964986 ], [ -74.55804698, -12.2908111 ], [ -74.55544686, -12.2880891 ], [ -74.55211723, -12.28733985 ], [ -74.55073423, -12.28825173 ], [ -74.54935298, -12.28971423 ], [ -74.54277161, -12.29365485 ], [ -74.53820661, -12.29377503 ], [ -74.53720932, -12.29496076 ], [ -74.53391938, -12.29512256 ], [ -74.53025898, -12.30047998 ], [ -74.52916198, -12.30104873 ], [ -74.52721198, -12.30137373 ], [ -74.52581048, -12.30210748 ], [ -74.52493698, -12.30352685 ], [ -74.52384011, -12.3042581 ], [ -74.52006186, -12.30401435 ], [ -74.51926373, -12.30427735 ], [ -74.51660873, -12.30803635 ], [ -74.51649882, -12.31033155 ], [ -74.51604042, -12.31130262 ], [ -74.51392748, -12.31222073 ], [ -74.50710236, -12.31246448 ], [ -74.50628711, -12.3121836 ], [ -74.50539611, -12.30872698 ], [ -74.50348661, -12.30417685 ], [ -74.50283661, -12.30267373 ], [ -74.50198308, -12.30198274 ], [ -74.50190722, -12.30041699 ], [ -74.50123289, -12.29875098 ], [ -74.49746453, -12.29581563 ], [ -74.49710753, -12.29446696 ], [ -74.49796173, -12.29337048 ], [ -74.49567952, -12.28625591 ], [ -74.49183183, -12.28157522 ], [ -74.49008649, -12.28125788 ], [ -74.48834115, -12.28010754 ], [ -74.48723047, -12.2784812 ], [ -74.4856438, -12.27693419 ], [ -74.48373436, -12.27726935 ], [ -74.48223244, -12.27816387 ], [ -74.4802491, -12.2783622 ], [ -74.47814675, -12.27610119 ], [ -74.47637111, -12.2727676 ], [ -74.47406106, -12.27205517 ], [ -74.46894403, -12.27146016 ], [ -74.46396686, -12.27354885 ], [ -74.46037599, -12.2727295 ], [ -74.45613873, -12.27008198 ], [ -74.45204298, -12.26995898 ], [ -74.44934761, -12.27144923 ], [ -74.44478511, -12.27144135 ], [ -74.44153421, -12.2721345 ], [ -74.44121688, -12.27280884 ], [ -74.44133588, -12.27558552 ], [ -74.44070121, -12.27780686 ], [ -74.43748819, -12.28288423 ], [ -74.43657585, -12.28530391 ], [ -74.43312483, -12.28637491 ], [ -74.43245049, -12.28689058 ], [ -74.43221249, -12.28851692 ], [ -74.43157782, -12.28942926 ], [ -74.42983248, -12.2903416 ], [ -74.42895981, -12.29042094 ], [ -74.42749213, -12.2893896 ], [ -74.42400145, -12.2895086 ], [ -74.4226131, -12.29165061 ], [ -74.42205777, -12.29510163 ], [ -74.42023309, -12.29775931 ], [ -74.42051076, -12.30085333 ], [ -74.41963809, -12.30200367 ], [ -74.41628998, -12.30476998 ], [ -74.41264998, -12.30138998 ], [ -74.41028998, -12.29794998 ], [ -74.40867998, -12.29343998 ], [ -74.40797998, -12.29206998 ], [ -74.40641998, -12.29016998 ], [ -74.40499798, -12.28885735 ], [ -74.39672998, -12.28301998 ], [ -74.39377998, -12.27929998 ], [ -74.39234761, -12.27671098 ], [ -74.38973998, -12.27495998 ], [ -74.38812998, -12.27464998 ], [ -74.38610148, -12.27361523 ], [ -74.38477998, -12.27152998 ], [ -74.38465998, -12.26945998 ], [ -74.38508998, -12.26805998 ], [ -74.38742998, -12.26520998 ], [ -74.38971998, -12.26390998 ], [ -74.39175998, -12.26198998 ], [ -74.39237998, -12.26100998 ], [ -74.39341998, -12.25846998 ], [ -74.39369998, -12.25672998 ], [ -74.39367998, -12.25246998 ], [ -74.39319998, -12.25172998 ], [ -74.39100998, -12.25010998 ], [ -74.38989998, -12.24791998 ], [ -74.38820998, -12.24640998 ], [ -74.38766998, -12.24447998 ], [ -74.38556998, -12.24206998 ], [ -74.38528898, -12.2388926 ], [ -74.38284998, -12.23724998 ], [ -74.38005998, -12.23356998 ], [ -74.37626998, -12.23012998 ], [ -74.37606998, -12.22918998 ], [ -74.37667373, -12.2264531 ], [ -74.37778998, -12.22390998 ], [ -74.37715998, -12.22116998 ], [ -74.37714998, -12.21458998 ], [ -74.37868998, -12.21067998 ], [ -74.38051998, -12.20870998 ], [ -74.38000998, -12.20674998 ], [ -74.38016998, -12.20541998 ], [ -74.38081998, -12.20462998 ], [ -74.38300998, -12.20310998 ], [ -74.38452998, -12.19881998 ], [ -74.38709998, -12.19682998 ], [ -74.38726998, -12.19429998 ], [ -74.38885998, -12.19266998 ], [ -74.38875998, -12.19141998 ], [ -74.38758998, -12.18975998 ], [ -74.38736998, -12.18797998 ], [ -74.38410998, -12.18503998 ], [ -74.38320998, -12.18495998 ], [ -74.38145998, -12.18613998 ], [ -74.38069998, -12.18571998 ], [ -74.38011998, -12.18402998 ], [ -74.38016998, -12.18278998 ], [ -74.38170998, -12.18019998 ], [ -74.38209998, -12.17860998 ], [ -74.38027998, -12.17769998 ], [ -74.37884998, -12.17600998 ], [ -74.37666998, -12.17611998 ], [ -74.37215998, -12.17778998 ], [ -74.36903998, -12.17778998 ], [ -74.36824998, -12.17742998 ], [ -74.36734998, -12.17595998 ], [ -74.36652998, -12.17531998 ], [ -74.36548998, -12.17516998 ], [ -74.36374998, -12.17567998 ], [ -74.36274998, -12.17548998 ], [ -74.36043998, -12.17337998 ], [ -74.35936998, -12.17277998 ], [ -74.35709998, -12.17222998 ], [ -74.35480998, -12.17108998 ], [ -74.35159998, -12.16810998 ], [ -74.34929998, -12.16787998 ], [ -74.34825998, -12.16828998 ], [ -74.34780998, -12.16977998 ], [ -74.34617998, -12.17049998 ], [ -74.34556998, -12.17163998 ], [ -74.34549498, -12.17327048 ], [ -74.34842848, -12.1750331 ] ] ] ] } },
{ "type": "Feature", "properties": { "id": "provincial.5", "departamen": "AYACUCHO", "provincia": "LA MAR", "id_prov": 5 }, "geometry": { "type": "MultiPolygon", "coordinates": [ [ [ [ -73.75658786, -12.65146235 ], [ -73.75151673, -12.6525161 ], [ -73.74723573, -12.65245023 ], [ -73.74341586, -12.65152823 ], [ -73.73865685, -12.64716376 ], [ -73.73795823, -12.6420906 ], [ -73.73748573, -12.64069385 ], [ -73.73596573, -12.63915335 ], [ -73.73076911, -12.6369761 ], [ -73.72503848, -12.6367296 ], [ -73.72483298, -12.63781823 ], [ -73.72536698, -12.64069385 ], [ -73.72509998, -12.64217273 ], [ -73.72370073, -12.64541673 ], [ -73.72087111, -12.65033348 ], [ -73.71748511, -12.65854348 ], [ -73.71210448, -12.66596498 ], [ -73.70992436, -12.6679596 ], [ -73.70811536, -12.66874823 ], [ -73.70106498, -12.66958298 ], [ -73.69832823, -12.6721341 ], [ -73.69758611, -12.67343285 ], [ -73.69735423, -12.67463885 ], [ -73.69842111, -12.6799731 ], [ -73.69758611, -12.68275623 ], [ -73.69675123, -12.68442598 ], [ -73.69327236, -12.68771935 ], [ -73.68937611, -12.68836873 ], [ -73.68826286, -12.6881831 ], [ -73.68543336, -12.68688435 ], [ -73.68422712, -12.68693077 ], [ -73.68246486, -12.6878121 ], [ -73.68130523, -12.69008498 ], [ -73.67986723, -12.69551185 ], [ -73.67791911, -12.6986196 ], [ -73.67416198, -12.70279423 ], [ -73.67026573, -12.70576285 ], [ -73.66477261, -12.71165973 ], [ -73.66325798, -12.71363885 ], [ -73.66192511, -12.71711248 ], [ -73.66032961, -12.7195561 ], [ -73.65884148, -12.72130948 ], [ -73.65671773, -12.72266423 ], [ -73.65609536, -12.72346973 ], [ -73.65583898, -12.72504423 ], [ -73.65675436, -12.72694835 ], [ -73.65843873, -12.7291086 ], [ -73.65983598, -12.73026373 ], [ -73.66036948, -12.73130598 ], [ -73.66057011, -12.73262985 ], [ -73.65988811, -12.7343951 ], [ -73.65856423, -12.73607998 ], [ -73.65543623, -12.73738385 ], [ -73.65023673, -12.7404231 ], [ -73.64478086, -12.74485361 ], [ -73.64005748, -12.75019948 ], [ -73.63866598, -12.75272611 ], [ -73.63559023, -12.75704673 ], [ -73.63427211, -12.75825511 ], [ -73.62936548, -12.76122098 ], [ -73.62724173, -12.76308848 ], [ -73.62566723, -12.76499248 ], [ -73.62427586, -12.76814148 ], [ -73.62409273, -12.77121723 ], [ -73.62617986, -12.77597736 ], [ -73.62727836, -12.78011498 ], [ -73.62742486, -12.78480186 ], [ -73.62672911, -12.78769448 ], [ -73.61841723, -12.79930186 ], [ -73.61761173, -12.80083973 ], [ -73.61720898, -12.80468448 ], [ -73.61545136, -12.80801648 ], [ -73.61314461, -12.80955436 ], [ -73.61153348, -12.81010361 ], [ -73.6069196, -12.80977395 ], [ -73.60563823, -12.80999373 ], [ -73.60384416, -12.81087254 ], [ -73.60087486, -12.81491136 ], [ -73.59477761, -12.81886636 ], [ -73.59173698, -12.82175111 ], [ -73.59002173, -12.82416811 ], [ -73.58838436, -12.82806636 ], [ -73.58830648, -12.83134098 ], [ -73.58869623, -12.83305623 ], [ -73.59138536, -12.83893573 ], [ -73.59145111, -12.84284461 ], [ -73.59080936, -12.84428861 ], [ -73.58719461, -12.84812886 ], [ -73.58446661, -12.85202036 ], [ -73.58338336, -12.85631298 ], [ -73.58189911, -12.85867986 ], [ -73.57922248, -12.86061736 ], [ -73.57332248, -12.86217648 ], [ -73.56064861, -12.86887436 ], [ -73.55330898, -12.87489048 ], [ -73.54304148, -12.88471686 ], [ -73.53593423, -12.89037798 ], [ -73.52951536, -12.89479086 ], [ -73.52886348, -12.89619498 ], [ -73.52585461, -12.89759911 ], [ -73.52367648, -12.89947811 ], [ -73.52182461, -12.90264486 ], [ -73.52158398, -12.90360748 ], [ -73.52178448, -12.90597373 ], [ -73.52242623, -12.90753798 ], [ -73.53257336, -12.91748461 ], [ -73.53329536, -12.91932948 ], [ -73.53349586, -12.92442323 ], [ -73.53153061, -12.92923611 ], [ -73.52984611, -12.93196336 ], [ -73.52535411, -12.93681636 ], [ -73.52226573, -12.93894211 ], [ -73.52028348, -12.93921561 ], [ -73.51890161, -12.93895411 ], [ -73.51595098, -12.93697461 ], [ -73.51333648, -12.93469611 ], [ -73.51120748, -12.93346361 ], [ -73.50422298, -12.93111048 ], [ -73.49966636, -12.93047561 ], [ -73.49772411, -12.93148411 ], [ -73.49593136, -12.93346361 ], [ -73.49555786, -12.93514436 ], [ -73.49608073, -12.93846861 ], [ -73.49910611, -12.94302523 ], [ -73.50089886, -12.94657348 ], [ -73.50272898, -12.94803011 ], [ -73.50892911, -12.94948686 ], [ -73.50963873, -12.95000973 ], [ -73.51023636, -12.95154111 ], [ -73.51068461, -12.95542548 ], [ -73.51057248, -12.95811461 ], [ -73.51001223, -12.96031823 ], [ -73.50780861, -12.96375448 ], [ -73.50685023, -12.96677223 ], [ -73.50719448, -12.96990836 ], [ -73.50803586, -12.97189736 ], [ -73.51033011, -12.97447848 ], [ -73.51138248, -12.97524373 ], [ -73.51602936, -12.97728998 ], [ -73.51803723, -12.97880073 ], [ -73.52172811, -12.97956561 ], [ -73.52448186, -12.98054086 ], [ -73.52857298, -12.98276386 ], [ -73.52955598, -12.98386611 ], [ -73.53003248, -12.98526611 ], [ -73.52916873, -12.98633861 ], [ -73.52532598, -12.98806636 ], [ -73.52330023, -12.98931736 ], [ -73.52145336, -12.99104523 ], [ -73.52103636, -12.99214748 ], [ -73.52106611, -12.99363686 ], [ -73.52195236, -12.99940898 ], [ -73.51994036, -13.00468811 ], [ -73.51701198, -13.00711836 ], [ -73.51498011, -13.00747698 ], [ -73.50986023, -13.00755661 ], [ -73.50870498, -13.00793511 ], [ -73.50468098, -13.01112248 ], [ -73.50207123, -13.01136161 ], [ -73.50091586, -13.01104286 ], [ -73.49968073, -13.01018623 ], [ -73.49633398, -13.00632161 ], [ -73.49193148, -13.00337323 ], [ -73.48866448, -12.99940898 ], [ -73.48760861, -12.99891098 ], [ -73.48609461, -12.99861211 ], [ -73.48244911, -12.99901061 ], [ -73.47734936, -13.00056436 ], [ -73.47657261, -13.00110223 ], [ -73.47625373, -13.00327361 ], [ -73.47864423, -13.00805473 ], [ -73.47975973, -13.01540548 ], [ -73.47985936, -13.01907098 ], [ -73.47876373, -13.02333411 ], [ -73.47796686, -13.03225873 ], [ -73.47846486, -13.03427073 ], [ -73.48087536, -13.03885248 ], [ -73.48358461, -13.04158186 ], [ -73.48567636, -13.04269723 ], [ -73.49013861, -13.04327498 ], [ -73.49143348, -13.04470923 ], [ -73.49252911, -13.04702011 ], [ -73.49252911, -13.04879311 ], [ -73.49009873, -13.05253823 ], [ -73.48934536, -13.05538961 ], [ -73.48949261, -13.05924386 ], [ -73.49033273, -13.06295086 ], [ -73.49042798, -13.06576573 ], [ -73.49013348, -13.06700436 ], [ -73.48912886, -13.06779248 ], [ -73.48666036, -13.06781861 ], [ -73.48435648, -13.06725548 ], [ -73.48320448, -13.06627673 ], [ -73.48178411, -13.06237923 ], [ -73.48155023, -13.05997136 ], [ -73.48186211, -13.05868086 ], [ -73.48152423, -13.05764161 ], [ -73.48087461, -13.05642898 ], [ -73.47993048, -13.05579686 ], [ -73.47818098, -13.05591798 ], [ -73.47597248, -13.05735573 ], [ -73.47353636, -13.06037298 ], [ -73.46960936, -13.06432473 ], [ -73.46859673, -13.06583136 ], [ -73.46644798, -13.06642411 ], [ -73.46538598, -13.06731323 ], [ -73.46523773, -13.06990648 ], [ -73.46615161, -13.07173423 ], [ -73.46605286, -13.07309261 ], [ -73.46563298, -13.07405586 ], [ -73.46380523, -13.07635273 ], [ -73.46336073, -13.07795811 ], [ -73.46192823, -13.07998336 ], [ -73.46047098, -13.08035386 ], [ -73.45481511, -13.08052673 ], [ -73.45081398, -13.07884723 ], [ -73.44994961, -13.07902023 ], [ -73.44925798, -13.07958823 ], [ -73.44883811, -13.08027973 ], [ -73.44893698, -13.08158873 ], [ -73.44982598, -13.08383636 ], [ -73.45165373, -13.08586161 ], [ -73.45444461, -13.08724473 ], [ -73.45570423, -13.08912173 ], [ -73.45585236, -13.09129523 ], [ -73.45543261, -13.09339448 ], [ -73.45439523, -13.09645711 ], [ -73.45261698, -13.09971723 ], [ -73.45150561, -13.10023598 ], [ -73.44789961, -13.10045823 ], [ -73.44629423, -13.10107561 ], [ -73.44446661, -13.10211298 ], [ -73.44399736, -13.10270573 ], [ -73.44345398, -13.10482973 ], [ -73.44402198, -13.10576836 ], [ -73.44580023, -13.10638573 ], [ -73.44720811, -13.10579298 ], [ -73.44836886, -13.10692911 ], [ -73.44883936, -13.10787361 ], [ -73.44918661, -13.11028223 ], [ -73.44825361, -13.11284286 ], [ -73.44866573, -13.11410148 ], [ -73.44990273, -13.11657523 ], [ -73.45126973, -13.11805086 ], [ -73.45493711, -13.11972173 ], [ -73.45515411, -13.12074161 ], [ -73.45491536, -13.12141436 ], [ -73.45372186, -13.12269473 ], [ -73.45278873, -13.12317211 ], [ -73.44953373, -13.12451748 ], [ -73.44590986, -13.12549386 ], [ -73.44363136, -13.12673086 ], [ -73.44074523, -13.12759886 ], [ -73.43853186, -13.12874898 ], [ -73.43768548, -13.12957361 ], [ -73.43675248, -13.13128786 ], [ -73.43649211, -13.13278536 ], [ -73.43523348, -13.13588836 ], [ -73.43479948, -13.13996798 ], [ -73.43184823, -13.13940373 ], [ -73.43039436, -13.13844898 ], [ -73.42794223, -13.13530236 ], [ -73.42729123, -13.13180873 ], [ -73.42594573, -13.13026798 ], [ -73.42412298, -13.13044161 ], [ -73.42312473, -13.13109248 ], [ -73.42190961, -13.13239461 ], [ -73.41969598, -13.13575811 ], [ -73.41440148, -13.14591361 ], [ -73.41491123, -13.14985123 ], [ -73.41588823, -13.15175773 ], [ -73.41581673, -13.15287773 ], [ -73.41369586, -13.15492711 ], [ -73.40950161, -13.15816811 ], [ -73.40752373, -13.16291036 ], [ -73.40769048, -13.16488836 ], [ -73.40916798, -13.16710461 ], [ -73.40938248, -13.16815311 ], [ -73.40945398, -13.17368186 ], [ -73.40790498, -13.17594573 ], [ -73.40454486, -13.17854336 ], [ -73.40268611, -13.18068811 ], [ -73.40223336, -13.18171273 ], [ -73.40290061, -13.18612148 ], [ -73.40473548, -13.19041098 ], [ -73.40657048, -13.19188848 ], [ -73.41000211, -13.19257948 ], [ -73.41440673, -13.19455173 ], [ -73.41496998, -13.19551398 ], [ -73.41499336, -13.19635886 ], [ -73.41414848, -13.19835373 ], [ -73.41194236, -13.20126386 ], [ -73.41126186, -13.20267198 ], [ -73.40961898, -13.21191873 ], [ -73.40877411, -13.21281048 ], [ -73.40790586, -13.21290448 ], [ -73.40614561, -13.21212998 ], [ -73.40408036, -13.20994736 ], [ -73.40117023, -13.20966573 ], [ -73.40013761, -13.21004123 ], [ -73.39640611, -13.21238811 ], [ -73.39124286, -13.21647173 ], [ -73.38847361, -13.21966348 ], [ -73.38453073, -13.22259711 ], [ -73.38232473, -13.22487361 ], [ -73.38047061, -13.23121011 ], [ -73.38270023, -13.23705386 ], [ -73.38246548, -13.23843873 ], [ -73.38108086, -13.24026911 ], [ -73.38004823, -13.24102011 ], [ -73.37896861, -13.24139561 ], [ -73.37751361, -13.24094973 ], [ -73.37577686, -13.24102011 ], [ -73.37089536, -13.24594861 ], [ -73.37063723, -13.24698123 ], [ -73.37143511, -13.24904648 ], [ -73.37120048, -13.25036073 ], [ -73.36936898, -13.25416711 ], [ -73.36930686, -13.25527036 ], [ -73.36991286, -13.25707298 ], [ -73.37002161, -13.25873548 ], [ -73.36856098, -13.26134586 ], [ -73.36514248, -13.26538586 ], [ -73.36528998, -13.26707423 ], [ -73.36434836, -13.26942848 ], [ -73.36378923, -13.26984048 ], [ -73.36234723, -13.27013473 ], [ -73.35687373, -13.26934023 ], [ -73.35313648, -13.26989936 ], [ -73.35228298, -13.27028186 ], [ -73.34918098, -13.27334673 ], [ -73.34621173, -13.27843686 ], [ -73.34599973, -13.27964873 ], [ -73.34693886, -13.28367836 ], [ -73.34663598, -13.28485998 ], [ -73.34690861, -13.28598098 ], [ -73.34802961, -13.28758673 ], [ -73.34887798, -13.28795036 ], [ -73.35151386, -13.28798061 ], [ -73.35245311, -13.28828361 ], [ -73.35273486, -13.29069236 ], [ -73.35203186, -13.29166186 ], [ -73.34985061, -13.29284961 ], [ -73.34907498, -13.29294648 ], [ -73.34677223, -13.29105586 ], [ -73.34449386, -13.29149223 ], [ -73.34333048, -13.29149223 ], [ -73.34192461, -13.29103173 ], [ -73.34110048, -13.29127411 ], [ -73.34107623, -13.29248598 ], [ -73.34211848, -13.29403723 ], [ -73.34656336, -13.29768223 ], [ -73.34836286, -13.29824061 ], [ -73.34881261, -13.30048998 ], [ -73.34817661, -13.30232048 ], [ -73.34640823, -13.30365448 ], [ -73.34408136, -13.30475586 ], [ -73.34304198, -13.30582636 ], [ -73.34249911, -13.30747061 ], [ -73.34220436, -13.31003023 ], [ -73.34125798, -13.31165898 ], [ -73.34037386, -13.31192273 ], [ -73.33804698, -13.31120911 ], [ -73.33641811, -13.31032498 ], [ -73.33475823, -13.30878936 ], [ -73.33387411, -13.30847898 ], [ -73.32966261, -13.30861661 ], [ -73.32787435, -13.31004254 ], [ -73.32398398, -13.31564848 ], [ -73.32309261, -13.31902161 ], [ -73.32130436, -13.32143186 ], [ -73.31959398, -13.32259811 ], [ -73.31459211, -13.32322011 ], [ -73.31140436, -13.32588948 ], [ -73.31065273, -13.33073586 ], [ -73.31104148, -13.33356073 ], [ -73.31241511, -13.33659298 ], [ -73.31205223, -13.33778511 ], [ -73.31119698, -13.33866636 ], [ -73.30720586, -13.33936598 ], [ -73.30632473, -13.33985836 ], [ -73.30360348, -13.34263148 ], [ -73.30220398, -13.34620798 ], [ -73.30264461, -13.34737423 ], [ -73.30453648, -13.34882548 ], [ -73.30448461, -13.34949936 ], [ -73.30261861, -13.35193548 ], [ -73.29911998, -13.35408661 ], [ -73.29769448, -13.35460498 ], [ -73.29634686, -13.35473448 ], [ -73.29212248, -13.35403473 ], [ -73.29028248, -13.35431986 ], [ -73.28958273, -13.35499361 ], [ -73.28831273, -13.36797773 ], [ -73.28735386, -13.37194298 ], [ -73.28691336, -13.37256498 ], [ -73.28600623, -13.37305736 ], [ -73.28382923, -13.37310923 ], [ -73.28067148, -13.37141548 ], [ -73.27988998, -13.37139098 ], [ -73.27727673, -13.37303948 ], [ -73.27512748, -13.37555511 ], [ -73.27334473, -13.37912073 ], [ -73.27223348, -13.38003661 ], [ -73.26985223, -13.38119673 ], [ -73.26176836, -13.38340698 ], [ -73.26009548, -13.38422511 ], [ -73.25941161, -13.38754661 ], [ -73.25903298, -13.39224786 ], [ -73.25812936, -13.39512973 ], [ -73.25727461, -13.39558161 ], [ -73.25572373, -13.39527636 ], [ -73.25259738, -13.39272593 ], [ -73.25092673, -13.39201523 ], [ -73.25053561, -13.39237061 ], [ -73.25060686, -13.39301036 ], [ -73.25177973, -13.39638673 ], [ -73.25021586, -13.40225111 ], [ -73.24904298, -13.40363723 ], [ -73.24641298, -13.40491673 ], [ -73.24118836, -13.40854173 ], [ -73.23610598, -13.41113636 ], [ -73.23511086, -13.41127861 ], [ -73.23098811, -13.41038998 ], [ -73.22768273, -13.41078098 ], [ -73.22487498, -13.41262911 ], [ -73.22295573, -13.41447736 ], [ -73.21797998, -13.41753386 ], [ -73.21556311, -13.41849348 ], [ -73.21187923, -13.41905086 ], [ -73.21075361, -13.42174686 ], [ -73.21017536, -13.42697811 ], [ -73.20934798, -13.43010086 ], [ -73.20954361, -13.43196036 ], [ -73.21146523, -13.43474511 ], [ -73.21556948, -13.43823536 ], [ -73.21883198, -13.44561711 ], [ -73.22318248, -13.44978073 ], [ -73.22370748, -13.45061711 ], [ -73.22327148, -13.45342848 ], [ -73.22113623, -13.45688936 ], [ -73.22018423, -13.46265448 ], [ -73.22035336, -13.46436273 ], [ -73.22124286, -13.46630223 ], [ -73.22300461, -13.46855311 ], [ -73.23100286, -13.47519911 ], [ -73.23284448, -13.47624898 ], [ -73.23531773, -13.47669373 ], [ -73.23792461, -13.47640911 ], [ -73.23998873, -13.47539486 ], [ -73.24366311, -13.47070623 ], [ -73.24432148, -13.46678273 ], [ -73.24473073, -13.46589298 ], [ -73.24543361, -13.46535023 ], [ -73.24688373, -13.46502111 ], [ -73.24894786, -13.46559048 ], [ -73.25183936, -13.46565273 ], [ -73.25552811, -13.46676586 ], [ -73.25788336, -13.46799348 ], [ -73.26050786, -13.46793711 ], [ -73.26720698, -13.46400348 ], [ -73.27080236, -13.46123798 ], [ -73.27439473, -13.46053648 ], [ -73.27866973, -13.45714461 ], [ -73.28007286, -13.45673748 ], [ -73.28215548, -13.45489898 ], [ -73.28352423, -13.45474248 ], [ -73.28651198, -13.45602336 ], [ -73.29251898, -13.45599523 ], [ -73.29435211, -13.45432511 ], [ -73.29595786, -13.45407848 ], [ -73.29768973, -13.45327048 ], [ -73.30025486, -13.45284123 ], [ -73.30223411, -13.45193623 ], [ -73.30537048, -13.44842111 ], [ -73.30700211, -13.44764298 ], [ -73.30931973, -13.44738361 ], [ -73.31167073, -13.44659711 ], [ -73.31244886, -13.44668911 ], [ -73.31356173, -13.44750073 ], [ -73.31426448, -13.44863861 ], [ -73.31485023, -13.45068011 ], [ -73.31707573, -13.45382611 ], [ -73.32135948, -13.45646998 ], [ -73.32366048, -13.45719798 ], [ -73.32524173, -13.45731523 ], [ -73.33179311, -13.45637798 ], [ -73.33348336, -13.45472973 ], [ -73.33440311, -13.45127523 ], [ -73.33438586, -13.44967961 ], [ -73.33298861, -13.44473336 ], [ -73.33322573, -13.44399598 ], [ -73.33407536, -13.44331886 ], [ -73.33702936, -13.44213723 ], [ -73.34038861, -13.44155511 ], [ -73.34219548, -13.44077461 ], [ -73.34411023, -13.43897198 ], [ -73.34597311, -13.43551786 ], [ -73.34716336, -13.43483223 ], [ -73.35418823, -13.43569461 ], [ -73.35665486, -13.43641498 ], [ -73.36196773, -13.43606536 ], [ -73.36598686, -13.43676411 ], [ -73.36703473, -13.43771286 ], [ -73.36810848, -13.44173623 ], [ -73.36887611, -13.44233561 ], [ -73.36963648, -13.44224673 ], [ -73.37214486, -13.44074873 ], [ -73.37612523, -13.44001561 ], [ -73.38285248, -13.44070136 ], [ -73.38723386, -13.43984748 ], [ -73.38961436, -13.44017536 ], [ -73.39711786, -13.44212436 ], [ -73.40048148, -13.44328011 ], [ -73.40296973, -13.44461698 ], [ -73.40397886, -13.44479373 ], [ -73.40502248, -13.44425473 ], [ -73.40610911, -13.44253836 ], [ -73.40797211, -13.44064961 ], [ -73.40958061, -13.43672961 ], [ -73.41046036, -13.43594911 ], [ -73.41489773, -13.43551786 ], [ -73.41760586, -13.43782923 ], [ -73.41868836, -13.43830361 ], [ -73.42312573, -13.43711336 ], [ -73.42622198, -13.43834673 ], [ -73.42892161, -13.43786811 ], [ -73.42992198, -13.43638898 ], [ -73.42999961, -13.43399561 ], [ -73.43045673, -13.43323223 ], [ -73.43500773, -13.43025361 ], [ -73.43608436, -13.42996073 ], [ -73.44234761, -13.43140248 ], [ -73.44739998, -13.42958998 ], [ -73.45012998, -13.42958998 ], [ -73.45618998, -13.43118998 ], [ -73.45765998, -13.43197998 ], [ -73.45917998, -13.43353998 ], [ -73.46147998, -13.43403998 ], [ -73.46322998, -13.43353998 ], [ -73.46575998, -13.43123998 ], [ -73.46942998, -13.42921998 ], [ -73.47094998, -13.43005998 ], [ -73.47252998, -13.43243998 ], [ -73.47387998, -13.43290998 ], [ -73.47814998, -13.43069998 ], [ -73.48048998, -13.43143998 ], [ -73.48150998, -13.43103998 ], [ -73.48210998, -13.43049998 ], [ -73.48282998, -13.42815998 ], [ -73.48431998, -13.42559998 ], [ -73.48682998, -13.42229998 ], [ -73.48719998, -13.42058998 ], [ -73.48689998, -13.41684998 ], [ -73.48789998, -13.41283998 ], [ -73.48982998, -13.40924998 ], [ -73.49273998, -13.40528998 ], [ -73.49299998, -13.40217998 ], [ -73.49417998, -13.39979998 ], [ -73.49850998, -13.39289998 ], [ -73.50710998, -13.38411998 ], [ -73.50939998, -13.38312998 ], [ -73.51109998, -13.38296998 ], [ -73.51254998, -13.38399998 ], [ -73.51758761, -13.38606948 ], [ -73.51992748, -13.38738086 ], [ -73.52158998, -13.38771998 ], [ -73.52603998, -13.38492998 ], [ -73.52717998, -13.38365998 ], [ -73.52868998, -13.37963998 ], [ -73.52904998, -13.37516998 ], [ -73.52973998, -13.37392998 ], [ -73.53093998, -13.37326998 ], [ -73.53572998, -13.37235998 ], [ -73.53766998, -13.37102998 ], [ -73.53929998, -13.37111998 ], [ -73.53983998, -13.37051998 ], [ -73.54161998, -13.36612998 ], [ -73.54343998, -13.36427998 ], [ -73.54524998, -13.36364998 ], [ -73.55052998, -13.36376998 ], [ -73.55308998, -13.36550998 ], [ -73.55754998, -13.36648998 ], [ -73.55849998, -13.36620998 ], [ -73.56149998, -13.36339998 ], [ -73.57017298, -13.36332286 ], [ -73.57130536, -13.36277998 ], [ -73.57285661, -13.36006536 ], [ -73.57284098, -13.35593923 ], [ -73.57417511, -13.35109948 ], [ -73.57370973, -13.34646136 ], [ -73.57232998, -13.34385998 ], [ -73.57175998, -13.34182998 ], [ -73.57216998, -13.34053998 ], [ -73.57362998, -13.33889998 ], [ -73.57501998, -13.33801998 ], [ -73.57665998, -13.33751998 ], [ -73.57873998, -13.33756998 ], [ -73.58139998, -13.33697998 ], [ -73.58670098, -13.33933598 ], [ -73.58779086, -13.33922436 ], [ -73.58985873, -13.33777123 ], [ -73.59073436, -13.33677461 ], [ -73.59493161, -13.33048361 ], [ -73.59678248, -13.32906623 ], [ -73.59890998, -13.32795998 ], [ -73.60130998, -13.32770998 ], [ -73.60250523, -13.32824486 ], [ -73.60553998, -13.33140998 ], [ -73.60673023, -13.33190998 ], [ -73.60808173, -13.33159736 ], [ -73.60853623, -13.33077523 ], [ -73.60969448, -13.32525736 ], [ -73.61129236, -13.32329698 ], [ -73.61283123, -13.32284561 ], [ -73.61549436, -13.32381473 ], [ -73.62048073, -13.32186911 ], [ -73.62470473, -13.32141048 ], [ -73.62563686, -13.32078161 ], [ -73.62604373, -13.31971636 ], [ -73.62571998, -13.31666998 ], [ -73.62703998, -13.31416998 ], [ -73.62846998, -13.31349998 ], [ -73.63230998, -13.31306998 ], [ -73.63571998, -13.31065998 ], [ -73.63679998, -13.30630998 ], [ -73.64066998, -13.30262998 ], [ -73.64141998, -13.30022998 ], [ -73.64194998, -13.29947998 ], [ -73.64597998, -13.29776998 ], [ -73.65214998, -13.29306998 ], [ -73.65289998, -13.29302998 ], [ -73.65540998, -13.29395998 ], [ -73.65654998, -13.29376998 ], [ -73.65753998, -13.29317998 ], [ -73.66071998, -13.28935998 ], [ -73.66071998, -13.28643998 ], [ -73.66147998, -13.28428998 ], [ -73.66334998, -13.28189998 ], [ -73.66449998, -13.28154998 ], [ -73.66578036, -13.28177011 ], [ -73.66787748, -13.28244023 ], [ -73.67020011, -13.28389711 ], [ -73.67352998, -13.28483998 ], [ -73.67636998, -13.28446998 ], [ -73.67920998, -13.28106998 ], [ -73.68084998, -13.28030998 ], [ -73.68194998, -13.28047998 ], [ -73.68449998, -13.28221998 ], [ -73.68697998, -13.28209998 ], [ -73.68763998, -13.28118998 ], [ -73.68675998, -13.27804998 ], [ -73.68682998, -13.27707998 ], [ -73.69218998, -13.27378998 ], [ -73.69303998, -13.27368998 ], [ -73.69452998, -13.27413998 ], [ -73.69519998, -13.27387998 ], [ -73.69637998, -13.27160998 ], [ -73.69660986, -13.26756073 ], [ -73.69809998, -13.26549998 ], [ -73.70018998, -13.26509998 ], [ -73.70215998, -13.26562998 ], [ -73.70429448, -13.26711361 ], [ -73.70523998, -13.26855998 ], [ -73.70657998, -13.26931998 ], [ -73.71067286, -13.26843486 ], [ -73.71657061, -13.26809086 ], [ -73.72405786, -13.26801248 ], [ -73.72621948, -13.26865986 ], [ -73.72763998, -13.26830998 ], [ -73.72823998, -13.26718998 ], [ -73.72838998, -13.26527998 ], [ -73.72795998, -13.26374998 ], [ -73.72673998, -13.26173998 ], [ -73.72682998, -13.26053998 ], [ -73.72783998, -13.25969998 ], [ -73.73106998, -13.25812998 ], [ -73.73230998, -13.25790998 ], [ -73.73543998, -13.25826998 ], [ -73.73636736, -13.25744748 ], [ -73.73655323, -13.25621861 ], [ -73.73604723, -13.25399836 ], [ -73.73525211, -13.25201561 ], [ -73.73255686, -13.24767836 ], [ -73.73169973, -13.24489011 ], [ -73.73083223, -13.24324823 ], [ -73.73086323, -13.24264923 ], [ -73.73203336, -13.23966148 ], [ -73.73265998, -13.23573998 ], [ -73.73434998, -13.23091998 ], [ -73.73497998, -13.22254998 ], [ -73.73614998, -13.22063998 ], [ -73.73844998, -13.21833998 ], [ -73.73850998, -13.21773998 ], [ -73.73756998, -13.21670998 ], [ -73.73744998, -13.21601998 ], [ -73.73813998, -13.21410998 ], [ -73.74008998, -13.21147998 ], [ -73.73974998, -13.21039998 ], [ -73.73801661, -13.20828336 ], [ -73.73610111, -13.20683511 ], [ -73.73424323, -13.20444486 ], [ -73.73221998, -13.20107998 ], [ -73.73140998, -13.20034998 ], [ -73.72934998, -13.19948998 ], [ -73.72825998, -13.19802998 ], [ -73.72809998, -13.19691998 ], [ -73.72842998, -13.19405998 ], [ -73.72925998, -13.19151998 ], [ -73.72904998, -13.18742998 ], [ -73.73035998, -13.18365998 ], [ -73.73095998, -13.18274998 ], [ -73.73754998, -13.17718998 ], [ -73.74200998, -13.17454998 ], [ -73.74418998, -13.17516998 ], [ -73.74569998, -13.17495998 ], [ -73.74744073, -13.17351923 ], [ -73.74829398, -13.17336311 ], [ -73.75269911, -13.17117411 ], [ -73.75643961, -13.17071486 ], [ -73.75794248, -13.17092361 ], [ -73.76068361, -13.17161998 ], [ -73.76761311, -13.17441798 ], [ -73.77192136, -13.17461161 ], [ -73.77260148, -13.17512461 ], [ -73.77298998, -13.17622998 ], [ -73.77212998, -13.17899998 ], [ -73.77207111, -13.18208511 ], [ -73.77252848, -13.18337073 ], [ -73.77392998, -13.18514998 ], [ -73.77750998, -13.18655998 ], [ -73.78641998, -13.19220998 ], [ -73.78845673, -13.19280561 ], [ -73.79073998, -13.19286998 ], [ -73.79333998, -13.19390998 ], [ -73.79176998, -13.19692998 ], [ -73.79207998, -13.19754998 ], [ -73.79702998, -13.19993998 ], [ -73.79850998, -13.20137998 ], [ -73.79926998, -13.20270998 ], [ -73.79935998, -13.20394998 ], [ -73.79871998, -13.20661998 ], [ -73.79858998, -13.20882998 ], [ -73.79981998, -13.21417998 ], [ -73.80055998, -13.21535998 ], [ -73.80183998, -13.21561998 ], [ -73.80736673, -13.21387298 ], [ -73.80805673, -13.21399198 ], [ -73.80881786, -13.21510011 ], [ -73.80901911, -13.21628598 ], [ -73.80790998, -13.22152998 ], [ -73.80919698, -13.22501623 ], [ -73.80898848, -13.22686798 ], [ -73.81001861, -13.23375973 ], [ -73.81207998, -13.23785998 ], [ -73.81360998, -13.23913998 ], [ -73.81350998, -13.24052998 ], [ -73.81285998, -13.24124998 ], [ -73.81280998, -13.24223998 ], [ -73.81423998, -13.24300998 ], [ -73.81715998, -13.24346998 ], [ -73.82321323, -13.24733248 ], [ -73.82402298, -13.24839261 ], [ -73.82408148, -13.24958636 ], [ -73.82284998, -13.25403998 ], [ -73.82274998, -13.25663998 ], [ -73.82515048, -13.26257086 ], [ -73.82637373, -13.26972498 ], [ -73.82584286, -13.27084673 ], [ -73.82231498, -13.27219111 ], [ -73.82172423, -13.27292748 ], [ -73.82069136, -13.27606061 ], [ -73.82055973, -13.27757698 ], [ -73.82284586, -13.28238061 ], [ -73.82300011, -13.28459836 ], [ -73.82111611, -13.28703011 ], [ -73.82034561, -13.28977011 ], [ -73.81828998, -13.29139998 ], [ -73.81610711, -13.29376023 ], [ -73.81351948, -13.29888086 ], [ -73.81269923, -13.29990823 ], [ -73.80972798, -13.30195486 ], [ -73.80795548, -13.30379573 ], [ -73.80772661, -13.30568948 ], [ -73.80806798, -13.30882298 ], [ -73.80781098, -13.30971136 ], [ -73.80584161, -13.31210886 ], [ -73.80599148, -13.31368223 ], [ -73.80683273, -13.31478411 ], [ -73.80752998, -13.31463998 ], [ -73.81227223, -13.30978998 ], [ -73.81346686, -13.30813298 ], [ -73.81512386, -13.30697686 ], [ -73.81766711, -13.30616761 ], [ -73.82159773, -13.30628323 ], [ -73.82360148, -13.30551261 ], [ -73.82664573, -13.30520423 ], [ -73.82988273, -13.30373998 ], [ -73.83103873, -13.30408673 ], [ -73.83234886, -13.30397111 ], [ -73.83338936, -13.30454923 ], [ -73.83385173, -13.30539698 ], [ -73.83466098, -13.30558961 ], [ -73.83624098, -13.30578236 ], [ -73.83905073, -13.30529711 ], [ -73.84185998, -13.30662986 ], [ -73.84591323, -13.30678423 ], [ -73.84830236, -13.30805586 ], [ -73.84939936, -13.30915036 ], [ -73.85146223, -13.30948161 ], [ -73.85810648, -13.30935148 ], [ -73.86050311, -13.30843373 ], [ -73.86136998, -13.30853561 ], [ -73.86269573, -13.30812773 ], [ -73.86611223, -13.30598611 ], [ -73.86815198, -13.30384436 ], [ -73.86733611, -13.29741936 ], [ -73.86672423, -13.29492073 ], [ -73.86575536, -13.29390086 ], [ -73.86601023, -13.29073936 ], [ -73.86580636, -13.28956648 ], [ -73.86208386, -13.28671098 ], [ -73.86009523, -13.28569111 ], [ -73.85769861, -13.28497723 ], [ -73.85576086, -13.28375336 ], [ -73.85474098, -13.28176473 ], [ -73.85448598, -13.28059186 ], [ -73.85361911, -13.27957198 ], [ -73.85178348, -13.27880711 ], [ -73.84853998, -13.27479998 ], [ -73.84686998, -13.26916998 ], [ -73.84694998, -13.26795998 ], [ -73.84637998, -13.26450998 ], [ -73.84650998, -13.25903998 ], [ -73.85093573, -13.25861861 ], [ -73.85760598, -13.25947211 ], [ -73.86192936, -13.25932611 ], [ -73.86895898, -13.26085323 ], [ -73.87178886, -13.26294198 ], [ -73.87477586, -13.26628836 ], [ -73.88010086, -13.27003898 ], [ -73.88261636, -13.27239723 ], [ -73.88679361, -13.27538423 ], [ -73.89036461, -13.27711361 ], [ -73.89281261, -13.27751786 ], [ -73.89539548, -13.27864073 ], [ -73.89858686, -13.27901136 ], [ -73.90177598, -13.27829261 ], [ -73.90696411, -13.27797823 ], [ -73.90959173, -13.27858461 ], [ -73.91224186, -13.27779861 ], [ -73.91707061, -13.27766386 ], [ -73.91909186, -13.27849473 ], [ -73.92066398, -13.28107761 ], [ -73.92160723, -13.28348073 ], [ -73.92380823, -13.28489561 ], [ -73.92460436, -13.28504173 ], [ -73.93053561, -13.28340286 ], [ -73.93349961, -13.27999973 ], [ -73.93591473, -13.27780423 ], [ -73.93948248, -13.27088823 ], [ -73.94409998, -13.26724698 ], [ -73.94500673, -13.26616461 ], [ -73.94448023, -13.26183498 ], [ -73.94518236, -13.26094273 ], [ -73.94684973, -13.25681798 ], [ -73.94690823, -13.25453623 ], [ -73.94567961, -13.25137686 ], [ -73.94532861, -13.24737486 ], [ -73.94547486, -13.24652648 ], [ -73.94752261, -13.24292836 ], [ -73.94772736, -13.24111461 ], [ -73.94690623, -13.23606136 ], [ -73.94607423, -13.23375023 ], [ -73.94594023, -13.22909586 ], [ -73.94804786, -13.22606386 ], [ -73.95041436, -13.22428886 ], [ -73.95107998, -13.22269886 ], [ -73.95459273, -13.21792886 ], [ -73.95544323, -13.21626486 ], [ -73.95695923, -13.21478586 ], [ -73.96017623, -13.21315886 ], [ -73.96195111, -13.21145798 ], [ -73.96283861, -13.21008986 ], [ -73.96379998, -13.20694673 ], [ -73.96357811, -13.20587448 ], [ -73.96197161, -13.20341748 ], [ -73.96151036, -13.20187998 ], [ -73.96158723, -13.19580711 ], [ -73.96107448, -13.19381373 ], [ -73.96065461, -13.18981448 ], [ -73.96081198, -13.18871248 ], [ -73.96139736, -13.18726011 ], [ -73.96424411, -13.18672873 ], [ -73.96685748, -13.18518586 ], [ -73.96757936, -13.18339023 ], [ -73.96880461, -13.18182648 ], [ -73.96993311, -13.17793961 ], [ -73.96975573, -13.17553761 ], [ -73.96880261, -13.17286023 ], [ -73.97030536, -13.17340911 ], [ -73.97420473, -13.17361186 ], [ -73.97744398, -13.17309898 ], [ -73.97792011, -13.17255936 ], [ -73.98198523, -13.17088198 ], [ -73.98747473, -13.16666898 ], [ -73.99015561, -13.16507323 ], [ -73.99392173, -13.16188161 ], [ -73.99456011, -13.16098798 ], [ -73.99462386, -13.15977511 ], [ -73.99258123, -13.15351961 ], [ -73.99243448, -13.14991161 ], [ -73.99341148, -13.14813761 ], [ -73.99503123, -13.14782911 ], [ -73.99703911, -13.14619136 ], [ -73.99947511, -13.14081711 ], [ -74.00024111, -13.13973198 ], [ -74.00145373, -13.13896598 ], [ -74.00439011, -13.13356573 ], [ -74.00630511, -13.13222536 ], [ -74.00758173, -13.13050186 ], [ -74.00902936, -13.12960198 ], [ -74.00885836, -13.12833161 ], [ -74.00726261, -13.12539536 ], [ -74.00726261, -13.12424636 ], [ -74.01007123, -13.12086323 ], [ -74.01549686, -13.11913973 ], [ -74.01734798, -13.11818236 ], [ -74.01798636, -13.11716098 ], [ -74.01875236, -13.11269273 ], [ -74.01830548, -13.11154386 ], [ -74.01619911, -13.10950123 ], [ -74.01619911, -13.10867136 ], [ -74.01829498, -13.10520511 ], [ -74.02138986, -13.10356361 ], [ -74.02147161, -13.10103073 ], [ -74.02073623, -13.09878386 ], [ -74.02148436, -13.09753511 ], [ -74.02384098, -13.09539298 ], [ -74.02592448, -13.09245173 ], [ -74.02641486, -13.09236998 ], [ -74.02759948, -13.09290111 ], [ -74.02866161, -13.09384073 ], [ -74.03033648, -13.09649598 ], [ -74.03213398, -13.09800761 ], [ -74.03478948, -13.09862036 ], [ -74.03662786, -13.09821186 ], [ -74.03985511, -13.09249661 ], [ -74.04246973, -13.08947361 ], [ -74.04646961, -13.08596323 ], [ -74.04733111, -13.07734448 ], [ -74.04716773, -13.07354523 ], [ -74.04830923, -13.06956911 ], [ -74.04991011, -13.06613161 ], [ -74.05072798, -13.06558623 ], [ -74.05481773, -13.06441773 ], [ -74.05812836, -13.06270411 ], [ -74.05906323, -13.06153561 ], [ -74.06128336, -13.05713423 ], [ -74.06120536, -13.05651111 ], [ -74.05988111, -13.05542048 ], [ -74.05707673, -13.05436886 ], [ -74.05672623, -13.05394036 ], [ -74.05703786, -13.05039598 ], [ -74.05556098, -13.04701823 ], [ -74.05556098, -13.04560773 ], [ -74.05402798, -13.04260311 ], [ -74.05200036, -13.04014411 ], [ -74.05298561, -13.03929186 ], [ -74.05378273, -13.03542861 ], [ -74.05433461, -13.03475398 ], [ -74.05880661, -13.03358398 ], [ -74.06036411, -13.03374386 ], [ -74.06349036, -13.03254373 ], [ -74.06519286, -13.03223673 ], [ -74.06600236, -13.03179011 ], [ -74.06711873, -13.03050611 ], [ -74.06857023, -13.02732423 ], [ -74.06904473, -13.02277186 ], [ -74.06854223, -13.02087386 ], [ -74.06815161, -13.02034348 ], [ -74.06661636, -13.01947823 ], [ -74.06594648, -13.01745461 ], [ -74.06644886, -13.01550073 ], [ -74.06963086, -13.01192811 ], [ -74.06988198, -13.01064411 ], [ -74.06870973, -13.00653836 ], [ -74.06856936, -13.00402873 ], [ -74.06929586, -13.00318886 ], [ -74.07071936, -13.00237948 ], [ -74.07261736, -13.00020236 ], [ -74.07489511, -12.99661936 ], [ -74.07565811, -12.99459648 ], [ -74.07707436, -12.99398223 ], [ -74.07759773, -12.99213773 ], [ -74.07701623, -12.98639023 ], [ -74.07738098, -12.98494611 ], [ -74.07978698, -12.98655795 ], [ -74.08181556, -12.98614663 ], [ -74.08543847, -12.98736257 ], [ -74.08596941, -12.9880445 ], [ -74.09104004, -12.99067002 ], [ -74.09299004, -12.99247002 ], [ -74.09493004, -12.99571002 ], [ -74.09662004, -12.99742002 ], [ -74.09822004, -13.00000002 ], [ -74.10009004, -13.00165002 ], [ -74.10136004, -13.00199002 ], [ -74.10164004, -13.00260002 ], [ -74.10275004, -13.00288002 ], [ -74.10443004, -13.00437002 ], [ -74.10631004, -13.00507002 ], [ -74.11094004, -13.00572002 ], [ -74.11239004, -13.00622002 ], [ -74.11408004, -13.00618002 ], [ -74.11700004, -13.00673002 ], [ -74.11868998, -13.00659998 ], [ -74.11720998, -13.00545998 ], [ -74.11634998, -13.00361998 ], [ -74.11669998, -13.00054998 ], [ -74.11618998, -12.99639998 ], [ -74.11658998, -12.99414998 ], [ -74.11633998, -12.99225998 ], [ -74.11670998, -12.99112998 ], [ -74.11599786, -12.98882873 ], [ -74.11512486, -12.98764398 ], [ -74.11394011, -12.98692698 ], [ -74.11182011, -12.98636573 ], [ -74.10929473, -12.98677123 ], [ -74.10807873, -12.98661523 ], [ -74.10720573, -12.98574223 ], [ -74.10480511, -12.98468211 ], [ -74.10399448, -12.98206323 ], [ -74.10474273, -12.97978723 ], [ -74.10440511, -12.97660961 ], [ -74.10551323, -12.97282861 ], [ -74.10570886, -12.97078598 ], [ -74.10849011, -12.96743973 ], [ -74.10849011, -12.96511461 ], [ -74.10888123, -12.96422361 ], [ -74.11172786, -12.96239848 ], [ -74.11218411, -12.96144236 ], [ -74.11187986, -12.95833511 ], [ -74.10907686, -12.95674886 ], [ -74.10851186, -12.95566248 ], [ -74.10844673, -12.95342861 ], [ -74.10812073, -12.95238561 ], [ -74.10649111, -12.95036486 ], [ -74.10642586, -12.94936536 ], [ -74.10799036, -12.94562786 ], [ -74.10851186, -12.94512811 ], [ -74.11111936, -12.94310723 ], [ -74.11368348, -12.94049973 ], [ -74.11622573, -12.94008686 ], [ -74.11672548, -12.93954373 ], [ -74.11674723, -12.93869623 ], [ -74.11474823, -12.93545861 ], [ -74.11466123, -12.93426348 ], [ -74.11496548, -12.93293786 ], [ -74.11724711, -12.93011098 ], [ -74.11752948, -12.92887248 ], [ -74.11746448, -12.92614186 ], [ -74.11902898, -12.92483086 ], [ -74.11989148, -12.92275948 ], [ -74.12111486, -12.92174523 ], [ -74.12322261, -12.91800786 ], [ -74.12535211, -12.91622598 ], [ -74.12728186, -12.91545136 ], [ -74.13024111, -12.91492223 ], [ -74.13065636, -12.91444411 ], [ -74.13175648, -12.91156923 ], [ -74.12993648, -12.90963748 ], [ -74.12875436, -12.90746373 ], [ -74.12871623, -12.90685373 ], [ -74.13134723, -12.90437498 ], [ -74.13287273, -12.90223961 ], [ -74.13291073, -12.89976098 ], [ -74.13119486, -12.89648148 ], [ -74.13115673, -12.89571886 ], [ -74.13180498, -12.89369773 ], [ -74.13527523, -12.88946473 ], [ -74.13622848, -12.88908361 ], [ -74.13923248, -12.88882223 ], [ -74.14307223, -12.88724598 ], [ -74.14468948, -12.88368948 ], [ -74.14423648, -12.87775411 ], [ -74.14442723, -12.87718211 ], [ -74.14545686, -12.87527548 ], [ -74.14862186, -12.87283486 ], [ -74.14836723, -12.87178123 ], [ -74.14548498, -12.87050411 ], [ -74.14251261, -12.87025411 ], [ -74.13973673, -12.86886898 ], [ -74.13727398, -12.86450736 ], [ -74.13674686, -12.86210586 ], [ -74.13674686, -12.86027048 ], [ -74.13633686, -12.85954811 ], [ -74.13500911, -12.85886473 ], [ -74.13153311, -12.85794498 ], [ -74.12930373, -12.85589048 ], [ -74.12928636, -12.85550148 ], [ -74.12768623, -12.85462273 ], [ -74.12698686, -12.85436036 ], [ -74.12471373, -12.85449161 ], [ -74.12257186, -12.85313648 ], [ -74.12156636, -12.85335511 ], [ -74.11989873, -12.85484486 ], [ -74.11909011, -12.85466223 ], [ -74.11636448, -12.85256823 ], [ -74.11540273, -12.85243711 ], [ -74.11243023, -12.85335511 ], [ -74.10807586, -12.85203048 ], [ -74.10668948, -12.85488423 ], [ -74.10522736, -12.85620598 ], [ -74.10308423, -12.85646648 ], [ -74.10190261, -12.85746798 ], [ -74.10120161, -12.85945086 ], [ -74.09973936, -12.86205061 ], [ -74.09869798, -12.86325223 ], [ -74.09795698, -12.86557561 ], [ -74.09711573, -12.86657711 ], [ -74.09507261, -12.86627661 ], [ -74.09274948, -12.86755848 ], [ -74.09056636, -12.86659711 ], [ -74.08787323, -12.86631586 ], [ -74.08850336, -12.86391323 ], [ -74.08798261, -12.86158998 ], [ -74.08746186, -12.86146986 ], [ -74.08632023, -12.86199048 ], [ -74.08533886, -12.86203048 ], [ -74.08150148, -12.86064036 ], [ -74.08084461, -12.86172798 ], [ -74.07568423, -12.86593986 ], [ -74.07553236, -12.86647111 ], [ -74.07230711, -12.87003786 ], [ -74.07082723, -12.87314948 ], [ -74.07063261, -12.87519211 ], [ -74.06793486, -12.87374561 ], [ -74.06368661, -12.87303398 ], [ -74.06092098, -12.87291123 ], [ -74.05991861, -12.87241011 ], [ -74.05893911, -12.87149886 ], [ -74.05609161, -12.86753523 ], [ -74.05488436, -12.86662411 ], [ -74.05291998, -12.86619998 ], [ -74.04896998, -12.86650998 ], [ -74.04461998, -12.86543998 ], [ -74.04350998, -12.86368998 ], [ -74.04269998, -12.86314998 ], [ -74.04352998, -12.86291998 ], [ -74.04364998, -12.86255998 ], [ -74.04328998, -12.86144998 ], [ -74.04361998, -12.85987998 ], [ -74.04275998, -12.85828998 ], [ -74.04103998, -12.85717998 ], [ -74.03956998, -12.85692998 ], [ -74.03626998, -12.85560998 ], [ -74.03140998, -12.85291998 ], [ -74.02676998, -12.84756998 ], [ -74.02595998, -12.84599998 ], [ -74.02478998, -12.84501998 ], [ -74.02373998, -12.84449998 ], [ -74.02232786, -12.84305423 ], [ -74.01766548, -12.84264573 ], [ -74.01673798, -12.84216536 ], [ -74.01482623, -12.83940823 ], [ -74.01128323, -12.83911136 ], [ -74.00865036, -12.83935348 ], [ -74.00709173, -12.84009573 ], [ -74.00465198, -12.84306723 ], [ -74.00354511, -12.84392398 ], [ -73.99908298, -12.84154848 ], [ -73.99622611, -12.83916173 ], [ -73.99553911, -12.83652186 ], [ -73.99535823, -12.83355661 ], [ -73.99666011, -12.83203773 ], [ -73.99874361, -12.82868111 ], [ -73.99724061, -12.82549423 ], [ -73.99612236, -12.82398123 ], [ -73.99493823, -12.82069211 ], [ -73.99442998, -12.81285998 ], [ -73.99372998, -12.81005998 ], [ -73.99113998, -12.80529998 ], [ -73.98940998, -12.79891998 ], [ -73.98767998, -12.79662998 ], [ -73.98884998, -12.79362998 ], [ -73.99196998, -12.78738998 ], [ -73.99334998, -12.78538998 ], [ -73.99390998, -12.78252998 ], [ -73.99526998, -12.78126998 ], [ -73.99512998, -12.77867998 ], [ -73.99651998, -12.77415998 ], [ -73.99643998, -12.77306998 ], [ -73.99516998, -12.77048998 ], [ -73.99475998, -12.76720998 ], [ -73.99388998, -12.76445998 ], [ -73.99230998, -12.76181998 ], [ -73.99180998, -12.75951998 ], [ -73.99167998, -12.75401998 ], [ -73.98927998, -12.75186998 ], [ -73.98808998, -12.74986998 ], [ -73.98731998, -12.74934998 ], [ -73.98587998, -12.74876998 ], [ -73.98398998, -12.74883998 ], [ -73.98248998, -12.74760998 ], [ -73.98155998, -12.74730998 ], [ -73.97913998, -12.74803998 ], [ -73.97804998, -12.74800998 ], [ -73.97767998, -12.74693998 ], [ -73.97605998, -12.74498998 ], [ -73.97567998, -12.74318998 ], [ -73.97348998, -12.74080998 ], [ -73.97289998, -12.73884998 ], [ -73.96933998, -12.73552998 ], [ -73.96679998, -12.73543998 ], [ -73.96377998, -12.73440998 ], [ -73.96020998, -12.73417998 ], [ -73.95677998, -12.73283998 ], [ -73.95336998, -12.73061998 ], [ -73.95167998, -12.72830998 ], [ -73.95094998, -12.72785998 ], [ -73.94858998, -12.72801998 ], [ -73.94636998, -12.72990998 ], [ -73.94531998, -12.73013998 ], [ -73.94347998, -12.72973998 ], [ -73.94267998, -12.72917998 ], [ -73.93977998, -12.72571998 ], [ -73.93887998, -12.72414998 ], [ -73.93543998, -12.72185998 ], [ -73.93064998, -12.72208998 ], [ -73.92489998, -12.72145998 ], [ -73.92168998, -12.72055998 ], [ -73.91926998, -12.72104998 ], [ -73.91632998, -12.72081998 ], [ -73.91365998, -12.72163998 ], [ -73.91165998, -12.72078998 ], [ -73.90950998, -12.72079998 ], [ -73.90279998, -12.71751998 ], [ -73.90007998, -12.71712998 ], [ -73.89741998, -12.71576998 ], [ -73.89390998, -12.71466998 ], [ -73.89263998, -12.71324998 ], [ -73.88973998, -12.71253998 ], [ -73.88895998, -12.71212998 ], [ -73.88810998, -12.71104998 ], [ -73.88762998, -12.70935998 ], [ -73.88684998, -12.70835998 ], [ -73.88655998, -12.70695998 ], [ -73.88427998, -12.70382998 ], [ -73.88209998, -12.69938998 ], [ -73.88038998, -12.69519998 ], [ -73.88013998, -12.69255998 ], [ -73.87886998, -12.68974998 ], [ -73.87592998, -12.68616998 ], [ -73.87433998, -12.68492998 ], [ -73.87232998, -12.68095998 ], [ -73.87200998, -12.67969998 ], [ -73.86999998, -12.67813998 ], [ -73.86924998, -12.67681998 ], [ -73.86921998, -12.67441998 ], [ -73.86764998, -12.67130998 ], [ -73.86723998, -12.66965998 ], [ -73.86997998, -12.66243998 ], [ -73.86999998, -12.65889998 ], [ -73.86911998, -12.65669998 ], [ -73.86718998, -12.65408998 ], [ -73.86569998, -12.65281998 ], [ -73.86505998, -12.65257998 ], [ -73.86231998, -12.65276998 ], [ -73.85966998, -12.65158998 ], [ -73.85351998, -12.64503998 ], [ -73.85367998, -12.64297998 ], [ -73.85445998, -12.64177998 ], [ -73.85453998, -12.63943998 ], [ -73.85562998, -12.63816998 ], [ -73.85600998, -12.63594998 ], [ -73.85759998, -12.63254998 ], [ -73.85737998, -12.63070998 ], [ -73.85819998, -12.62900998 ], [ -73.85845998, -12.62623998 ], [ -73.85920998, -12.62439998 ], [ -73.85944998, -12.62220998 ], [ -73.85885998, -12.62086998 ], [ -73.85627773, -12.61769598 ], [ -73.85450586, -12.61271648 ], [ -73.85368098, -12.61137223 ], [ -73.85209236, -12.60969198 ], [ -73.84976948, -12.6081231 ], [ -73.84879298, -12.60669798 ], [ -73.84809036, -12.60508498 ], [ -73.84809036, -12.59976923 ], [ -73.84775423, -12.59721823 ], [ -73.84622673, -12.59211623 ], [ -73.84427148, -12.58811423 ], [ -73.83993336, -12.58301235 ], [ -73.83562573, -12.57916298 ], [ -73.83266236, -12.57509985 ], [ -73.83266236, -12.57286973 ], [ -73.83449548, -12.56718735 ], [ -73.83463236, -12.56278248 ], [ -73.83403186, -12.55969473 ], [ -73.83360648, -12.5546406 ], [ -73.83223036, -12.5504621 ], [ -73.83005348, -12.54136185 ], [ -73.82991511, -12.53904473 ], [ -73.83092461, -12.53512535 ], [ -73.83093473, -12.5307841 ], [ -73.82679898, -12.53115898 ], [ -73.82402298, -12.53347798 ], [ -73.82238911, -12.53725548 ], [ -73.82200248, -12.53999623 ], [ -73.82191473, -12.54159498 ], [ -73.82255248, -12.54474798 ], [ -73.81188836, -12.5583966 ], [ -73.81098586, -12.56309973 ], [ -73.80878986, -12.56915185 ], [ -73.80640661, -12.57394535 ], [ -73.80479986, -12.57598048 ], [ -73.80453198, -12.5776141 ], [ -73.80512361, -12.58414323 ], [ -73.80466923, -12.58509335 ], [ -73.80314073, -12.58637385 ], [ -73.80442136, -12.59153748 ], [ -73.80458661, -12.59451198 ], [ -73.80231461, -12.59694923 ], [ -73.80095136, -12.59901473 ], [ -73.80150711, -12.6053991 ], [ -73.800958, -12.6086019 ], [ -73.80129298, -12.6122446 ], [ -73.80063323, -12.61458348 ], [ -73.80006348, -12.6154531 ], [ -73.79604536, -12.61893148 ], [ -73.78965898, -12.62103723 ], [ -73.78581511, -12.62343635 ], [ -73.77897336, -12.63120573 ], [ -73.77526436, -12.6371146 ], [ -73.77381823, -12.63807423 ], [ -73.77231961, -12.63987523 ], [ -73.77182011, -12.6406376 ], [ -73.77162286, -12.6420311 ], [ -73.77028686, -12.6428346 ], [ -73.76455698, -12.64783998 ], [ -73.76003661, -12.64965473 ], [ -73.75658786, -12.65146235 ] ] ] ] } },
{ "type": "Feature", "properties": { "id": "provincial.6", "departamen": "AYACUCHO", "provincia": "LUCANAS", "id_prov": 6 }, "geometry": { "type": "MultiPolygon", "coordinates": [ [ [ [ -74.06653923, -14.02992298 ], [ -74.06412098, -14.03730711 ], [ -74.06304148, -14.03894811 ], [ -74.06317098, -14.03976848 ], [ -74.06554611, -14.04235948 ], [ -74.07029611, -14.04516636 ], [ -74.07185061, -14.04650498 ], [ -74.07241198, -14.04749811 ], [ -74.07241198, -14.04831861 ], [ -74.07167798, -14.04974361 ], [ -74.07215298, -14.05302548 ], [ -74.07150523, -14.05578923 ], [ -74.07141886, -14.05768923 ], [ -74.07228248, -14.05933011 ], [ -74.07314611, -14.06230973 ], [ -74.07266873, -14.06573786 ], [ -74.07301136, -14.06802211 ], [ -74.07249748, -14.06962111 ], [ -74.07284023, -14.07316173 ], [ -74.07392511, -14.07550311 ], [ -74.07518148, -14.07681661 ], [ -74.07683761, -14.07767323 ], [ -74.07797973, -14.07892948 ], [ -74.07883636, -14.08081411 ], [ -74.08066373, -14.08344098 ], [ -74.08271973, -14.08606811 ], [ -74.08546061, -14.08880898 ], [ -74.08751661, -14.09417711 ], [ -74.08757373, -14.09537636 ], [ -74.08700261, -14.09640423 ], [ -74.08608886, -14.09691823 ], [ -74.08283386, -14.09714673 ], [ -74.08209148, -14.09766073 ], [ -74.08174873, -14.09863148 ], [ -74.08174873, -14.10171523 ], [ -74.08346198, -14.10622673 ], [ -74.08374748, -14.10782573 ], [ -74.08289098, -14.11010998 ], [ -74.08123486, -14.11267986 ], [ -74.07974998, -14.11313673 ], [ -74.07730073, -14.11530473 ], [ -74.07500386, -14.11606448 ], [ -74.07057236, -14.11662498 ], [ -74.06949611, -14.11602348 ], [ -74.06787886, -14.11437311 ], [ -74.06568948, -14.11322461 ], [ -74.06304098, -14.11245511 ], [ -74.05970598, -14.11224211 ], [ -74.05907261, -14.11175786 ], [ -74.05877461, -14.11093823 ], [ -74.05866273, -14.10888911 ], [ -74.05735886, -14.10739886 ], [ -74.05340823, -14.10463286 ], [ -74.04979086, -14.10335386 ], [ -74.04802048, -14.10215461 ], [ -74.04191011, -14.09947061 ], [ -74.03916898, -14.09849986 ], [ -74.03791261, -14.09849986 ], [ -74.03694173, -14.09935636 ], [ -74.03385798, -14.10752273 ], [ -74.03185923, -14.10946436 ], [ -74.02963211, -14.11237686 ], [ -74.02826148, -14.11534636 ], [ -74.02694811, -14.11991498 ], [ -74.02643411, -14.12591123 ], [ -74.02602461, -14.12724211 ], [ -74.02506386, -14.12835461 ], [ -74.02160861, -14.12894448 ], [ -74.01626998, -14.13270998 ], [ -74.01502998, -14.13320998 ], [ -74.01420998, -14.13407998 ], [ -74.01311998, -14.13949998 ], [ -74.01058998, -14.14180998 ], [ -74.00948998, -14.14383998 ], [ -74.00554998, -14.14623998 ], [ -74.00406998, -14.14789998 ], [ -74.00417998, -14.15004998 ], [ -74.00360998, -14.15176998 ], [ -74.00074998, -14.15700998 ], [ -73.99898998, -14.15932998 ], [ -73.99619998, -14.15847998 ], [ -73.99112998, -14.16015998 ], [ -73.98866998, -14.16236998 ], [ -73.98765998, -14.16370998 ], [ -73.98557998, -14.16442998 ], [ -73.98475998, -14.16504998 ], [ -73.98404998, -14.16667998 ], [ -73.98416998, -14.16877998 ], [ -73.98303998, -14.16997998 ], [ -73.98080998, -14.17082998 ], [ -73.97749998, -14.17146998 ], [ -73.97235998, -14.17403998 ], [ -73.96638998, -14.17634998 ], [ -73.96422998, -14.17767998 ], [ -73.96368998, -14.17821998 ], [ -73.96322998, -14.17975998 ], [ -73.96243998, -14.18067998 ], [ -73.96190998, -14.18340998 ], [ -73.96073998, -14.18431998 ], [ -73.95841998, -14.18523998 ], [ -73.95552998, -14.18565998 ], [ -73.95440998, -14.18629998 ], [ -73.95170998, -14.18669998 ], [ -73.95041998, -14.18643998 ], [ -73.95003323, -14.18572836 ], [ -73.94249823, -14.19884423 ], [ -73.90714036, -14.19173761 ], [ -73.88678023, -14.20968298 ], [ -73.87925461, -14.21669548 ], [ -73.87936873, -14.21834886 ], [ -73.87983148, -14.21951986 ], [ -73.88185398, -14.22189911 ], [ -73.88518523, -14.22356473 ], [ -73.89125286, -14.22594423 ], [ -73.89303748, -14.22725298 ], [ -73.89494098, -14.22939448 ], [ -73.89577386, -14.23189273 ], [ -73.89565498, -14.23462923 ], [ -73.89315636, -14.24533686 ], [ -73.89279948, -14.24831123 ], [ -73.89303748, -14.25164248 ], [ -73.89375123, -14.25544961 ], [ -73.89494098, -14.25925673 ], [ -73.89658398, -14.26283198 ], [ -73.89004411, -14.26760698 ], [ -73.88868761, -14.26940323 ], [ -73.88623148, -14.27548886 ], [ -73.88458173, -14.28164773 ], [ -73.88399523, -14.28260098 ], [ -73.88169673, -14.28386061 ], [ -73.87861286, -14.28871473 ], [ -73.87798473, -14.28917161 ], [ -73.87444411, -14.28922873 ], [ -73.87307348, -14.28894311 ], [ -73.87193136, -14.28825773 ], [ -73.86690598, -14.28151923 ], [ -73.86279423, -14.27780723 ], [ -73.86108098, -14.27666511 ], [ -73.86005311, -14.27637961 ], [ -73.85807436, -14.27639673 ], [ -73.85517186, -14.27729098 ], [ -73.85018161, -14.28125386 ], [ -73.84867186, -14.28027936 ], [ -73.84699223, -14.27733398 ], [ -73.84465823, -14.27656248 ], [ -73.84342973, -14.27672661 ], [ -73.84060736, -14.27814261 ], [ -73.83390036, -14.28068673 ], [ -73.83224061, -14.28103411 ], [ -73.83038773, -14.28126573 ], [ -73.82953861, -14.28095686 ], [ -73.82768573, -14.27933573 ], [ -73.82621898, -14.27891111 ], [ -73.82579436, -14.27972173 ], [ -73.82691373, -14.28315711 ], [ -73.82610311, -14.28485548 ], [ -73.82425036, -14.28582048 ], [ -73.82131673, -14.28620661 ], [ -73.81915511, -14.28821373 ], [ -73.81498623, -14.29361773 ], [ -73.81367373, -14.29454423 ], [ -73.81094261, -14.29582623 ], [ -73.80813048, -14.29643423 ], [ -73.80653448, -14.29635823 ], [ -73.80159423, -14.29430611 ], [ -73.79882823, -14.29394461 ], [ -73.79683148, -14.29578486 ], [ -73.79530448, -14.29758573 ], [ -73.79307273, -14.30150111 ], [ -73.79072361, -14.30839211 ], [ -73.79025373, -14.31070211 ], [ -73.79005786, -14.31637923 ], [ -73.78948711, -14.31711148 ], [ -73.78610436, -14.31959211 ], [ -73.78409973, -14.32247398 ], [ -73.78334798, -14.32294986 ], [ -73.78242073, -14.32322573 ], [ -73.77851186, -14.32302511 ], [ -73.77613136, -14.32325061 ], [ -73.77343761, -14.32224511 ], [ -73.76553323, -14.32774636 ], [ -73.76423086, -14.32825286 ], [ -73.76338673, -14.33059223 ], [ -73.76249448, -14.33170161 ], [ -73.75947323, -14.33161298 ], [ -73.75517111, -14.33210186 ], [ -73.75072236, -14.33435061 ], [ -73.74744698, -14.33464398 ], [ -73.73918511, -14.33821273 ], [ -73.73825623, -14.33816386 ], [ -73.73590961, -14.33562173 ], [ -73.73507848, -14.33518173 ], [ -73.72818548, -14.33239511 ], [ -73.72657223, -14.33205298 ], [ -73.72315011, -14.33004861 ], [ -73.72183011, -14.33004861 ], [ -73.71928798, -14.33127073 ], [ -73.71718586, -14.33102636 ], [ -73.71198036, -14.32683636 ], [ -73.70669561, -14.32416436 ], [ -73.69528898, -14.32658998 ], [ -73.69042198, -14.32634761 ], [ -73.68992486, -14.33067286 ], [ -73.68898661, -14.33228123 ], [ -73.68504636, -14.33765436 ], [ -73.68218061, -14.33908711 ], [ -73.67816873, -14.34245436 ], [ -73.67687911, -14.34632298 ], [ -73.67487311, -14.34739761 ], [ -73.66914186, -14.34804236 ], [ -73.66720748, -14.34868723 ], [ -73.66346998, -14.35207886 ], [ -73.66004361, -14.35362073 ], [ -73.65890148, -14.35453448 ], [ -73.65890148, -14.35619061 ], [ -73.65833036, -14.35738986 ], [ -73.65501811, -14.36024511 ], [ -73.65410448, -14.36161573 ], [ -73.65376186, -14.36549898 ], [ -73.65416161, -14.36806886 ], [ -73.65547498, -14.37092423 ], [ -73.65558923, -14.37189498 ], [ -73.65524648, -14.37303711 ], [ -73.65473261, -14.37349398 ], [ -73.65221986, -14.37406511 ], [ -73.64449173, -14.37447186 ], [ -73.63864123, -14.37403523 ], [ -73.63269311, -14.37409348 ], [ -73.62859723, -14.37524323 ], [ -73.62622586, -14.37553061 ], [ -73.62205823, -14.37452461 ], [ -73.62062111, -14.37380611 ], [ -73.61623773, -14.37057248 ], [ -73.61501623, -14.37028511 ], [ -73.61242936, -14.37085998 ], [ -73.61228561, -14.37172236 ], [ -73.61363936, -14.37599048 ], [ -73.61365086, -14.37761448 ], [ -73.61320511, -14.37916411 ], [ -73.61113123, -14.38050148 ], [ -73.60731136, -14.38197736 ], [ -73.60418611, -14.38267186 ], [ -73.60379548, -14.38306248 ], [ -73.60370861, -14.38380036 ], [ -73.60670373, -14.38913948 ], [ -73.60922136, -14.39126661 ], [ -73.61013286, -14.39408786 ], [ -73.60978561, -14.39790773 ], [ -73.60917786, -14.39855886 ], [ -73.60679048, -14.39864561 ], [ -73.60422948, -14.39947036 ], [ -73.60175523, -14.40133686 ], [ -73.59802223, -14.40493973 ], [ -73.59459311, -14.40697986 ], [ -73.59350798, -14.40702311 ], [ -73.59168498, -14.40789148 ], [ -73.58743098, -14.40711011 ], [ -73.58573811, -14.40728373 ], [ -73.58360498, -14.41306698 ], [ -73.58174998, -14.41613473 ], [ -73.58170311, -14.41950448 ], [ -73.57960936, -14.42525623 ], [ -73.57851561, -14.42640486 ], [ -73.57686936, -14.42899673 ], [ -73.57389211, -14.43197411 ], [ -73.57347173, -14.43305986 ], [ -73.57377686, -14.43571698 ], [ -73.57476773, -14.43901448 ], [ -73.57473273, -14.44328773 ], [ -73.57327611, -14.44827048 ], [ -73.57255986, -14.45289373 ], [ -73.57064136, -14.45657011 ], [ -73.56898836, -14.45932998 ], [ -73.56693948, -14.46024023 ], [ -73.56317111, -14.45989123 ], [ -73.56072198, -14.46073111 ], [ -73.55784986, -14.46248248 ], [ -73.55231398, -14.46384198 ], [ -73.55140486, -14.46500448 ], [ -73.55136986, -14.47029348 ], [ -73.55182523, -14.47267523 ], [ -73.55459111, -14.47930211 ], [ -73.55456061, -14.48069536 ], [ -73.54751398, -14.48206723 ], [ -73.54576561, -14.48269298 ], [ -73.54365623, -14.48409573 ], [ -73.54201561, -14.48476373 ], [ -73.54035161, -14.48595311 ], [ -73.53505661, -14.49154498 ], [ -73.53426623, -14.49307911 ], [ -73.53438736, -14.49359436 ], [ -73.53549911, -14.49444411 ], [ -73.53635498, -14.49648498 ], [ -73.53668411, -14.49819673 ], [ -73.53642073, -14.49948048 ], [ -73.53375448, -14.50191636 ], [ -73.53355698, -14.50497773 ], [ -73.53316198, -14.50629436 ], [ -73.53246223, -14.50724223 ], [ -73.53396223, -14.50721861 ], [ -73.53655536, -14.50813711 ], [ -73.54309236, -14.50889348 ], [ -73.54719836, -14.51083836 ], [ -73.54903511, -14.51213498 ], [ -73.55222261, -14.51672711 ], [ -73.55319511, -14.51737548 ], [ -73.55540823, -14.51800223 ], [ -73.55649786, -14.51921748 ], [ -73.55750373, -14.52118723 ], [ -73.55859336, -14.52177411 ], [ -73.56094036, -14.52244461 ], [ -73.56198823, -14.52189986 ], [ -73.56304098, -14.52084186 ], [ -73.56446086, -14.52089398 ], [ -73.56538286, -14.52160648 ], [ -73.56793948, -14.52604898 ], [ -73.57877723, -14.54023961 ], [ -73.58152761, -14.54220398 ], [ -73.58722486, -14.54894911 ], [ -73.58899311, -14.54947298 ], [ -73.59049911, -14.54914561 ], [ -73.59429723, -14.54515098 ], [ -73.60051836, -14.54194223 ], [ -73.60408773, -14.54156548 ], [ -73.60499048, -14.54164748 ], [ -73.60589336, -14.54226311 ], [ -73.60740473, -14.54381936 ], [ -73.60756048, -14.54555586 ], [ -73.60907436, -14.54860586 ], [ -73.61321523, -14.55414923 ], [ -73.61593611, -14.55938548 ], [ -73.61664986, -14.56224086 ], [ -73.62188473, -14.57021211 ], [ -73.62866611, -14.57865911 ], [ -73.63469386, -14.59090173 ], [ -73.63589711, -14.59220511 ], [ -73.63770161, -14.59300711 ], [ -73.64176198, -14.59395948 ], [ -73.64341623, -14.59481173 ], [ -73.64421823, -14.59601473 ], [ -73.64916998, -14.59952348 ], [ -73.65936123, -14.60756961 ], [ -73.66293036, -14.60983011 ], [ -73.66602373, -14.61304236 ], [ -73.66929586, -14.61762948 ], [ -73.67168498, -14.61971223 ], [ -73.68368698, -14.62557873 ], [ -73.69067248, -14.62941686 ], [ -73.69814448, -14.63094923 ], [ -73.69892573, -14.63160923 ], [ -73.70012498, -14.63356061 ], [ -73.70294723, -14.63440236 ], [ -73.70898048, -14.63521098 ], [ -73.70944773, -14.63544961 ], [ -73.70994086, -14.63679536 ], [ -73.71178511, -14.63704298 ], [ -73.71276923, -14.63773523 ], [ -73.71444736, -14.64007723 ], [ -73.71508798, -14.64022461 ], [ -73.71640823, -14.64124411 ], [ -73.72078911, -14.64244536 ], [ -73.72192961, -14.64178511 ], [ -73.72373048, -14.63908398 ], [ -73.72511136, -14.63815236 ], [ -73.73824223, -14.63794323 ], [ -73.74485923, -14.63446098 ], [ -73.74584961, -14.63434186 ], [ -73.74735161, -14.63467186 ], [ -73.74870123, -14.63542186 ], [ -73.74873261, -14.63656248 ], [ -73.74711136, -14.63986323 ], [ -73.74732036, -14.64028323 ], [ -73.74783198, -14.64022461 ], [ -73.74957223, -14.63803323 ], [ -73.75104298, -14.63722261 ], [ -73.75557436, -14.63605273 ], [ -73.75592823, -14.63646498 ], [ -73.75594911, -14.63776373 ], [ -73.75390823, -14.64040436 ], [ -73.75480861, -14.64256448 ], [ -73.75643361, -14.64458598 ], [ -73.75631061, -14.64553711 ], [ -73.75534961, -14.64679686 ], [ -73.75541011, -14.64751761 ], [ -73.75613086, -14.64811723 ], [ -73.75675973, -14.64814848 ], [ -73.75899598, -14.64694723 ], [ -73.76097661, -14.64667773 ], [ -73.76130661, -14.64712698 ], [ -73.76145698, -14.64865836 ], [ -73.76265823, -14.64895698 ], [ -73.76284386, -14.64928911 ], [ -73.76292773, -14.65075786 ], [ -73.76424811, -14.65024811 ], [ -73.77079098, -14.64586723 ], [ -73.77142186, -14.64439648 ], [ -73.77208198, -14.64376561 ], [ -73.77433198, -14.64337498 ], [ -73.77524811, -14.64286523 ], [ -73.78056073, -14.63842373 ], [ -73.78113086, -14.63830273 ], [ -73.78206061, -14.63854298 ], [ -73.78323736, -14.64021023 ], [ -73.78467186, -14.63974411 ], [ -73.78692861, -14.64146598 ], [ -73.79043698, -14.64279048 ], [ -73.79269236, -14.64551136 ], [ -73.79344411, -14.64586923 ], [ -73.79684523, -14.64533223 ], [ -73.80178536, -14.64515323 ], [ -73.80303836, -14.64472373 ], [ -73.80862311, -14.63967611 ], [ -73.81030561, -14.63849461 ], [ -73.81113061, -14.63849036 ], [ -73.81256611, -14.63884923 ], [ -73.81525761, -14.64037448 ], [ -73.82242523, -14.64624461 ], [ -73.82321236, -14.64759386 ], [ -73.82703536, -14.65889411 ], [ -73.82675423, -14.66119911 ], [ -73.82518011, -14.66367286 ], [ -73.82433673, -14.66580923 ], [ -73.82411186, -14.66850773 ], [ -73.82293123, -14.67137486 ], [ -73.82298748, -14.67418598 ], [ -73.82259398, -14.67525411 ], [ -73.82113223, -14.67699698 ], [ -73.82107598, -14.67784023 ], [ -73.82428048, -14.68188811 ], [ -73.82782236, -14.68475536 ], [ -73.82939661, -14.68649811 ], [ -73.83023986, -14.68807236 ], [ -73.83158348, -14.69109361 ], [ -73.83431811, -14.70052048 ], [ -73.83557736, -14.70239148 ], [ -73.83611711, -14.70469436 ], [ -73.83658486, -14.71106286 ], [ -73.83564936, -14.71721561 ], [ -73.83399423, -14.72059773 ], [ -73.83151161, -14.72203711 ], [ -73.82798548, -14.72207311 ], [ -73.82618636, -14.72426786 ], [ -73.82571861, -14.72516736 ], [ -73.82571861, -14.72592298 ], [ -73.83226711, -14.73315511 ], [ -73.83521761, -14.73729298 ], [ -73.83895961, -14.74056723 ], [ -73.84586611, -14.75044198 ], [ -73.84926186, -14.75383798 ], [ -73.85077786, -14.75492948 ], [ -73.85338536, -14.75523248 ], [ -73.85514398, -14.75620286 ], [ -73.85544711, -14.75662736 ], [ -73.85496198, -14.75905286 ], [ -73.85478011, -14.76257011 ], [ -73.85611423, -14.76505623 ], [ -73.85708448, -14.76590523 ], [ -73.86066223, -14.76742123 ], [ -73.86521011, -14.76651161 ], [ -73.86696873, -14.76651161 ], [ -73.86890911, -14.76723936 ], [ -73.87057236, -14.76714711 ], [ -73.87053161, -14.77043323 ], [ -73.86975061, -14.77527073 ], [ -73.87045611, -14.77630373 ], [ -73.87244648, -14.77728636 ], [ -73.87320236, -14.77806736 ], [ -73.87337873, -14.77887361 ], [ -73.87305111, -14.78073811 ], [ -73.87156461, -14.78393786 ], [ -73.87131273, -14.78955636 ], [ -73.87022998, -14.79116998 ], [ -73.86931998, -14.79169998 ], [ -73.86903998, -14.79221998 ], [ -73.86918998, -14.79352998 ], [ -73.86988998, -14.79410998 ], [ -73.87034998, -14.79521998 ], [ -73.87112998, -14.79554998 ], [ -73.87134998, -14.79603998 ], [ -73.87146998, -14.79678998 ], [ -73.87095998, -14.79811998 ], [ -73.87078998, -14.80013998 ], [ -73.87123998, -14.80055998 ], [ -73.87130998, -14.80137998 ], [ -73.87226998, -14.80157998 ], [ -73.87300998, -14.80212998 ], [ -73.87478998, -14.80216998 ], [ -73.87931998, -14.80389998 ], [ -73.88135998, -14.80364998 ], [ -73.88440998, -14.80437998 ], [ -73.88773998, -14.80597998 ], [ -73.88965998, -14.80760998 ], [ -73.89059998, -14.81047998 ], [ -73.89166998, -14.81083998 ], [ -73.89354998, -14.81085998 ], [ -73.89437998, -14.81313998 ], [ -73.89497998, -14.81770998 ], [ -73.89459998, -14.82124998 ], [ -73.89496998, -14.82455998 ], [ -73.89571998, -14.82587998 ], [ -73.89578998, -14.82722998 ], [ -73.89540998, -14.82903998 ], [ -73.89711998, -14.83137998 ], [ -73.89751998, -14.83333998 ], [ -73.89810998, -14.83384998 ], [ -73.89875998, -14.83710998 ], [ -73.89801998, -14.83970998 ], [ -73.89863998, -14.84034998 ], [ -73.89865998, -14.84098998 ], [ -73.89952998, -14.84136998 ], [ -73.90029998, -14.84348998 ], [ -73.89954998, -14.84481998 ], [ -73.89934998, -14.84609998 ], [ -73.89880998, -14.84704998 ], [ -73.89864998, -14.84894998 ], [ -73.89798998, -14.85027998 ], [ -73.89773998, -14.85157998 ], [ -73.89798998, -14.85257998 ], [ -73.89733998, -14.85454998 ], [ -73.89739998, -14.85746998 ], [ -73.89504998, -14.86070998 ], [ -73.89403998, -14.86065998 ], [ -73.89340998, -14.86128998 ], [ -73.89234998, -14.86158998 ], [ -73.89213998, -14.86228998 ], [ -73.89088998, -14.86367998 ], [ -73.89058998, -14.86474998 ], [ -73.88908998, -14.86664998 ], [ -73.88843998, -14.86821998 ], [ -73.88595998, -14.86854998 ], [ -73.88457998, -14.87097998 ], [ -73.88096998, -14.87464998 ], [ -73.87942998, -14.87535998 ], [ -73.87902998, -14.87590998 ], [ -73.87845998, -14.87769998 ], [ -73.87898998, -14.87848998 ], [ -73.87954998, -14.88160998 ], [ -73.87831998, -14.88514998 ], [ -73.87851998, -14.88634998 ], [ -73.87930998, -14.88745998 ], [ -73.87993998, -14.88985998 ], [ -73.87924998, -14.89270998 ], [ -73.87747998, -14.89463998 ], [ -73.87571998, -14.89502998 ], [ -73.87418998, -14.89468998 ], [ -73.87130998, -14.89502998 ], [ -73.87034998, -14.89580998 ], [ -73.86861998, -14.89647998 ], [ -73.86652998, -14.89884998 ], [ -73.86515998, -14.90131998 ], [ -73.86310998, -14.90153998 ], [ -73.86009998, -14.90135998 ], [ -73.85917998, -14.90181998 ], [ -73.85713998, -14.90462998 ], [ -73.85815998, -14.90770998 ], [ -73.85802998, -14.90920998 ], [ -73.85623998, -14.91313998 ], [ -73.85501998, -14.91411998 ], [ -73.85490686, -14.91460436 ], [ -73.85291361, -14.91676498 ], [ -73.85120036, -14.91773561 ], [ -73.84474736, -14.92001998 ], [ -73.84246473, -14.92114423 ], [ -73.84165573, -14.92227673 ], [ -73.84133223, -14.92340923 ], [ -73.84125136, -14.92624048 ], [ -73.84176273, -14.93268323 ], [ -73.84167273, -14.93416998 ], [ -73.84096711, -14.93639048 ], [ -73.84185436, -14.93857898 ], [ -73.84136998, -14.93956998 ], [ -73.84039998, -14.94018998 ], [ -73.84099998, -14.94200998 ], [ -73.84044998, -14.94310998 ], [ -73.84058998, -14.94374998 ], [ -73.84003998, -14.94573998 ], [ -73.84024998, -14.94813998 ], [ -73.83961998, -14.94939998 ], [ -73.84009998, -14.94990998 ], [ -73.84129998, -14.94971998 ], [ -73.84141998, -14.95028998 ], [ -73.84098998, -14.95130998 ], [ -73.83998998, -14.95212998 ], [ -73.83832998, -14.95262998 ], [ -73.83760998, -14.95358998 ], [ -73.83680998, -14.95697998 ], [ -73.83557998, -14.95888998 ], [ -73.83455998, -14.95891998 ], [ -73.83384998, -14.95951998 ], [ -73.83265998, -14.95976998 ], [ -73.83058998, -14.96133998 ], [ -73.83020998, -14.96211998 ], [ -73.83000998, -14.96412998 ], [ -73.82940998, -14.96488998 ], [ -73.82679998, -14.96650998 ], [ -73.82478998, -14.96711998 ], [ -73.82326998, -14.96663998 ], [ -73.82195998, -14.96711998 ], [ -73.82082998, -14.96841998 ], [ -73.81938998, -14.97199998 ], [ -73.81867998, -14.97270998 ], [ -73.81807998, -14.97401998 ], [ -73.81630998, -14.97567998 ], [ -73.81425998, -14.97650998 ], [ -73.81342998, -14.97720998 ], [ -73.81321998, -14.97887998 ], [ -73.81344998, -14.97987998 ], [ -73.81611998, -14.98120998 ], [ -73.81676998, -14.98203998 ], [ -73.81653998, -14.98389998 ], [ -73.81775998, -14.98786998 ], [ -73.81719998, -14.98968998 ], [ -73.81796998, -14.99284998 ], [ -73.81771998, -14.99367998 ], [ -73.81622998, -14.99508998 ], [ -73.81521998, -14.99512998 ], [ -73.81405998, -14.99568998 ], [ -73.81395998, -14.99697998 ], [ -73.81485998, -14.99834998 ], [ -73.81429998, -15.00073998 ], [ -73.81444998, -15.00141998 ], [ -73.81267998, -15.00382998 ], [ -73.81245998, -15.00554998 ], [ -73.81288998, -15.00760998 ], [ -73.81373998, -15.00883998 ], [ -73.81368998, -15.00998998 ], [ -73.81247998, -15.01167998 ], [ -73.81049998, -15.01255998 ], [ -73.80978998, -15.01600998 ], [ -73.80836998, -15.02017998 ], [ -73.80907998, -15.02207998 ], [ -73.80826998, -15.02444998 ], [ -73.80775998, -15.02823998 ], [ -73.80799998, -15.02913998 ], [ -73.80940998, -15.03102998 ], [ -73.80953998, -15.03565998 ], [ -73.80881998, -15.03782998 ], [ -73.80543998, -15.04164998 ], [ -73.80268998, -15.04240998 ], [ -73.80144998, -15.04405998 ], [ -73.79823998, -15.05572998 ], [ -73.79846998, -15.05760998 ], [ -73.79891998, -15.05853998 ], [ -73.79856998, -15.06038998 ], [ -73.79897998, -15.06220998 ], [ -73.79799998, -15.06285998 ], [ -73.79768998, -15.06354998 ], [ -73.79619998, -15.06498998 ], [ -73.79562998, -15.06744998 ], [ -73.79556998, -15.07264998 ], [ -73.79688998, -15.07478998 ], [ -73.79725998, -15.07669998 ], [ -73.79832998, -15.07881998 ], [ -73.79849998, -15.08092998 ], [ -73.80033998, -15.08275998 ], [ -73.80143998, -15.08531998 ], [ -73.80172998, -15.08567998 ], [ -73.80320998, -15.08543998 ], [ -73.80678998, -15.08656998 ], [ -73.80838998, -15.08640998 ], [ -73.81276998, -15.08711998 ], [ -73.81563998, -15.08795998 ], [ -73.81736998, -15.09059998 ], [ -73.81965998, -15.09208998 ], [ -73.82054998, -15.09487998 ], [ -73.82138998, -15.09639998 ], [ -73.82531998, -15.09966998 ], [ -73.82688998, -15.10322998 ], [ -73.83054998, -15.10480998 ], [ -73.83084998, -15.10636998 ], [ -73.83021998, -15.10818998 ], [ -73.83016998, -15.10943998 ], [ -73.83079998, -15.11108998 ], [ -73.83073998, -15.11308998 ], [ -73.83258998, -15.11559998 ], [ -73.83230998, -15.12044998 ], [ -73.83398998, -15.12451998 ], [ -73.83471998, -15.12501998 ], [ -73.83591998, -15.12499998 ], [ -73.83633998, -15.12557998 ], [ -73.83648998, -15.12751998 ], [ -73.83735998, -15.12839998 ], [ -73.83692998, -15.12954998 ], [ -73.83718998, -15.13053998 ], [ -73.83919998, -15.13140998 ], [ -73.84032998, -15.13273998 ], [ -73.84128998, -15.13333998 ], [ -73.84489998, -15.13329998 ], [ -73.84705998, -15.13226998 ], [ -73.84811998, -15.13219998 ], [ -73.84960998, -15.13286998 ], [ -73.85271998, -15.13307998 ], [ -73.85597998, -15.13420998 ], [ -73.86246998, -15.13199998 ], [ -73.86559998, -15.13294998 ], [ -73.86831998, -15.13476998 ], [ -73.87083998, -15.13489998 ], [ -73.87303998, -15.13442998 ], [ -73.87616998, -15.13168998 ], [ -73.88102998, -15.12944998 ], [ -73.88324998, -15.12801998 ], [ -73.88436998, -15.12770998 ], [ -73.88834998, -15.12804998 ], [ -73.89261998, -15.12912998 ], [ -73.89537998, -15.12884998 ], [ -73.89780998, -15.12936998 ], [ -73.90482998, -15.12854998 ], [ -73.90751998, -15.12927998 ], [ -73.91071998, -15.12962998 ], [ -73.91461998, -15.13132998 ], [ -73.91629998, -15.13122998 ], [ -73.91872998, -15.13158998 ], [ -73.92212998, -15.13113998 ], [ -73.92451998, -15.13130998 ], [ -73.92709998, -15.13261998 ], [ -73.93152998, -15.13351998 ], [ -73.93395998, -15.13535998 ], [ -73.93627998, -15.13627998 ], [ -73.94347998, -15.13791998 ], [ -73.94909998, -15.14272998 ], [ -73.95144998, -15.14407998 ], [ -73.95538998, -15.14511998 ], [ -73.95932998, -15.14571998 ], [ -73.96372998, -15.14491998 ], [ -73.96823998, -15.14604998 ], [ -73.96933998, -15.14688998 ], [ -73.97159998, -15.14967998 ], [ -73.97373998, -15.14954998 ], [ -73.97616998, -15.15106998 ], [ -73.98010998, -15.15200998 ], [ -73.98362998, -15.15420998 ], [ -73.98524998, -15.15560998 ], [ -73.98863998, -15.15683998 ], [ -73.99125998, -15.15921998 ], [ -73.99357998, -15.15935998 ], [ -73.99625998, -15.16095998 ], [ -73.99841998, -15.16094998 ], [ -73.99906998, -15.16170998 ], [ -73.99933998, -15.16380998 ], [ -74.00093998, -15.16666998 ], [ -74.00305998, -15.16817998 ], [ -74.00484998, -15.17066998 ], [ -74.00709998, -15.17194998 ], [ -74.01061998, -15.17458998 ], [ -74.01291998, -15.17462998 ], [ -74.01518998, -15.17578998 ], [ -74.01774998, -15.17947998 ], [ -74.02027998, -15.18077998 ], [ -74.02225998, -15.18593998 ], [ -74.02497998, -15.18783998 ], [ -74.02712998, -15.19163998 ], [ -74.02771998, -15.19223998 ], [ -74.02935998, -15.19260998 ], [ -74.03012998, -15.19412998 ], [ -74.03095998, -15.19493998 ], [ -74.03745998, -15.19730998 ], [ -74.04137998, -15.20005998 ], [ -74.04190998, -15.20084998 ], [ -74.04275998, -15.20378998 ], [ -74.04481998, -15.20619998 ], [ -74.04634998, -15.20716998 ], [ -74.04710998, -15.20911998 ], [ -74.04927998, -15.21106998 ], [ -74.05277998, -15.21297998 ], [ -74.05385998, -15.21388998 ], [ -74.05800998, -15.21977998 ], [ -74.06108998, -15.22165998 ], [ -74.06592998, -15.22667998 ], [ -74.06977998, -15.22710998 ], [ -74.07180998, -15.22794998 ], [ -74.07296998, -15.22899998 ], [ -74.07431998, -15.22937998 ], [ -74.07585998, -15.23049998 ], [ -74.07798998, -15.23128998 ], [ -74.07930998, -15.23254998 ], [ -74.08125998, -15.23251998 ], [ -74.08418998, -15.23302998 ], [ -74.09060998, -15.23523998 ], [ -74.09387998, -15.23428998 ], [ -74.09695998, -15.23422998 ], [ -74.09843998, -15.23503998 ], [ -74.10081998, -15.23534998 ], [ -74.10158998, -15.23597998 ], [ -74.10403998, -15.23641998 ], [ -74.10523998, -15.23704998 ], [ -74.10767998, -15.23941998 ], [ -74.11089998, -15.23962998 ], [ -74.11371998, -15.23886998 ], [ -74.11865998, -15.23658998 ], [ -74.12071998, -15.23610998 ], [ -74.12602998, -15.23567998 ], [ -74.12911998, -15.23407998 ], [ -74.13026998, -15.23409998 ], [ -74.13191998, -15.23470998 ], [ -74.13643998, -15.23410998 ], [ -74.13737998, -15.23378998 ], [ -74.13881998, -15.23248998 ], [ -74.14041998, -15.23228998 ], [ -74.14372998, -15.23016998 ], [ -74.14805998, -15.22848998 ], [ -74.14983998, -15.22868998 ], [ -74.15470998, -15.23008998 ], [ -74.15643998, -15.23002998 ], [ -74.15826998, -15.22904998 ], [ -74.16215998, -15.22769998 ], [ -74.16777998, -15.22462998 ], [ -74.17344998, -15.22303998 ], [ -74.17631998, -15.22291998 ], [ -74.18069998, -15.22358998 ], [ -74.18262998, -15.22501998 ], [ -74.18471998, -15.22597998 ], [ -74.18559998, -15.22683998 ], [ -74.18699998, -15.22950998 ], [ -74.19139998, -15.23264998 ], [ -74.19362998, -15.23551998 ], [ -74.19619998, -15.23685998 ], [ -74.20072998, -15.23633998 ], [ -74.20226998, -15.23579998 ], [ -74.20338998, -15.23499998 ], [ -74.20790998, -15.23403998 ], [ -74.21197998, -15.23437998 ], [ -74.21408998, -15.23346998 ], [ -74.21617998, -15.23387998 ], [ -74.21838998, -15.23520998 ], [ -74.22226998, -15.23516998 ], [ -74.22417086, -15.23605048 ], [ -74.22300098, -15.24259836 ], [ -74.21857936, -15.25090048 ], [ -74.21826111, -15.25400311 ], [ -74.21706773, -15.25841848 ], [ -74.21686886, -15.26386798 ], [ -74.21631198, -15.26609561 ], [ -74.21408448, -15.26887998 ], [ -74.21340823, -15.27070986 ], [ -74.21137948, -15.27393186 ], [ -74.21082261, -15.27615936 ], [ -74.20954973, -15.27918248 ], [ -74.20505486, -15.28538786 ], [ -74.20525373, -15.28666073 ], [ -74.20760048, -15.28880873 ], [ -74.20811773, -15.29099648 ], [ -74.20803823, -15.29207048 ], [ -74.20591861, -15.29396323 ], [ -74.20260248, -15.29916961 ], [ -74.20067586, -15.30131036 ], [ -74.19869573, -15.30468186 ], [ -74.19350461, -15.31121098 ], [ -74.19136398, -15.31522473 ], [ -74.19147098, -15.31586698 ], [ -74.19248786, -15.31736548 ], [ -74.19639611, -15.32028436 ], [ -74.19814348, -15.32072123 ], [ -74.20010936, -15.32047548 ], [ -74.20114686, -15.32104886 ], [ -74.20131061, -15.32200448 ], [ -74.20070998, -15.32468023 ], [ -74.20084648, -15.32528086 ], [ -74.20117411, -15.32566311 ], [ -74.20376786, -15.32620911 ], [ -74.20431398, -15.32689173 ], [ -74.20449211, -15.33116211 ], [ -74.20593498, -15.33404773 ], [ -74.20903423, -15.33778823 ], [ -74.20983573, -15.34206311 ], [ -74.20908773, -15.34404023 ], [ -74.20914111, -15.34468148 ], [ -74.20994261, -15.34703273 ], [ -74.21182898, -15.34981673 ], [ -74.21289773, -15.35259536 ], [ -74.21494961, -15.35413436 ], [ -74.21926723, -15.35832386 ], [ -74.22320011, -15.36349636 ], [ -74.22525211, -15.36811323 ], [ -74.22828723, -15.36948123 ], [ -74.23183548, -15.37200336 ], [ -74.23370411, -15.37435986 ], [ -74.23675686, -15.37646061 ], [ -74.23949173, -15.37883411 ], [ -74.24183398, -15.38203336 ], [ -74.24291948, -15.38431861 ], [ -74.24426136, -15.38564998 ], [ -74.24547811, -15.38904311 ], [ -74.24683536, -15.39131298 ], [ -74.24866061, -15.39332536 ], [ -74.25196023, -15.39954986 ], [ -74.25371511, -15.40097736 ], [ -74.25637998, -15.40209998 ], [ -74.25717823, -15.40329398 ], [ -74.25680398, -15.40528298 ], [ -74.25506461, -15.40934011 ], [ -74.25311748, -15.41871048 ], [ -74.24991623, -15.42410436 ], [ -74.24921461, -15.42713023 ], [ -74.24807436, -15.42967373 ], [ -74.24781123, -15.43147161 ], [ -74.24724123, -15.43274336 ], [ -74.24575023, -15.43401511 ], [ -74.24469773, -15.43651473 ], [ -74.24283936, -15.45040186 ], [ -74.24283936, -15.45678723 ], [ -74.24332123, -15.46497986 ], [ -74.24314048, -15.46708823 ], [ -74.24241761, -15.46949786 ], [ -74.24271886, -15.47178686 ], [ -74.24241761, -15.47395548 ], [ -74.24127311, -15.47576273 ], [ -74.24085136, -15.47793136 ], [ -74.24117573, -15.48103911 ], [ -74.24303211, -15.48033248 ], [ -74.24509436, -15.48023223 ], [ -74.25089261, -15.48083023 ], [ -74.25300598, -15.48055361 ], [ -74.25627898, -15.48064611 ], [ -74.25922398, -15.47898961 ], [ -74.26326998, -15.47553523 ], [ -74.26460448, -15.47483623 ], [ -74.26593873, -15.47470911 ], [ -74.26746361, -15.47524923 ], [ -74.27076786, -15.47750498 ], [ -74.27222923, -15.47801336 ], [ -74.27560423, -15.47765448 ], [ -74.27872461, -15.47872636 ], [ -74.28716136, -15.47893461 ], [ -74.28970311, -15.47883936 ], [ -74.29313423, -15.47823573 ], [ -74.30012361, -15.47839461 ], [ -74.30120836, -15.47808461 ], [ -74.30551148, -15.47414686 ], [ -74.30825811, -15.46969123 ], [ -74.31017298, -15.46539023 ], [ -74.31114823, -15.46390723 ], [ -74.31117998, -15.46273173 ], [ -74.31051273, -15.46142911 ], [ -74.30952786, -15.46060298 ], [ -74.30609661, -15.45949111 ], [ -74.30527061, -15.45847436 ], [ -74.30209361, -15.45278748 ], [ -74.30196648, -15.45205673 ], [ -74.30253836, -15.45132598 ], [ -74.30463523, -15.45088123 ], [ -74.30873361, -15.44932448 ], [ -74.31675723, -15.44219298 ], [ -74.31826473, -15.43928498 ], [ -74.31988511, -15.43502773 ], [ -74.32137823, -15.42873723 ], [ -74.32557673, -15.41955761 ], [ -74.32547673, -15.41768086 ], [ -74.32465061, -15.41634661 ], [ -74.32423761, -15.41405923 ], [ -74.32462311, -15.41148086 ], [ -74.32777411, -15.40196223 ], [ -74.32760536, -15.39744336 ], [ -74.32897148, -15.39382136 ], [ -74.32843136, -15.39099373 ], [ -74.32566736, -15.38575161 ], [ -74.32169598, -15.37904798 ], [ -74.31846623, -15.37485023 ], [ -74.31731161, -15.37263036 ], [ -74.31623148, -15.36614923 ], [ -74.31553248, -15.36516436 ], [ -74.31089023, -15.36319248 ], [ -74.30921023, -15.36154248 ], [ -74.30857473, -15.36052586 ], [ -74.30870061, -15.35971736 ], [ -74.30971848, -15.35893723 ], [ -74.31413461, -15.35811123 ], [ -74.31591373, -15.35747586 ], [ -74.32017098, -15.35480711 ], [ -74.32437136, -15.35441873 ], [ -74.32743061, -15.35457511 ], [ -74.33152011, -15.35401248 ], [ -74.33364873, -15.35326286 ], [ -74.33754736, -15.34799298 ], [ -74.33866886, -15.34739298 ], [ -74.34094236, -15.34539411 ], [ -74.34291836, -15.34282023 ], [ -74.34484098, -15.33744711 ], [ -74.34581761, -15.33634761 ], [ -74.34751886, -15.33594798 ], [ -74.35046998, -15.33641998 ], [ -74.35529998, -15.33983998 ], [ -74.35530998, -15.33823998 ], [ -74.35597998, -15.33693998 ], [ -74.35991998, -15.33269998 ], [ -74.36681998, -15.33382998 ], [ -74.37125998, -15.33251998 ], [ -74.37784998, -15.33187998 ], [ -74.37874998, -15.33061998 ], [ -74.37951998, -15.32800998 ], [ -74.38125998, -15.32598998 ], [ -74.38225561, -15.32422161 ], [ -74.38896948, -15.31724648 ], [ -74.39247898, -15.31594661 ], [ -74.39537811, -15.31633661 ], [ -74.39681248, -15.31620598 ], [ -74.39789586, -15.31559948 ], [ -74.40161898, -15.31165698 ], [ -74.40686036, -15.31027036 ], [ -74.40972136, -15.30806061 ], [ -74.40915686, -15.30671786 ], [ -74.40937811, -15.30494123 ], [ -74.41530611, -15.29926698 ], [ -74.41484836, -15.29541773 ], [ -74.40560911, -15.28607273 ], [ -74.40040598, -15.28010561 ], [ -74.39820861, -15.27805048 ], [ -74.39743036, -15.27561273 ], [ -74.39742286, -15.27345661 ], [ -74.39824673, -15.27102761 ], [ -74.39973448, -15.26907448 ], [ -74.39996336, -15.26760198 ], [ -74.39969636, -15.26586336 ], [ -74.39640048, -15.26184936 ], [ -74.39160161, -15.25776961 ], [ -74.38787836, -15.25177961 ], [ -74.38773773, -15.24945548 ], [ -74.38884361, -15.24703886 ], [ -74.39115173, -15.24469773 ], [ -74.39279036, -15.24066761 ], [ -74.39372661, -15.23647648 ], [ -74.39377123, -15.23099236 ], [ -74.39457386, -15.22675661 ], [ -74.39617886, -15.22461648 ], [ -74.40041461, -15.22189673 ], [ -74.40082811, -15.22085936 ], [ -74.40081586, -15.21989048 ], [ -74.39937586, -15.21739673 ], [ -74.39498136, -15.21414473 ], [ -74.39230348, -15.21073061 ], [ -74.38990036, -15.20714098 ], [ -74.38964848, -15.20540423 ], [ -74.38992311, -15.20366948 ], [ -74.39145661, -15.20096873 ], [ -74.39277648, -15.19743161 ], [ -74.39563748, -15.19292636 ], [ -74.39669136, -15.18708398 ], [ -74.39766698, -15.18382073 ], [ -74.39871973, -15.18146323 ], [ -74.40155023, -15.17852298 ], [ -74.40376286, -15.17689611 ], [ -74.40670773, -15.17540836 ], [ -74.41282648, -15.17285723 ], [ -74.41535186, -15.17076586 ], [ -74.41832736, -15.16903498 ], [ -74.42298886, -15.16784761 ], [ -74.42710111, -15.16847223 ], [ -74.42970786, -15.16848223 ], [ -74.43363148, -15.16790261 ], [ -74.43768898, -15.16781348 ], [ -74.44210286, -15.16866061 ], [ -74.44442136, -15.16959698 ], [ -74.44910286, -15.17418948 ], [ -74.45142136, -15.17597273 ], [ -74.45281986, -15.17589573 ], [ -74.45514673, -15.17505648 ], [ -74.46575923, -15.17347623 ], [ -74.47720361, -15.16793436 ], [ -74.47831998, -15.16784998 ], [ -74.48427998, -15.16571998 ], [ -74.48818998, -15.16369998 ], [ -74.49866998, -15.16222998 ], [ -74.50183, -15.16054999 ], [ -74.50335998, -15.16167998 ], [ -74.50522998, -15.15686998 ], [ -74.50837998, -15.15362998 ], [ -74.50928998, -15.15169998 ], [ -74.51131998, -15.15029998 ], [ -74.51266998, -15.14878998 ], [ -74.51377998, -15.14834998 ], [ -74.51480998, -15.14854998 ], [ -74.51715998, -15.14801998 ], [ -74.52087998, -15.14810998 ], [ -74.52425998, -15.14727998 ], [ -74.53115998, -15.14660998 ], [ -74.53333998, -15.14668998 ], [ -74.53396998, -15.14643998 ], [ -74.53615998, -15.14403998 ], [ -74.54010998, -15.14386998 ], [ -74.55252073, -15.13994123 ], [ -74.55735011, -15.14045423 ], [ -74.56195836, -15.14046961 ], [ -74.56631473, -15.13993548 ], [ -74.57245998, -15.14093998 ], [ -74.57377998, -15.14159998 ], [ -74.57623998, -15.14365998 ], [ -74.57909998, -15.14391998 ], [ -74.58147998, -15.14500998 ], [ -74.58250998, -15.14596998 ], [ -74.58371998, -15.14846998 ], [ -74.58450998, -15.14902998 ], [ -74.58612998, -15.14899998 ], [ -74.59490998, -15.14654998 ], [ -74.59787998, -15.14773998 ], [ -74.60262998, -15.14890998 ], [ -74.60566998, -15.14859998 ], [ -74.60783998, -15.14660998 ], [ -74.60980986, -15.14299486 ], [ -74.61541748, -15.13727661 ], [ -74.62401586, -15.13053798 ], [ -74.62469486, -15.12910561 ], [ -74.62874598, -15.12412361 ], [ -74.62949373, -15.12418561 ], [ -74.63236236, -15.12636561 ], [ -74.63522273, -15.12954673 ], [ -74.63784248, -15.13180486 ], [ -74.64506536, -15.13527186 ], [ -74.64917773, -15.13813686 ], [ -74.65203861, -15.13913348 ], [ -74.65664673, -15.13888361 ], [ -74.66069798, -15.13788798 ], [ -74.66648873, -15.13528161 ], [ -74.67055511, -15.13475511 ], [ -74.67434698, -15.13515373 ], [ -74.67526248, -15.13495448 ], [ -74.67793273, -15.13228323 ], [ -74.67900848, -15.13220411 ], [ -74.67995998, -15.13255998 ], [ -74.68431998, -15.13656998 ], [ -74.68700998, -15.13744998 ], [ -74.68944998, -15.13906998 ], [ -74.69051998, -15.13888998 ], [ -74.69362998, -15.13748998 ], [ -74.69839998, -15.13707998 ], [ -74.70084998, -15.13725998 ], [ -74.70463998, -15.13969998 ], [ -74.70574998, -15.13966998 ], [ -74.70926998, -15.13828998 ], [ -74.71086998, -15.13808998 ], [ -74.71370998, -15.13852998 ], [ -74.71590998, -15.13774998 ], [ -74.71721648, -15.13641836 ], [ -74.71860498, -15.13566298 ], [ -74.72005461, -15.13333511 ], [ -74.72061923, -15.13100723 ], [ -74.72017673, -15.12767223 ], [ -74.72048948, -15.12591073 ], [ -74.72143561, -15.12465186 ], [ -74.72605898, -15.12213611 ], [ -74.73043073, -15.12165636 ], [ -74.73368836, -15.12177661 ], [ -74.73791486, -15.12326723 ], [ -74.73948673, -15.12314611 ], [ -74.74391936, -15.11895848 ], [ -74.74609373, -15.11601836 ], [ -74.75159448, -15.11420161 ], [ -74.75257873, -15.11340423 ], [ -74.75576786, -15.10800173 ], [ -74.75871273, -15.10419661 ], [ -74.76006311, -15.10088161 ], [ -74.76229448, -15.09805998 ], [ -74.76018998, -15.09480998 ], [ -74.75747998, -15.09257998 ], [ -74.75281998, -15.09146998 ], [ -74.74780998, -15.08977998 ], [ -74.74191998, -15.08692998 ], [ -74.73646998, -15.08487998 ], [ -74.73513998, -15.08484998 ], [ -74.73162998, -15.08573998 ], [ -74.72960998, -15.08539998 ], [ -74.72640998, -15.08296998 ], [ -74.71867998, -15.07869998 ], [ -74.71467998, -15.07744998 ], [ -74.71200998, -15.07597998 ], [ -74.70877998, -15.07312998 ], [ -74.70452998, -15.07103998 ], [ -74.70278998, -15.06819998 ], [ -74.70055998, -15.06616998 ], [ -74.69876998, -15.06366998 ], [ -74.69755998, -15.06277998 ], [ -74.69404998, -15.06160998 ], [ -74.69116998, -15.06181998 ], [ -74.68688998, -15.06147998 ], [ -74.68369998, -15.05941998 ], [ -74.67985998, -15.05845998 ], [ -74.67096998, -15.05496998 ], [ -74.66899998, -15.05369998 ], [ -74.66602998, -15.05076998 ], [ -74.66529973, -15.04990586 ], [ -74.66426698, -15.04720923 ], [ -74.66426698, -15.04469648 ], [ -74.66539936, -15.03614561 ], [ -74.66718673, -15.02802986 ], [ -74.66704186, -15.02063873 ], [ -74.66578586, -15.01807836 ], [ -74.66524086, -15.00990386 ], [ -74.66456148, -15.00605423 ], [ -74.66448598, -15.00273311 ], [ -74.66569373, -14.99790236 ], [ -74.66501423, -14.99707198 ], [ -74.66056098, -14.99503398 ], [ -74.65784373, -14.99261861 ], [ -74.65648498, -14.99073161 ], [ -74.65618311, -14.98982586 ], [ -74.65520186, -14.98876911 ], [ -74.65188073, -14.98665561 ], [ -74.65037111, -14.98529698 ], [ -74.64772923, -14.98197573 ], [ -74.64624123, -14.97717786 ], [ -74.64642786, -14.97618186 ], [ -74.64764161, -14.97518598 ], [ -74.65140736, -14.97506161 ], [ -74.65355448, -14.97459473 ], [ -74.65938523, -14.97033611 ], [ -74.65985298, -14.96865186 ], [ -74.66478911, -14.96242661 ], [ -74.66513136, -14.96046598 ], [ -74.66466461, -14.95831873 ], [ -74.66553598, -14.95570448 ], [ -74.66643848, -14.95486423 ], [ -74.66883486, -14.95368173 ], [ -74.67026623, -14.95203236 ], [ -74.67129323, -14.95013398 ], [ -74.67387623, -14.94829786 ], [ -74.67468536, -14.94462561 ], [ -74.67558786, -14.94291398 ], [ -74.67804648, -14.93970861 ], [ -74.68265223, -14.93233298 ], [ -74.68383486, -14.93102586 ], [ -74.68532861, -14.93015448 ], [ -74.68529748, -14.92769598 ], [ -74.68470623, -14.92564198 ], [ -74.68405273, -14.92511298 ], [ -74.68196761, -14.92467736 ], [ -74.67916673, -14.92162748 ], [ -74.67673936, -14.92137848 ], [ -74.67561898, -14.92063161 ], [ -74.67312936, -14.91817311 ], [ -74.67119986, -14.91471873 ], [ -74.66874136, -14.91198011 ], [ -74.66466461, -14.90952161 ], [ -74.66407323, -14.90883686 ], [ -74.66345098, -14.90793448 ], [ -74.66313973, -14.90659623 ], [ -74.66304636, -14.90220823 ], [ -74.66239273, -14.90012311 ], [ -74.66248611, -14.89844261 ], [ -74.66366873, -14.89486373 ], [ -74.66391773, -14.89234298 ], [ -74.66734098, -14.88705248 ], [ -74.66913423, -14.88595161 ], [ -74.67049573, -14.88447336 ], [ -74.67127386, -14.88042773 ], [ -74.67189623, -14.87937736 ], [ -74.67663348, -14.87808186 ], [ -74.67917986, -14.87605411 ], [ -74.68040598, -14.87459236 ], [ -74.68106623, -14.87308323 ], [ -74.68083036, -14.87119698 ], [ -74.67936848, -14.86817898 ], [ -74.67616186, -14.86506661 ], [ -74.67582173, -14.86207248 ], [ -74.67632986, -14.86071711 ], [ -74.67723361, -14.85964411 ], [ -74.68033973, -14.85687686 ], [ -74.68039611, -14.85540848 ], [ -74.68096086, -14.85427886 ], [ -74.68180798, -14.85337536 ], [ -74.68588473, -14.85182811 ], [ -74.68981611, -14.84818411 ], [ -74.69085961, -14.84346561 ], [ -74.69185773, -14.84069798 ], [ -74.69321886, -14.83861098 ], [ -74.69384036, -14.83815523 ], [ -74.71006848, -14.83673836 ], [ -74.72079511, -14.83672848 ], [ -74.72203323, -14.83714261 ], [ -74.72540036, -14.83962886 ], [ -74.72716598, -14.84002948 ], [ -74.72860936, -14.83970911 ], [ -74.72900973, -14.83999023 ], [ -74.73008786, -14.84145123 ], [ -74.73029298, -14.84341598 ], [ -74.73214448, -14.84656836 ], [ -74.73250973, -14.84666011 ], [ -74.73291998, -14.84633986 ], [ -74.73287498, -14.84599811 ], [ -74.73109186, -14.84277536 ], [ -74.73088673, -14.84145123 ], [ -74.73340436, -14.83791598 ], [ -74.73382036, -14.83799223 ], [ -74.73404098, -14.83854886 ], [ -74.73237311, -14.84078911 ], [ -74.73221286, -14.84236523 ], [ -74.73377998, -14.84193998 ], [ -74.73626998, -14.84216998 ], [ -74.73833998, -14.84146998 ], [ -74.74190998, -14.84235998 ], [ -74.74352998, -14.84199998 ], [ -74.74495998, -14.84313998 ], [ -74.74623998, -14.84354998 ], [ -74.74693998, -14.84319998 ], [ -74.74733998, -14.84231998 ], [ -74.74787998, -14.84200998 ], [ -74.75006998, -14.84264998 ], [ -74.75048998, -14.84249998 ], [ -74.75088998, -14.83966998 ], [ -74.75131998, -14.83920998 ], [ -74.75335998, -14.83845998 ], [ -74.75458023, -14.83528998 ], [ -74.75467598, -14.83433748 ], [ -74.75349898, -14.83253748 ], [ -74.75208436, -14.82832786 ], [ -74.75150423, -14.82755448 ], [ -74.74705698, -14.82670373 ], [ -74.74520073, -14.82681973 ], [ -74.74326711, -14.82643311 ], [ -74.73959323, -14.82419011 ], [ -74.73572611, -14.82480886 ], [ -74.73456586, -14.82461548 ], [ -74.73163536, -14.82283773 ], [ -74.72686173, -14.82344198 ], [ -74.71598323, -14.81941386 ], [ -74.71458186, -14.81830336 ], [ -74.71439686, -14.81780098 ], [ -74.71471398, -14.81719286 ], [ -74.71577173, -14.81658473 ], [ -74.71849511, -14.81547423 ], [ -74.71942048, -14.81338548 ], [ -74.72029311, -14.81245998 ], [ -74.72174723, -14.81214273 ], [ -74.72573986, -14.81201048 ], [ -74.72817236, -14.81251286 ], [ -74.73047261, -14.81224848 ], [ -74.73274648, -14.81108511 ], [ -74.73470311, -14.81111148 ], [ -74.73769086, -14.81153461 ], [ -74.74194786, -14.81317386 ], [ -74.74646436, -14.81362073 ], [ -74.74775548, -14.81310436 ], [ -74.74883986, -14.81170998 ], [ -74.75075061, -14.80814673 ], [ -74.75131873, -14.80592598 ], [ -74.75328111, -14.80148511 ], [ -74.75410736, -14.79874798 ], [ -74.75694111, -14.79505448 ], [ -74.76211186, -14.79291248 ], [ -74.76413986, -14.79135598 ], [ -74.76470211, -14.79045648 ], [ -74.76040136, -14.78556561 ], [ -74.75610073, -14.78359798 ], [ -74.75576348, -14.78309198 ], [ -74.75562298, -14.77887561 ], [ -74.75428423, -14.77560461 ], [ -74.75585136, -14.77242823 ], [ -74.75600711, -14.77113086 ], [ -74.75423436, -14.76643986 ], [ -74.75269248, -14.76404136 ], [ -74.75126473, -14.76221386 ], [ -74.75029398, -14.76152861 ], [ -74.74521136, -14.76015811 ], [ -74.74406923, -14.75935861 ], [ -74.74052848, -14.75673161 ], [ -74.73852661, -14.75373448 ], [ -74.73447998, -14.74084998 ], [ -74.73499061, -14.73678086 ], [ -74.73572211, -14.73499273 ], [ -74.73547823, -14.73198536 ], [ -74.73434036, -14.72979073 ], [ -74.73068273, -14.72385736 ], [ -74.72757998, -14.72031361 ], [ -74.71761998, -14.71354536 ], [ -74.71558186, -14.71135336 ], [ -74.71542798, -14.71046886 ], [ -74.71587311, -14.70952148 ], [ -74.71692773, -14.70950748 ], [ -74.72038873, -14.71035348 ], [ -74.72504198, -14.71254548 ], [ -74.72731086, -14.71281473 ], [ -74.72911823, -14.71392986 ], [ -74.73184861, -14.71439136 ], [ -74.73561736, -14.71727561 ], [ -74.73915523, -14.72204411 ], [ -74.74357773, -14.72600511 ], [ -74.74638498, -14.72631273 ], [ -74.74796161, -14.72685111 ], [ -74.74984598, -14.72908148 ], [ -74.75080736, -14.72938923 ], [ -74.75246098, -14.72808173 ], [ -74.75357623, -14.72777398 ], [ -74.75569123, -14.72804323 ], [ -74.75880623, -14.72788936 ], [ -74.76234411, -14.72846623 ], [ -74.76549748, -14.72854311 ], [ -74.77095823, -14.72758173 ], [ -74.77291948, -14.72769711 ], [ -74.77738036, -14.72938923 ], [ -74.78015998, -14.73202998 ], [ -74.78396998, -14.73392998 ], [ -74.78600998, -14.73553998 ], [ -74.78793998, -14.73760998 ], [ -74.78961998, -14.73858998 ], [ -74.79176998, -14.74267998 ], [ -74.79836998, -14.74703998 ], [ -74.79890998, -14.74766998 ], [ -74.79950998, -14.74950998 ], [ -74.80125998, -14.75059998 ], [ -74.80269998, -14.75214998 ], [ -74.80589923, -14.75103898 ], [ -74.80999473, -14.74824398 ], [ -74.81135761, -14.74645273 ], [ -74.81361623, -14.74177986 ], [ -74.81587473, -14.73963811 ], [ -74.81980773, -14.73788586 ], [ -74.82401336, -14.73714598 ], [ -74.82529836, -14.73644498 ], [ -74.82646648, -14.73527686 ], [ -74.82740111, -14.73403073 ], [ -74.82775148, -14.73255098 ], [ -74.82751798, -14.72877386 ], [ -74.82810211, -14.72748886 ], [ -74.83001011, -14.72005111 ], [ -74.83110048, -14.71829873 ], [ -74.83261923, -14.71697473 ], [ -74.83499461, -14.71565086 ], [ -74.83779823, -14.71218511 ], [ -74.84251011, -14.70949823 ], [ -74.84321098, -14.70926448 ], [ -74.84481248, -14.70953911 ], [ -74.84531386, -14.70914773 ], [ -74.84574211, -14.70797948 ], [ -74.84531386, -14.70501998 ], [ -74.84352248, -14.70287823 ], [ -74.84223748, -14.70237211 ], [ -74.83970636, -14.70202161 ], [ -74.83779823, -14.69579111 ], [ -74.83795398, -14.69512923 ], [ -74.83904436, -14.69423348 ], [ -74.84223748, -14.69325998 ], [ -74.84593198, -14.68938048 ], [ -74.84651611, -14.68801761 ], [ -74.84745311, -14.68243748 ], [ -74.84695473, -14.68117673 ], [ -74.84732811, -14.67607348 ], [ -74.84869723, -14.67349086 ], [ -74.84857286, -14.67218386 ], [ -74.84707936, -14.66910336 ], [ -74.84658136, -14.66614723 ], [ -74.84471436, -14.66431136 ], [ -74.84328298, -14.66344011 ], [ -74.83845986, -14.66269323 ], [ -74.83394786, -14.65992386 ], [ -74.83167636, -14.65752786 ], [ -74.82862698, -14.65622098 ], [ -74.82703986, -14.65416723 ], [ -74.82535973, -14.65055773 ], [ -74.82371048, -14.64931298 ], [ -74.82106561, -14.64632586 ], [ -74.81814061, -14.63982236 ], [ -74.81449986, -14.63481261 ], [ -74.81045473, -14.63160761 ], [ -74.79676323, -14.62429511 ], [ -74.79483411, -14.62273923 ], [ -74.79209586, -14.61872523 ], [ -74.78816623, -14.61556323 ], [ -74.79178111, -14.61477536 ], [ -74.79593298, -14.61570611 ], [ -74.80086598, -14.61581698 ], [ -74.80735336, -14.61519248 ], [ -74.81133911, -14.61523873 ], [ -74.81968148, -14.61412648 ], [ -74.82635523, -14.61245798 ], [ -74.83066548, -14.61245798 ], [ -74.83389061, -14.61066211 ], [ -74.83646186, -14.61212636 ], [ -74.83845161, -14.61231898 ], [ -74.84354961, -14.61185548 ], [ -74.84688648, -14.61208723 ], [ -74.85277248, -14.61180911 ], [ -74.85411648, -14.61134573 ], [ -74.85740711, -14.60907473 ], [ -74.85902923, -14.60837961 ], [ -74.86014148, -14.60740636 ], [ -74.86130011, -14.60559886 ], [ -74.86658361, -14.60036173 ], [ -74.86806661, -14.59688573 ], [ -74.86903986, -14.59568073 ], [ -74.87107923, -14.59387323 ], [ -74.87515761, -14.59146323 ], [ -74.87687236, -14.58993386 ], [ -74.87844811, -14.58752386 ], [ -74.87993123, -14.58186948 ], [ -74.88146061, -14.57927423 ], [ -74.88396486, -14.57622261 ], [ -74.88242873, -14.57427948 ], [ -74.88110198, -14.56999311 ], [ -74.88062573, -14.56703348 ], [ -74.87902686, -14.56322336 ], [ -74.87790423, -14.55934523 ], [ -74.87543561, -14.55591586 ], [ -74.87534298, -14.55526711 ], [ -74.87620323, -14.55339198 ], [ -74.87705773, -14.55206923 ], [ -74.87891161, -14.55081786 ], [ -74.88193198, -14.54703836 ], [ -74.88424873, -14.54548098 ], [ -74.88794823, -14.54723311 ], [ -74.88951973, -14.54740536 ], [ -74.89141398, -14.54622136 ], [ -74.89541786, -14.54508048 ], [ -74.89720448, -14.54488673 ], [ -74.89937861, -14.54533886 ], [ -74.90323173, -14.54710398 ], [ -74.90387761, -14.54856773 ], [ -74.90398523, -14.55048348 ], [ -74.90450186, -14.55237786 ], [ -74.90742936, -14.55545611 ], [ -74.90874261, -14.55918023 ], [ -74.91151936, -14.56247361 ], [ -74.91339211, -14.56561636 ], [ -74.91524336, -14.56669261 ], [ -74.91761123, -14.56710161 ], [ -74.92084011, -14.56856548 ], [ -74.92441336, -14.56841473 ], [ -74.92680286, -14.57007223 ], [ -74.92757773, -14.57142836 ], [ -74.92889086, -14.57250473 ], [ -74.93074223, -14.57351636 ], [ -74.93227048, -14.57577661 ], [ -74.93321761, -14.57663773 ], [ -74.93636036, -14.57777861 ], [ -74.93885736, -14.57937148 ], [ -74.93973998, -14.57962986 ], [ -74.94215086, -14.57924236 ], [ -74.94355011, -14.57937148 ], [ -74.94662836, -14.58083523 ], [ -74.94720948, -14.58189011 ], [ -74.94757548, -14.58384886 ], [ -74.94755386, -14.58854161 ], [ -74.94874611, -14.59074248 ], [ -74.95205473, -14.59453511 ], [ -74.95306186, -14.59771061 ], [ -74.95656836, -14.60440898 ], [ -74.95891973, -14.60645123 ], [ -74.96068486, -14.60651586 ], [ -74.96371998, -14.60543961 ], [ -74.96565736, -14.60632211 ], [ -74.96772386, -14.60419098 ], [ -74.97131873, -14.60279186 ], [ -74.97198603, -14.60281337 ], [ -74.97340673, -14.60388973 ], [ -74.97435386, -14.60410498 ], [ -74.97652111, -14.60335573 ], [ -74.97801873, -14.60237161 ], [ -74.98118523, -14.60314186 ], [ -74.98375273, -14.60502461 ], [ -74.98610711, -14.60559023 ], [ -74.98797986, -14.60677411 ], [ -74.99054148, -14.60950798 ], [ -74.99133786, -14.60983086 ], [ -74.99366273, -14.60987386 ], [ -74.99619698, -14.61189961 ], [ -74.99679223, -14.61181448 ], [ -74.99886723, -14.60962048 ], [ -75.00123136, -14.60803886 ], [ -75.00667373, -14.60635511 ], [ -75.01003323, -14.60615623 ], [ -75.01077261, -14.60652511 ], [ -75.01289148, -14.60878623 ], [ -75.01686023, -14.61029973 ], [ -75.01830673, -14.61050148 ], [ -75.02661436, -14.61013161 ], [ -75.03176461, -14.61065711 ], [ -75.03416111, -14.61128773 ], [ -75.03836548, -14.61435686 ], [ -75.04727861, -14.62314386 ], [ -75.05198736, -14.62671748 ], [ -75.05399461, -14.62729161 ], [ -75.05595786, -14.62688486 ], [ -75.05793536, -14.62510386 ], [ -75.05990036, -14.62261761 ], [ -75.06121336, -14.61549061 ], [ -75.06176561, -14.61377148 ], [ -75.06287323, -14.61206811 ], [ -75.06348961, -14.60749548 ], [ -75.06290573, -14.60597123 ], [ -75.06290573, -14.60415511 ], [ -75.06203011, -14.60000398 ], [ -75.06183548, -14.59721498 ], [ -75.06290573, -14.59426386 ], [ -75.06284086, -14.59270723 ], [ -75.06199761, -14.58962623 ], [ -75.06355436, -14.58654548 ], [ -75.06415736, -14.58009686 ], [ -75.06542586, -14.57736736 ], [ -75.06585823, -14.57448348 ], [ -75.06630048, -14.57383723 ], [ -75.06725311, -14.57342898 ], [ -75.07065123, -14.57346148 ], [ -75.07475423, -14.57170311 ], [ -75.07759036, -14.57131961 ], [ -75.08009011, -14.56900998 ], [ -75.07931998, -14.56699998 ], [ -75.07926698, -14.56259111 ], [ -75.07841523, -14.55591986 ], [ -75.07925486, -14.55368073 ], [ -75.08035211, -14.55262823 ], [ -75.08082248, -14.55143023 ], [ -75.07587648, -14.54869961 ], [ -75.07133461, -14.54105098 ], [ -75.06942111, -14.54003786 ], [ -75.06764261, -14.53843948 ], [ -75.06678711, -14.53537786 ], [ -75.06730248, -14.53255686 ], [ -75.06701211, -14.52960036 ], [ -75.06732886, -14.52793736 ], [ -75.06780661, -14.52729498 ], [ -75.06909736, -14.52693436 ], [ -75.07432873, -14.52905186 ], [ -75.07873611, -14.53164798 ], [ -75.08207773, -14.53230761 ], [ -75.08357273, -14.53217561 ], [ -75.08475986, -14.53169198 ], [ -75.08667536, -14.53020586 ], [ -75.08788173, -14.52821848 ], [ -75.08920086, -14.52382148 ], [ -75.09183898, -14.52056773 ], [ -75.09184286, -14.51927086 ], [ -75.09066723, -14.51537711 ], [ -75.09059398, -14.51398123 ], [ -75.09086336, -14.50874048 ], [ -75.09169598, -14.50540998 ], [ -75.09174473, -14.50396511 ], [ -75.09125511, -14.50063448 ], [ -75.09032448, -14.49892011 ], [ -75.09074086, -14.49544273 ], [ -75.09235711, -14.49367948 ], [ -75.09419386, -14.49032448 ], [ -75.09770948, -14.48654573 ], [ -75.09813773, -14.48509723 ], [ -75.09651661, -14.48081423 ], [ -75.09489323, -14.47897436 ], [ -75.08699286, -14.47342773 ], [ -75.08282623, -14.47183148 ], [ -75.08177098, -14.47112811 ], [ -75.07871373, -14.46704261 ], [ -75.07589386, -14.46532736 ], [ -75.07205786, -14.46127973 ], [ -75.06845936, -14.45835761 ], [ -75.06835111, -14.45695073 ], [ -75.06997448, -14.45272998 ], [ -75.07038036, -14.44975386 ], [ -75.07019098, -14.44915848 ], [ -75.06764773, -14.44699398 ], [ -75.06507736, -14.44569536 ], [ -75.06404923, -14.44472136 ], [ -75.06166836, -14.44174511 ], [ -75.06036961, -14.43893148 ], [ -75.05696048, -14.43600923 ], [ -75.05555361, -14.43368236 ], [ -75.05299411, -14.43115036 ], [ -75.05658686, -14.42879773 ], [ -75.06115548, -14.42697023 ], [ -75.06292573, -14.42685598 ], [ -75.06463898, -14.42731286 ], [ -75.06906836, -14.42915036 ], [ -75.07239948, -14.42845373 ], [ -75.07693298, -14.42603023 ], [ -75.07954061, -14.42638536 ], [ -75.08896861, -14.42640898 ], [ -75.09150398, -14.42868211 ], [ -75.09552548, -14.42882786 ], [ -75.09808998, -14.43031411 ], [ -75.10126648, -14.43319911 ], [ -75.10397661, -14.43407336 ], [ -75.10584173, -14.43404423 ], [ -75.10712398, -14.43354886 ], [ -75.10954273, -14.43147973 ], [ -75.11241948, -14.42961336 ], [ -75.11533511, -14.42823886 ], [ -75.11716786, -14.42782236 ], [ -75.11887561, -14.42811386 ], [ -75.12194261, -14.42727573 ], [ -75.12230998, -14.42671998 ], [ -75.12213461, -14.42642136 ], [ -75.11949998, -14.42428998 ], [ -75.11822998, -14.42274998 ], [ -75.11816611, -14.42200586 ], [ -75.11913761, -14.42113111 ], [ -75.12574936, -14.41791873 ], [ -75.13473111, -14.41707648 ], [ -75.13982611, -14.41590823 ], [ -75.13804898, -14.41465573 ], [ -75.13606061, -14.41188786 ], [ -75.13473536, -14.41064036 ], [ -75.13391673, -14.40709273 ], [ -75.13153861, -14.40483161 ], [ -75.13118773, -14.40374011 ], [ -75.13200636, -14.40151798 ], [ -75.13208436, -14.39972448 ], [ -75.12845873, -14.39516348 ], [ -75.12689936, -14.39177173 ], [ -75.12678248, -14.38982261 ], [ -75.12643161, -14.38896486 ], [ -75.12331286, -14.38724948 ], [ -75.12042798, -14.38432573 ], [ -75.12003811, -14.38370198 ], [ -75.11984323, -14.38163573 ], [ -75.11886861, -14.37808823 ], [ -75.11672436, -14.37411173 ], [ -75.11249598, -14.37049348 ], [ -75.11064373, -14.36558498 ], [ -75.10661498, -14.36169511 ], [ -75.10508686, -14.35877786 ], [ -75.10647611, -14.35210961 ], [ -75.10809686, -14.34794198 ], [ -75.10791161, -14.34701586 ], [ -75.10545736, -14.34460786 ], [ -75.10578136, -14.34187573 ], [ -75.10490161, -14.33946773 ], [ -75.10179898, -14.33687448 ], [ -75.09999311, -14.33414248 ], [ -75.10022461, -14.33015998 ], [ -75.09966898, -14.32900236 ], [ -75.09939098, -14.32668698 ], [ -75.09855761, -14.32451073 ], [ -75.09763148, -14.32339923 ], [ -75.09480673, -14.31585111 ], [ -75.09392686, -14.31242448 ], [ -75.09253761, -14.31084998 ], [ -75.09147261, -14.31020173 ], [ -75.08698086, -14.30936811 ], [ -75.08637886, -14.30895136 ], [ -75.08522111, -14.30529311 ], [ -75.08267423, -14.30214423 ], [ -75.08248898, -14.30103286 ], [ -75.08272061, -14.29881011 ], [ -75.08221123, -14.29728198 ], [ -75.08082198, -14.29728198 ], [ -75.07758048, -14.29862486 ], [ -75.07341286, -14.29899536 ], [ -75.07169948, -14.29862486 ], [ -75.06688348, -14.29695798 ], [ -75.06202123, -14.29464248 ], [ -75.05896498, -14.29246611 ], [ -75.05678861, -14.28908561 ], [ -75.05516786, -14.28718711 ], [ -75.05340811, -14.28663136 ], [ -75.04970361, -14.28653873 ], [ -75.04655473, -14.28320461 ], [ -75.04085898, -14.27894423 ], [ -75.03997911, -14.27787936 ], [ -75.03960861, -14.27649011 ], [ -75.03942348, -14.27260036 ], [ -75.03905298, -14.27144261 ], [ -75.03766373, -14.26977561 ], [ -75.03488536, -14.26801598 ], [ -75.03219786, -14.26567911 ], [ -75.03208998, -14.26335748 ], [ -75.03237936, -14.26182798 ], [ -75.03456561, -14.25790361 ], [ -75.03640736, -14.25616711 ], [ -75.03951211, -14.25416748 ], [ -75.04193273, -14.25416748 ], [ -75.04697948, -14.25553398 ], [ -75.05199498, -14.25462948 ], [ -75.05511936, -14.25520511 ], [ -75.05733948, -14.25479398 ], [ -75.06059298, -14.25320823 ], [ -75.06486848, -14.25231561 ], [ -75.06604298, -14.25161086 ], [ -75.06764048, -14.24987236 ], [ -75.06876811, -14.24752323 ], [ -75.07210398, -14.24592573 ], [ -75.07243286, -14.24540886 ], [ -75.07243286, -14.24461023 ], [ -75.07177511, -14.24305973 ], [ -75.07182186, -14.24193223 ], [ -75.07290261, -14.23939511 ], [ -75.07366811, -14.23561236 ], [ -75.07786098, -14.23313661 ], [ -75.08616673, -14.23221811 ], [ -75.08724498, -14.23181886 ], [ -75.08816336, -14.23090036 ], [ -75.08912173, -14.22798536 ], [ -75.08876236, -14.22562936 ], [ -75.09011998, -14.22019861 ], [ -75.08984048, -14.21800236 ], [ -75.09078998, -14.21517998 ], [ -75.09017998, -14.21418998 ], [ -75.08737786, -14.21251823 ], [ -75.08611073, -14.21037773 ], [ -75.08560636, -14.20872923 ], [ -75.08527423, -14.20572761 ], [ -75.08447461, -14.20309498 ], [ -75.08233398, -14.19829723 ], [ -75.08105461, -14.19639036 ], [ -75.07837461, -14.18637798 ], [ -75.07755336, -14.17681623 ], [ -75.07743598, -14.17177148 ], [ -75.07638011, -14.16590536 ], [ -75.07348998, -14.16062998 ], [ -75.07060423, -14.15697448 ], [ -75.06929998, -14.15346648 ], [ -75.06741198, -14.15120048 ], [ -75.06584998, -14.14624748 ], [ -75.06474998, -14.14097998 ], [ -75.06506998, -14.13947998 ], [ -75.06459998, -14.13797998 ], [ -75.06303998, -14.13509998 ], [ -75.05933998, -14.12988998 ], [ -75.05854998, -14.12960998 ], [ -75.05755998, -14.12986998 ], [ -75.05501998, -14.12748998 ], [ -75.05485998, -14.12480998 ], [ -75.05437998, -14.12317998 ], [ -75.05510998, -14.12110998 ], [ -75.05445998, -14.11911998 ], [ -75.05460998, -14.11522998 ], [ -75.05366998, -14.11422998 ], [ -75.05078998, -14.11252998 ], [ -75.05034998, -14.11094998 ], [ -75.04930998, -14.11002998 ], [ -75.04865998, -14.10879998 ], [ -75.04636998, -14.10703998 ], [ -75.04547998, -14.10415998 ], [ -75.04408998, -14.10155998 ], [ -75.04209998, -14.10055998 ], [ -75.03841998, -14.09957998 ], [ -75.03649998, -14.09792998 ], [ -75.03548998, -14.09535998 ], [ -75.03530998, -14.09405998 ], [ -75.03289998, -14.08881998 ], [ -75.03238998, -14.08660998 ], [ -75.03079998, -14.08471998 ], [ -75.03030998, -14.08235998 ], [ -75.02948998, -14.08068998 ], [ -75.03017998, -14.07857998 ], [ -75.03029998, -14.07438998 ], [ -75.02991998, -14.07303998 ], [ -75.02912998, -14.07194998 ], [ -75.02650973, -14.07141786 ], [ -75.02482611, -14.07228711 ], [ -75.02413086, -14.07233198 ], [ -75.02235348, -14.07160936 ], [ -75.01948823, -14.07127348 ], [ -75.01692973, -14.07024411 ], [ -75.01572448, -14.06934761 ], [ -75.01450386, -14.06915236 ], [ -75.00971286, -14.06985548 ], [ -75.00553911, -14.07123823 ], [ -75.00401373, -14.07130273 ], [ -75.00145511, -14.07207036 ], [ -74.99627736, -14.07209761 ], [ -74.98901373, -14.07498236 ], [ -74.98647261, -14.07375198 ], [ -74.98271098, -14.07504498 ], [ -74.97730273, -14.07402348 ], [ -74.97511323, -14.07428511 ], [ -74.97081061, -14.07762111 ], [ -74.96445511, -14.08118161 ], [ -74.96296686, -14.08312698 ], [ -74.96066986, -14.08404886 ], [ -74.95795511, -14.08613673 ], [ -74.95607036, -14.08654311 ], [ -74.95337686, -14.08608973 ], [ -74.95171286, -14.08617186 ], [ -74.94892186, -14.08727348 ], [ -74.94590036, -14.09026561 ], [ -74.94509961, -14.09355661 ], [ -74.94360348, -14.09492186 ], [ -74.94236136, -14.09468748 ], [ -74.93871286, -14.09226373 ], [ -74.93350198, -14.09188086 ], [ -74.93262498, -14.09232423 ], [ -74.92983986, -14.09567773 ], [ -74.92647461, -14.09869723 ], [ -74.92515611, -14.09941998 ], [ -74.92420123, -14.09947461 ], [ -74.92215823, -14.09864061 ], [ -74.91960161, -14.09618161 ], [ -74.91799998, -14.09512311 ], [ -74.91468748, -14.09432623 ], [ -74.91146098, -14.09226373 ], [ -74.91010348, -14.09199998 ], [ -74.90789061, -14.09215423 ], [ -74.90188673, -14.09614848 ], [ -74.90100786, -14.09719536 ], [ -74.90019923, -14.10078511 ], [ -74.89960548, -14.10210548 ], [ -74.89760548, -14.10379498 ], [ -74.89620123, -14.10390423 ], [ -74.89536323, -14.10317973 ], [ -74.89285348, -14.09792573 ], [ -74.88567386, -14.08562498 ], [ -74.88337886, -14.08310161 ], [ -74.88023436, -14.08145311 ], [ -74.87888286, -14.07990623 ], [ -74.87869336, -14.07760161 ], [ -74.87811323, -14.07625386 ], [ -74.87611323, -14.07536723 ], [ -74.87144536, -14.07480273 ], [ -74.86938673, -14.07405273 ], [ -74.86696686, -14.07248648 ], [ -74.86270111, -14.06855073 ], [ -74.86079486, -14.06719336 ], [ -74.85980273, -14.06747461 ], [ -74.85873436, -14.06898236 ], [ -74.85789448, -14.07239061 ], [ -74.85710161, -14.07423436 ], [ -74.85561323, -14.07522848 ], [ -74.85274411, -14.07620511 ], [ -74.85135736, -14.07617398 ], [ -74.84844923, -14.07494336 ], [ -74.84670311, -14.07458011 ], [ -74.84365823, -14.07296286 ], [ -74.84216411, -14.07123248 ], [ -74.84176561, -14.07130473 ], [ -74.84146873, -14.07176573 ], [ -74.84138473, -14.07340236 ], [ -74.84043961, -14.07485736 ], [ -74.83863873, -14.07674611 ], [ -74.83601361, -14.07846286 ], [ -74.83308398, -14.08170511 ], [ -74.83095511, -14.08451561 ], [ -74.82830073, -14.09014848 ], [ -74.82694336, -14.09148436 ], [ -74.82518748, -14.09227923 ], [ -74.82271486, -14.09248636 ], [ -74.82199811, -14.09212311 ], [ -74.81913673, -14.09173248 ], [ -74.81761898, -14.09107036 ], [ -74.81528511, -14.08942386 ], [ -74.81006636, -14.08698823 ], [ -74.80886136, -14.08727536 ], [ -74.80645698, -14.08908198 ], [ -74.80091011, -14.08700786 ], [ -74.79899611, -14.08667973 ], [ -74.79444723, -14.08881061 ], [ -74.79206061, -14.08935161 ], [ -74.79131248, -14.08904298 ], [ -74.78941598, -14.08670898 ], [ -74.78757423, -14.08620898 ], [ -74.78461523, -14.08731061 ], [ -74.78010548, -14.09017186 ], [ -74.77901373, -14.09018948 ], [ -74.77655861, -14.08927348 ], [ -74.77518548, -14.08913661 ], [ -74.77356636, -14.08946873 ], [ -74.77252936, -14.09031836 ], [ -74.77270211, -14.09107786 ], [ -74.77149798, -14.09465673 ], [ -74.76985911, -14.09917211 ], [ -74.76795261, -14.10305198 ], [ -74.76658123, -14.10539323 ], [ -74.76484198, -14.10703211 ], [ -74.76253411, -14.11037686 ], [ -74.76229998, -14.11188198 ], [ -74.76266798, -14.11532698 ], [ -74.76186523, -14.11663148 ], [ -74.76086523, -14.12043561 ], [ -74.75869173, -14.12190098 ], [ -74.75433473, -14.12328061 ], [ -74.75172061, -14.12342586 ], [ -74.75026836, -14.12335323 ], [ -74.74743636, -14.12248186 ], [ -74.74641973, -14.12190098 ], [ -74.74460436, -14.12008561 ], [ -74.74155448, -14.11899636 ], [ -74.73697973, -14.11863336 ], [ -74.73218698, -14.11689048 ], [ -74.72761236, -14.11739873 ], [ -74.72572436, -14.11703573 ], [ -74.72049598, -14.11427636 ], [ -74.71889861, -14.11151698 ], [ -74.71918898, -14.10955636 ], [ -74.72035073, -14.10665173 ], [ -74.72035073, -14.10578036 ], [ -74.71824498, -14.10411011 ], [ -74.71650211, -14.10185911 ], [ -74.71671998, -14.09859136 ], [ -74.71715573, -14.09692136 ], [ -74.71679273, -14.09619511 ], [ -74.71555811, -14.09597723 ], [ -74.71374273, -14.09648561 ], [ -74.71258098, -14.09742961 ], [ -74.71054773, -14.10076986 ], [ -74.70982173, -14.10106036 ], [ -74.70836911, -14.10076986 ], [ -74.70727998, -14.10011636 ], [ -74.70314098, -14.09554173 ], [ -74.70103511, -14.09481548 ], [ -74.69842098, -14.09467011 ], [ -74.69798523, -14.09408911 ], [ -74.69907448, -14.08624673 ], [ -74.69834836, -14.07862211 ], [ -74.69580673, -14.07687936 ], [ -74.69377361, -14.07731523 ], [ -74.69203073, -14.07709723 ], [ -74.69036061, -14.07644373 ], [ -74.68876298, -14.07470098 ], [ -74.68680248, -14.07128798 ], [ -74.68614898, -14.07092498 ], [ -74.68455123, -14.07121536 ], [ -74.68283511, -14.07213536 ], [ -74.68171673, -14.07237336 ], [ -74.68081261, -14.07163573 ], [ -74.67840936, -14.06851848 ], [ -74.67767173, -14.06806648 ], [ -74.67707686, -14.06813786 ], [ -74.67657711, -14.06892311 ], [ -74.67674373, -14.07320611 ], [ -74.67652948, -14.07441961 ], [ -74.67453073, -14.07798886 ], [ -74.67267486, -14.07998761 ], [ -74.66951011, -14.08203398 ], [ -74.66310936, -14.08457998 ], [ -74.65754148, -14.08738773 ], [ -74.65133098, -14.08926748 ], [ -74.65006998, -14.08921986 ], [ -74.64819011, -14.08724498 ], [ -74.64664348, -14.08731636 ], [ -74.64516823, -14.08841086 ], [ -74.64338361, -14.09131386 ], [ -74.64055223, -14.09445473 ], [ -74.63952886, -14.09512098 ], [ -74.63760161, -14.09581111 ], [ -74.63572173, -14.09562061 ], [ -74.63393723, -14.09495436 ], [ -74.63184323, -14.09345536 ], [ -74.63053461, -14.09162311 ], [ -74.62708436, -14.08933886 ], [ -74.62608498, -14.08912473 ], [ -74.62384823, -14.08933886 ], [ -74.62134986, -14.09112348 ], [ -74.62087398, -14.09209911 ], [ -74.62101673, -14.09355036 ], [ -74.62253961, -14.09769073 ], [ -74.62363411, -14.10244973 ], [ -74.62487148, -14.10528123 ], [ -74.62589461, -14.10601886 ], [ -74.63072486, -14.10692311 ], [ -74.63429411, -14.10889811 ], [ -74.63462723, -14.11008773 ], [ -74.63367548, -14.11206261 ], [ -74.63358023, -14.11377598 ], [ -74.63391336, -14.11475148 ], [ -74.63553148, -14.11713098 ], [ -74.63567436, -14.11832073 ], [ -74.63498411, -14.11974836 ], [ -74.63431786, -14.12031948 ], [ -74.62879136, -14.12347673 ], [ -74.62786711, -14.12469673 ], [ -74.62775623, -14.12765436 ], [ -74.62651773, -14.12998336 ], [ -74.62476161, -14.13142523 ], [ -74.62420711, -14.13240498 ], [ -74.62352311, -14.13512223 ], [ -74.62369998, -14.13658998 ], [ -74.62319998, -14.13713998 ], [ -74.62146998, -14.13721998 ], [ -74.62042998, -14.13553998 ], [ -74.62008998, -14.13570998 ], [ -74.61983998, -14.13649998 ], [ -74.61774998, -14.13752998 ], [ -74.61389998, -14.13746998 ], [ -74.61333998, -14.13694998 ], [ -74.61249998, -14.13697998 ], [ -74.61167998, -14.13648998 ], [ -74.61075998, -14.13766998 ], [ -74.61046998, -14.13766998 ], [ -74.60975998, -14.13696998 ], [ -74.60756998, -14.13583998 ], [ -74.60309998, -14.13552998 ], [ -74.60136998, -14.13337998 ], [ -74.59951998, -14.13427998 ], [ -74.59639998, -14.13427998 ], [ -74.59420998, -14.13277998 ], [ -74.59367998, -14.13303998 ], [ -74.59355998, -14.13381998 ], [ -74.59297998, -14.13399998 ], [ -74.59151998, -14.13240998 ], [ -74.59101998, -14.13292998 ], [ -74.59085998, -14.13406998 ], [ -74.59128998, -14.13545998 ], [ -74.59115998, -14.13606998 ], [ -74.59033998, -14.13665998 ], [ -74.58901998, -14.13659998 ], [ -74.58876998, -14.13778998 ], [ -74.58782998, -14.13855998 ], [ -74.58712998, -14.13996998 ], [ -74.58659998, -14.14036998 ], [ -74.58549998, -14.13985998 ], [ -74.58552998, -14.13934998 ], [ -74.58625998, -14.13849998 ], [ -74.58595998, -14.13805998 ], [ -74.58443998, -14.13879998 ], [ -74.58071998, -14.13848998 ], [ -74.58005998, -14.13965998 ], [ -74.57934998, -14.13985998 ], [ -74.57863998, -14.13923998 ], [ -74.57870998, -14.13795998 ], [ -74.57840998, -14.13753998 ], [ -74.57521998, -14.13760998 ], [ -74.57433998, -14.13648998 ], [ -74.57264998, -14.13531998 ], [ -74.57222723, -14.13584923 ], [ -74.57202698, -14.13731561 ], [ -74.57219048, -14.14453011 ], [ -74.57193361, -14.14758861 ], [ -74.57138548, -14.14885673 ], [ -74.57063998, -14.14966436 ], [ -74.56043036, -14.15391898 ], [ -74.54129273, -14.16406423 ], [ -74.52757348, -14.14607948 ], [ -74.49609998, -14.14630998 ], [ -74.48768411, -14.14884636 ], [ -74.48226561, -14.14965323 ], [ -74.47215236, -14.15284961 ], [ -74.47028998, -14.15042623 ], [ -74.46820261, -14.14905686 ], [ -74.46449873, -14.14829948 ], [ -74.45914486, -14.14947186 ], [ -74.45420998, -14.15137998 ], [ -74.45300998, -14.15136998 ], [ -74.45091998, -14.15055998 ], [ -74.44919998, -14.15035998 ], [ -74.44607998, -14.15076998 ], [ -74.44318998, -14.14961998 ], [ -74.44160998, -14.14970998 ], [ -74.43974998, -14.14895998 ], [ -74.43616998, -14.14979998 ], [ -74.43127998, -14.14929998 ], [ -74.42978998, -14.14982998 ], [ -74.42852998, -14.15091998 ], [ -74.42658998, -14.15142998 ], [ -74.42424998, -14.15253998 ], [ -74.42322998, -14.15250998 ], [ -74.42106998, -14.15138998 ], [ -74.41970999, -14.15110001 ], [ -74.42051998, -14.15329998 ], [ -74.41865998, -14.15465998 ], [ -74.41541998, -14.15608998 ], [ -74.41261998, -14.15627998 ], [ -74.40978998, -14.15780998 ], [ -74.40828998, -14.15795998 ], [ -74.40468998, -14.15981998 ], [ -74.40278998, -14.16016998 ], [ -74.40187998, -14.16097998 ], [ -74.40103998, -14.16245998 ], [ -74.39930998, -14.16349998 ], [ -74.39726998, -14.16532998 ], [ -74.39354998, -14.16690998 ], [ -74.39231998, -14.16704998 ], [ -74.38892998, -14.16623998 ], [ -74.38598998, -14.16482998 ], [ -74.38484998, -14.16371998 ], [ -74.38482998, -14.16266998 ], [ -74.38437998, -14.16205998 ], [ -74.38289998, -14.16126998 ], [ -74.38067998, -14.16091998 ], [ -74.37961998, -14.16110998 ], [ -74.37783998, -14.15969998 ], [ -74.37637473, -14.16010486 ], [ -74.37060048, -14.15899786 ], [ -74.36886161, -14.15909148 ], [ -74.36765811, -14.15864023 ], [ -74.36201698, -14.15555648 ], [ -74.36021186, -14.15405211 ], [ -74.35479636, -14.15126911 ], [ -74.33614298, -14.14811011 ], [ -74.32944873, -14.12862936 ], [ -74.30531998, -14.12611998 ], [ -74.30533998, -14.12716998 ], [ -74.30358998, -14.12900998 ], [ -74.30212998, -14.12894998 ], [ -74.30053998, -14.12787998 ], [ -74.29878998, -14.12788998 ], [ -74.29548998, -14.12933998 ], [ -74.29462998, -14.13029998 ], [ -74.29288998, -14.13050998 ], [ -74.29139998, -14.13248998 ], [ -74.28880998, -14.13205998 ], [ -74.28716998, -14.13071998 ], [ -74.28551998, -14.13168998 ], [ -74.28412998, -14.13296998 ], [ -74.28159998, -14.13263998 ], [ -74.28044998, -14.13305998 ], [ -74.27928998, -14.13305998 ], [ -74.27873998, -14.13355998 ], [ -74.27750998, -14.13391998 ], [ -74.27229998, -14.13233998 ], [ -74.27050998, -14.13129998 ], [ -74.26766998, -14.13299998 ], [ -74.26621998, -14.13342998 ], [ -74.26404998, -14.13340998 ], [ -74.26341998, -14.13397998 ], [ -74.26188998, -14.13425998 ], [ -74.26137998, -14.13487998 ], [ -74.25969836, -14.13464273 ], [ -74.25411523, -14.13212311 ], [ -74.23947461, -14.13200786 ], [ -74.20797598, -14.12689936 ], [ -74.20383911, -14.12208561 ], [ -74.18909686, -14.10343223 ], [ -74.17442986, -14.10471086 ], [ -74.11604298, -14.02887298 ], [ -74.10857811, -14.03004961 ], [ -74.10572286, -14.03004961 ], [ -74.10212511, -14.02925011 ], [ -74.10001211, -14.02839348 ], [ -74.09847023, -14.02679461 ], [ -74.09492961, -14.02142636 ], [ -74.09310211, -14.01971323 ], [ -74.09070361, -14.01919911 ], [ -74.08573536, -14.01919911 ], [ -74.08156648, -14.01965598 ], [ -74.08025311, -14.02079823 ], [ -74.07317173, -14.02456723 ], [ -74.07037323, -14.02667148 ], [ -74.06900061, -14.02720248 ], [ -74.06792111, -14.02806611 ], [ -74.06653923, -14.02992298 ] ] ] ] } },
{ "type": "Feature", "properties": { "id": "provincial.7", "departamen": "AYACUCHO", "provincia": "PARINACOCHAS", "id_prov": 7 }, "geometry": { "type": "MultiPolygon", "coordinates": [ [ [ [ -73.52822348, -14.51030586 ], [ -73.52579873, -14.51045536 ], [ -73.52460098, -14.51085998 ], [ -73.52385648, -14.51158823 ], [ -73.52283673, -14.51378873 ], [ -73.52222173, -14.51615261 ], [ -73.52183986, -14.52030023 ], [ -73.52249036, -14.52208811 ], [ -73.52224548, -14.52698611 ], [ -73.52154198, -14.53105823 ], [ -73.52075161, -14.53354773 ], [ -73.51174036, -14.53852486 ], [ -73.50897598, -14.54125323 ], [ -73.50701173, -14.54430861 ], [ -73.50882811, -14.54575786 ], [ -73.51053511, -14.54883198 ], [ -73.51097073, -14.55485548 ], [ -73.51165823, -14.55897273 ], [ -73.51165036, -14.56366411 ], [ -73.51228323, -14.56585548 ], [ -73.51329886, -14.56698248 ], [ -73.51537311, -14.56769136 ], [ -73.51911911, -14.57067186 ], [ -73.52414648, -14.57145898 ], [ -73.52561911, -14.57220311 ], [ -73.52783198, -14.57399811 ], [ -73.53176948, -14.57778911 ], [ -73.53299011, -14.57975786 ], [ -73.53337886, -14.58102148 ], [ -73.53358986, -14.58407823 ], [ -73.53299736, -14.58891711 ], [ -73.53085773, -14.59355836 ], [ -73.52992398, -14.59492373 ], [ -73.52725448, -14.60244898 ], [ -73.52613236, -14.60670336 ], [ -73.52368211, -14.61124998 ], [ -73.52102448, -14.61943023 ], [ -73.51336111, -14.63309723 ], [ -73.51178936, -14.63814023 ], [ -73.51015198, -14.64626136 ], [ -73.51006098, -14.65010073 ], [ -73.51791861, -14.66704636 ], [ -73.51967423, -14.66989923 ], [ -73.52308173, -14.67304936 ], [ -73.52629636, -14.67394961 ], [ -73.52970386, -14.67427111 ], [ -73.53182548, -14.67375673 ], [ -73.54051873, -14.67335011 ], [ -73.54217173, -14.67458986 ], [ -73.54365048, -14.67662461 ], [ -73.54591136, -14.67776373 ], [ -73.54761423, -14.67809123 ], [ -73.55322511, -14.68037348 ], [ -73.55586636, -14.68071098 ], [ -73.55971548, -14.68005386 ], [ -73.56211898, -14.68011948 ], [ -73.56337148, -14.68104048 ], [ -73.56602398, -14.68395086 ], [ -73.56731998, -14.68454848 ], [ -73.57109898, -14.68727161 ], [ -73.57209998, -14.68854998 ], [ -73.57261998, -14.69014998 ], [ -73.57230998, -14.69248998 ], [ -73.57044998, -14.69282998 ], [ -73.57087998, -14.69412998 ], [ -73.57203998, -14.69539998 ], [ -73.57428998, -14.69498998 ], [ -73.57548998, -14.69508998 ], [ -73.57418998, -14.69619998 ], [ -73.57360998, -14.69754998 ], [ -73.57382998, -14.69853998 ], [ -73.57509998, -14.69957998 ], [ -73.57526998, -14.70111998 ], [ -73.57331998, -14.70301998 ], [ -73.57307998, -14.70569998 ], [ -73.57154998, -14.70635998 ], [ -73.57121998, -14.70717998 ], [ -73.57213998, -14.70863998 ], [ -73.57293998, -14.70889998 ], [ -73.57347998, -14.71036998 ], [ -73.57408998, -14.71098998 ], [ -73.57649998, -14.71124998 ], [ -73.57713998, -14.71442998 ], [ -73.57561998, -14.71856998 ], [ -73.57345998, -14.72028998 ], [ -73.57207998, -14.72044998 ], [ -73.57029998, -14.71966998 ], [ -73.56893998, -14.72011998 ], [ -73.56947998, -14.72230998 ], [ -73.56924998, -14.72583998 ], [ -73.56959998, -14.72611998 ], [ -73.57088998, -14.72541998 ], [ -73.57177998, -14.72752998 ], [ -73.56982998, -14.72894998 ], [ -73.56885998, -14.72921998 ], [ -73.56892998, -14.73145998 ], [ -73.56792998, -14.73342998 ], [ -73.56505998, -14.73370998 ], [ -73.56396998, -14.73470998 ], [ -73.56397998, -14.73633998 ], [ -73.56348998, -14.73834998 ], [ -73.56289998, -14.73933998 ], [ -73.56325998, -14.74109998 ], [ -73.56279998, -14.74215998 ], [ -73.56253998, -14.74410998 ], [ -73.56447998, -14.74715998 ], [ -73.56443998, -14.74993998 ], [ -73.56431998, -14.75040998 ], [ -73.56313998, -14.75144998 ], [ -73.56231998, -14.75394998 ], [ -73.56378998, -14.75565998 ], [ -73.56390998, -14.75674998 ], [ -73.56475998, -14.75859998 ], [ -73.56352998, -14.76239998 ], [ -73.56437998, -14.76967998 ], [ -73.56482998, -14.77133998 ], [ -73.56574998, -14.77240998 ], [ -73.56569998, -14.77333998 ], [ -73.56507998, -14.77445998 ], [ -73.56528011, -14.77582998 ], [ -73.56210998, -14.78136998 ], [ -73.56089998, -14.78251998 ], [ -73.55878998, -14.78282998 ], [ -73.55884998, -14.78379998 ], [ -73.55843998, -14.78446998 ], [ -73.55761998, -14.78539998 ], [ -73.55628998, -14.78609998 ], [ -73.55535998, -14.78830998 ], [ -73.55386998, -14.78885998 ], [ -73.55351998, -14.78935998 ], [ -73.55410998, -14.79324998 ], [ -73.55318998, -14.79455998 ], [ -73.55195998, -14.79543998 ], [ -73.55171998, -14.79747998 ], [ -73.54956998, -14.80142998 ], [ -73.54457998, -14.80234998 ], [ -73.54270998, -14.80189998 ], [ -73.54039998, -14.80007998 ], [ -73.53813998, -14.80020998 ], [ -73.53421998, -14.79883998 ], [ -73.53331998, -14.79902998 ], [ -73.53247998, -14.79991998 ], [ -73.53105998, -14.79993998 ], [ -73.52856998, -14.80134998 ], [ -73.52695998, -14.80347998 ], [ -73.52547998, -14.80435998 ], [ -73.52398998, -14.80668998 ], [ -73.52218998, -14.80826998 ], [ -73.52148998, -14.81079998 ], [ -73.52000998, -14.81078998 ], [ -73.52033998, -14.81239998 ], [ -73.51952998, -14.81382998 ], [ -73.51795998, -14.81486998 ], [ -73.51588998, -14.81697998 ], [ -73.51552998, -14.82031998 ], [ -73.51419998, -14.82260998 ], [ -73.51423998, -14.82311998 ], [ -73.51538998, -14.82411998 ], [ -73.51449998, -14.82552998 ], [ -73.51264998, -14.82641998 ], [ -73.50946998, -14.82495998 ], [ -73.50662998, -14.82595998 ], [ -73.50508998, -14.82762998 ], [ -73.50348998, -14.82858998 ], [ -73.50209998, -14.82866998 ], [ -73.50106998, -14.82825998 ], [ -73.49935998, -14.82874998 ], [ -73.49801998, -14.83008998 ], [ -73.49704998, -14.83195998 ], [ -73.49485998, -14.83462998 ], [ -73.49200998, -14.83730998 ], [ -73.48840998, -14.83973998 ], [ -73.48502998, -14.84256998 ], [ -73.48256998, -14.84262998 ], [ -73.48101998, -14.84198998 ], [ -73.48053998, -14.84218998 ], [ -73.47927011, -14.84144111 ], [ -73.47105511, -14.83863873 ], [ -73.46892798, -14.83874923 ], [ -73.46562111, -14.84025973 ], [ -73.46448436, -14.83982811 ], [ -73.46311161, -14.83732211 ], [ -73.46225523, -14.83495298 ], [ -73.46069598, -14.82924648 ], [ -73.45878986, -14.82720223 ], [ -73.45866098, -14.82545173 ], [ -73.45782311, -14.82330723 ], [ -73.45472911, -14.82101436 ], [ -73.45428048, -14.82023523 ], [ -73.45420423, -14.81891498 ], [ -73.45511586, -14.81366636 ], [ -73.45373461, -14.80932936 ], [ -73.45412136, -14.80582098 ], [ -73.45381748, -14.80490936 ], [ -73.45249161, -14.80283761 ], [ -73.44969998, -14.79995148 ], [ -73.44127611, -14.79333473 ], [ -73.44055786, -14.79184311 ], [ -73.43992248, -14.78695361 ], [ -73.43713236, -14.78424636 ], [ -73.43506061, -14.78294798 ], [ -73.42891436, -14.78006161 ], [ -73.42482573, -14.77775061 ], [ -73.41823136, -14.77209936 ], [ -73.41533936, -14.77119298 ], [ -73.41197261, -14.77189061 ], [ -73.40911911, -14.77120698 ], [ -73.40680661, -14.76891786 ], [ -73.40454886, -14.76549623 ], [ -73.40318361, -14.76184761 ], [ -73.40158011, -14.75404098 ], [ -73.40069536, -14.74412311 ], [ -73.39847923, -14.73607548 ], [ -73.39040311, -14.71606161 ], [ -73.38729898, -14.71128711 ], [ -73.38125561, -14.70501548 ], [ -73.38086536, -14.70406448 ], [ -73.37544473, -14.70110323 ], [ -73.37164761, -14.69822673 ], [ -73.37086536, -14.69661748 ], [ -73.37061436, -14.69132486 ], [ -73.37009423, -14.68815861 ], [ -73.36848336, -14.68464911 ], [ -73.36436811, -14.68164923 ], [ -73.36176936, -14.68173636 ], [ -73.36099236, -14.68225973 ], [ -73.35909186, -14.68266211 ], [ -73.35826948, -14.68338873 ], [ -73.35636136, -14.68696873 ], [ -73.35472848, -14.69196286 ], [ -73.35224223, -14.69457211 ], [ -73.35184761, -14.69641211 ], [ -73.35220311, -14.70163473 ], [ -73.35194336, -14.70265436 ], [ -73.35080661, -14.70402936 ], [ -73.34877736, -14.70515436 ], [ -73.34619136, -14.70614648 ], [ -73.34455073, -14.70640236 ], [ -73.34186523, -14.70778911 ], [ -73.33770698, -14.71067386 ], [ -73.33581636, -14.71150586 ], [ -73.33263473, -14.71468161 ], [ -73.32833011, -14.71736136 ], [ -73.32556248, -14.71734186 ], [ -73.32173823, -14.71621098 ], [ -73.31855073, -14.71634761 ], [ -73.31415623, -14.71586323 ], [ -73.30987498, -14.71608986 ], [ -73.30857036, -14.71651373 ], [ -73.30805286, -14.71714648 ], [ -73.30771686, -14.71835161 ], [ -73.30706061, -14.71896486 ], [ -73.29679773, -14.72375261 ], [ -73.29097423, -14.72974323 ], [ -73.28972661, -14.73273436 ], [ -73.28747386, -14.73403511 ], [ -73.28423861, -14.73410111 ], [ -73.27995011, -14.73163198 ], [ -73.27750336, -14.72853111 ], [ -73.27477861, -14.72617473 ], [ -73.27305298, -14.72384223 ], [ -73.26816648, -14.71943061 ], [ -73.26537311, -14.71552148 ], [ -73.26362111, -14.70978911 ], [ -73.26112836, -14.70914223 ], [ -73.25611023, -14.70901023 ], [ -73.25291411, -14.70982811 ], [ -73.25122411, -14.71138723 ], [ -73.24851686, -14.71224561 ], [ -73.24508336, -14.71237761 ], [ -73.24045511, -14.71172673 ], [ -73.23903711, -14.71107036 ], [ -73.23581298, -14.71054836 ], [ -73.22853211, -14.71001036 ], [ -73.22764848, -14.70971586 ], [ -73.22737086, -14.70842198 ], [ -73.22671098, -14.70780923 ], [ -73.22322336, -14.70656036 ], [ -73.22145598, -14.70509923 ], [ -73.21987711, -14.70300198 ], [ -73.21827473, -14.70161161 ], [ -73.21726173, -14.70179298 ], [ -73.21290623, -14.70488286 ], [ -73.21106636, -14.70584373 ], [ -73.20658861, -14.70570873 ], [ -73.20229673, -14.70452023 ], [ -73.19041161, -14.70577473 ], [ -73.18922311, -14.70518048 ], [ -73.18507148, -14.69899586 ], [ -73.18137186, -14.69051248 ], [ -73.17962598, -14.68818398 ], [ -73.17842611, -14.68568161 ], [ -73.17807261, -14.68544598 ], [ -73.17478911, -14.68590036 ], [ -73.17340673, -14.68558736 ], [ -73.16977811, -14.68405398 ], [ -73.16162311, -14.68167423 ], [ -73.15786298, -14.67885123 ], [ -73.15515223, -14.67573173 ], [ -73.15323736, -14.67434511 ], [ -73.15194023, -14.67420673 ], [ -73.15053023, -14.67500536 ], [ -73.14927561, -14.67672211 ], [ -73.14729486, -14.67777861 ], [ -73.14004248, -14.67906636 ], [ -73.13195673, -14.68152623 ], [ -73.12530148, -14.68116023 ], [ -73.12352448, -14.68193836 ], [ -73.12246798, -14.68385323 ], [ -73.12253398, -14.68741873 ], [ -73.12207186, -14.69025798 ], [ -73.12114736, -14.69157861 ], [ -73.11857323, -14.69197736 ], [ -73.11341011, -14.69347261 ], [ -73.10985648, -14.69230486 ], [ -73.10648898, -14.69065423 ], [ -73.10510236, -14.68801298 ], [ -73.10464023, -14.68299486 ], [ -73.10557073, -14.67951548 ], [ -73.11005473, -14.66992111 ], [ -73.10932823, -14.66932686 ], [ -73.10668711, -14.66886473 ], [ -73.10444211, -14.66787423 ], [ -73.10272536, -14.66556323 ], [ -73.10196873, -14.66360936 ], [ -73.10286211, -14.66074198 ], [ -73.10232923, -14.65876236 ], [ -73.09992186, -14.65650198 ], [ -73.09867023, -14.65186611 ], [ -73.09805698, -14.65076586 ], [ -73.09651873, -14.65044273 ], [ -73.09414161, -14.65090486 ], [ -73.08958561, -14.65321586 ], [ -73.08555798, -14.65374411 ], [ -73.08219048, -14.65460248 ], [ -73.07842686, -14.65605523 ], [ -73.07447073, -14.65831836 ], [ -73.07274611, -14.65988086 ], [ -73.06937498, -14.66167373 ], [ -73.06657223, -14.66462311 ], [ -73.06489648, -14.66556636 ], [ -73.06312498, -14.66580473 ], [ -73.06211911, -14.66536323 ], [ -73.05762773, -14.66113936 ], [ -73.05220986, -14.65921473 ], [ -73.04970423, -14.65929048 ], [ -73.04624936, -14.65869348 ], [ -73.04331261, -14.65724423 ], [ -73.04217698, -14.65598911 ], [ -73.04019611, -14.65149911 ], [ -73.04039423, -14.64938636 ], [ -73.04184686, -14.64562261 ], [ -73.04223373, -14.63809873 ], [ -73.04362223, -14.62628998 ], [ -73.04329498, -14.62373098 ], [ -73.04264798, -14.62308386 ], [ -73.04204411, -14.62310561 ], [ -73.03958548, -14.62433486 ], [ -73.03585423, -14.62457211 ], [ -73.03214461, -14.62700923 ], [ -73.03061323, -14.62761286 ], [ -73.02558211, -14.62708111 ], [ -73.02228836, -14.62716023 ], [ -73.02159823, -14.62759161 ], [ -73.02097273, -14.62892873 ], [ -73.01950611, -14.63061098 ], [ -73.01466611, -14.63090586 ], [ -73.01311998, -14.63267798 ], [ -73.01160573, -14.63558636 ], [ -73.00941223, -14.63738886 ], [ -73.00834823, -14.64207336 ], [ -73.00795361, -14.64586086 ], [ -73.00670436, -14.65085761 ], [ -72.99956811, -14.66136586 ], [ -72.99780848, -14.66277361 ], [ -72.99672923, -14.66275011 ], [ -72.99325673, -14.66089673 ], [ -72.98504523, -14.66031011 ], [ -72.98435936, -14.65972661 ], [ -72.98239398, -14.65420998 ], [ -72.98150598, -14.65318973 ], [ -72.97850773, -14.65174998 ], [ -72.97619998, -14.65153536 ], [ -72.97455773, -14.65181686 ], [ -72.97378361, -14.65256761 ], [ -72.97306248, -14.65597073 ], [ -72.97216011, -14.65802148 ], [ -72.97111486, -14.65967673 ], [ -72.96260736, -14.66916298 ], [ -72.96087586, -14.67228736 ], [ -72.95761911, -14.67956448 ], [ -72.95530661, -14.68268361 ], [ -72.95150248, -14.68519923 ], [ -72.94860386, -14.68617798 ], [ -72.94668411, -14.68790961 ], [ -72.94041748, -14.69157036 ], [ -72.93710348, -14.69447373 ], [ -72.93572511, -14.69526573 ], [ -72.93443461, -14.69564686 ], [ -72.93373248, -14.69545511 ], [ -72.93097411, -14.69203948 ], [ -72.92699636, -14.68843673 ], [ -72.92127448, -14.68553798 ], [ -72.91780773, -14.68526211 ], [ -72.91705836, -14.68583923 ], [ -72.91665123, -14.68746748 ], [ -72.91371873, -14.69280073 ], [ -72.91255636, -14.69570548 ], [ -72.91179386, -14.69676123 ], [ -72.91035686, -14.69758248 ], [ -72.90874223, -14.69824811 ], [ -72.90570311, -14.69862698 ], [ -72.89783873, -14.69880248 ], [ -72.89537048, -14.69922473 ], [ -72.89059486, -14.70067086 ], [ -72.88935248, -14.70142373 ], [ -72.88795973, -14.70402111 ], [ -72.88713811, -14.70486348 ], [ -72.88539911, -14.70597011 ], [ -72.87854873, -14.70812436 ], [ -72.87665948, -14.70852161 ], [ -72.87507586, -14.70843361 ], [ -72.87388098, -14.70797373 ], [ -72.86940136, -14.70737148 ], [ -72.86797086, -14.70755961 ], [ -72.86687923, -14.70831261 ], [ -72.86563698, -14.71068411 ], [ -72.86475261, -14.72016473 ], [ -72.86375473, -14.72337011 ], [ -72.86497261, -14.72523436 ], [ -72.86475261, -14.72588348 ], [ -72.86431261, -14.72667536 ], [ -72.86302223, -14.72711523 ], [ -72.85700286, -14.72812661 ], [ -72.85574223, -14.72916411 ], [ -72.85490848, -14.73033423 ], [ -72.85411798, -14.73300686 ], [ -72.85542648, -14.73532698 ], [ -72.85588723, -14.73692186 ], [ -72.85539711, -14.74048861 ], [ -72.85495723, -14.74180836 ], [ -72.85286911, -14.74301373 ], [ -72.85174636, -14.74426236 ], [ -72.85193461, -14.75220523 ], [ -72.85095586, -14.75431323 ], [ -72.85020611, -14.75755723 ], [ -72.84873973, -14.75908223 ], [ -72.84682461, -14.75982386 ], [ -72.84854123, -14.76051048 ], [ -72.85041048, -14.76193136 ], [ -72.85267998, -14.76307998 ], [ -72.85663998, -14.76265998 ], [ -72.85891998, -14.76381998 ], [ -72.86138998, -14.76296998 ], [ -72.86642998, -14.76305998 ], [ -72.86813998, -14.76273998 ], [ -72.86970998, -14.76193998 ], [ -72.87065998, -14.76202998 ], [ -72.87160998, -14.76141998 ], [ -72.87239998, -14.76146998 ], [ -72.87461998, -14.76443998 ], [ -72.87602998, -14.76540998 ], [ -72.87818998, -14.76527998 ], [ -72.87990998, -14.76616998 ], [ -72.88027998, -14.76666998 ], [ -72.88067998, -14.76890998 ], [ -72.88233998, -14.77142998 ], [ -72.88370998, -14.77202998 ], [ -72.88533998, -14.77222998 ], [ -72.88926998, -14.77140998 ], [ -72.89360998, -14.77197998 ], [ -72.89779998, -14.77066998 ], [ -72.89982998, -14.77054998 ], [ -72.90205998, -14.76991998 ], [ -72.90642998, -14.77068998 ], [ -72.90907998, -14.77006998 ], [ -72.91061998, -14.76948998 ], [ -72.91268998, -14.76748998 ], [ -72.91318998, -14.76602998 ], [ -72.91405998, -14.76507998 ], [ -72.91770998, -14.76225998 ], [ -72.91834998, -14.75985998 ], [ -72.92057998, -14.75792998 ], [ -72.92835998, -14.75794886 ], [ -72.93083186, -14.75851248 ], [ -72.93283086, -14.76111411 ], [ -72.93504336, -14.76276211 ], [ -72.93742373, -14.76315211 ], [ -72.93950648, -14.76432323 ], [ -72.94272611, -14.76541436 ], [ -72.94401548, -14.76649098 ], [ -72.94553361, -14.76917936 ], [ -72.94878386, -14.77182386 ], [ -72.94978336, -14.77381798 ], [ -72.95207973, -14.77520561 ], [ -72.95480361, -14.77746298 ], [ -72.95567323, -14.77929111 ], [ -72.95819086, -14.78285498 ], [ -72.96006011, -14.78832436 ], [ -72.96306611, -14.79317186 ], [ -72.96926886, -14.79514886 ], [ -72.97543336, -14.80065348 ], [ -72.97740936, -14.80436423 ], [ -72.97931673, -14.80613323 ], [ -72.98181911, -14.80648036 ], [ -72.98487086, -14.80554398 ], [ -72.98563386, -14.80485061 ], [ -72.98792261, -14.80467698 ], [ -72.99114986, -14.80367086 ], [ -72.99232486, -14.80374048 ], [ -72.99409486, -14.80491923 ], [ -72.99482723, -14.80616861 ], [ -72.99627686, -14.81074711 ], [ -72.99887848, -14.81278898 ], [ -73.00278473, -14.81498623 ], [ -73.00308223, -14.81646623 ], [ -73.00248723, -14.81906798 ], [ -73.00251773, -14.82082648 ], [ -73.00436398, -14.82472223 ], [ -73.00481411, -14.82737536 ], [ -73.00461573, -14.82992361 ], [ -73.00379186, -14.83248998 ], [ -73.00358598, -14.83450598 ], [ -73.00349423, -14.83735736 ], [ -73.00382236, -14.83958436 ], [ -73.00477598, -14.84165673 ], [ -73.00795748, -14.84660148 ], [ -73.01305386, -14.85365586 ], [ -73.01420598, -14.85570811 ], [ -73.01788486, -14.85455936 ], [ -73.02869648, -14.85221586 ], [ -73.03333011, -14.84992573 ], [ -73.04462098, -14.83751636 ], [ -73.05075786, -14.82991011 ], [ -73.05425198, -14.82731448 ], [ -73.06118748, -14.82552936 ], [ -73.06581448, -14.82535923 ], [ -73.07176311, -14.82595423 ], [ -73.07854461, -14.82785773 ], [ -73.08508811, -14.83035623 ], [ -73.08699173, -14.83190286 ], [ -73.08960911, -14.83475823 ], [ -73.09460598, -14.84332423 ], [ -73.09615261, -14.84403811 ], [ -73.10150636, -14.84368123 ], [ -73.10650323, -14.84261048 ], [ -73.11363823, -14.84385661 ], [ -73.11619486, -14.84331923 ], [ -73.11734473, -14.84255261 ], [ -73.11871823, -14.84258461 ], [ -73.12002798, -14.84405398 ], [ -73.12137698, -14.84740236 ], [ -73.12908161, -14.85559111 ], [ -73.12919761, -14.85605498 ], [ -73.12606598, -14.86046248 ], [ -73.12293436, -14.86293686 ], [ -73.11837223, -14.86788561 ], [ -73.11717373, -14.87063061 ], [ -73.11670986, -14.87252498 ], [ -73.11786973, -14.87399411 ], [ -73.11995748, -14.87472873 ], [ -73.12428761, -14.87762836 ], [ -73.13372111, -14.88555411 ], [ -73.13484223, -14.88694598 ], [ -73.13561911, -14.88882461 ], [ -73.13768998, -14.89735836 ], [ -73.14173786, -14.89638848 ], [ -73.14460523, -14.89626198 ], [ -73.14616536, -14.89664148 ], [ -73.15189998, -14.89950886 ], [ -73.15346011, -14.90064723 ], [ -73.15645398, -14.90393623 ], [ -73.15809848, -14.90840586 ], [ -73.15868873, -14.90920711 ], [ -73.16164036, -14.91118886 ], [ -73.16442336, -14.91224298 ], [ -73.16762798, -14.91203223 ], [ -73.17011586, -14.91106236 ], [ -73.17951898, -14.91203223 ], [ -73.18474761, -14.91131536 ], [ -73.18668723, -14.91026123 ], [ -73.18972323, -14.90992386 ], [ -73.19149423, -14.91017686 ], [ -73.19301223, -14.91236948 ], [ -73.19406636, -14.92156186 ], [ -73.19525323, -14.92298586 ], [ -73.19752911, -14.92348811 ], [ -73.20085198, -14.92277611 ], [ -73.20520348, -14.91620936 ], [ -73.21063186, -14.91062861 ], [ -73.21478461, -14.90950436 ], [ -73.22539723, -14.90771523 ], [ -73.23589611, -14.90669386 ], [ -73.24101986, -14.90516761 ], [ -73.24848761, -14.90102498 ], [ -73.25420373, -14.89952736 ], [ -73.25499823, -14.89975336 ], [ -73.25892523, -14.90250911 ], [ -73.26349523, -14.90462173 ], [ -73.26507973, -14.90728573 ], [ -73.26560786, -14.91192448 ], [ -73.26480411, -14.91488698 ], [ -73.26372486, -14.91665523 ], [ -73.26267248, -14.92008361 ], [ -73.25805598, -14.92301448 ], [ -73.25607623, -14.92552198 ], [ -73.25586511, -14.92660423 ], [ -73.25618186, -14.92953411 ], [ -73.25816148, -14.93333523 ], [ -73.26122323, -14.93689848 ], [ -73.26300936, -14.93966261 ], [ -73.26400311, -14.94338723 ], [ -73.26450786, -14.94404336 ], [ -73.27135173, -14.94909161 ], [ -73.27258998, -14.95078998 ], [ -73.27086998, -14.95271998 ], [ -73.27020723, -14.95306098 ], [ -73.26961723, -14.95869523 ], [ -73.26884036, -14.96001911 ], [ -73.26694773, -14.96206948 ], [ -73.26264036, -14.96569548 ], [ -73.26223661, -14.96731061 ], [ -73.26218611, -14.96963223 ], [ -73.26387111, -14.97604686 ], [ -73.26538023, -14.97476336 ], [ -73.26707761, -14.97416423 ], [ -73.26987336, -14.97446373 ], [ -73.27082186, -14.97486311 ], [ -73.27326811, -14.97710973 ], [ -73.27746173, -14.97880711 ], [ -73.27920898, -14.97995536 ], [ -73.28327448, -14.98338698 ], [ -73.28488723, -14.98374186 ], [ -73.29227323, -14.98351598 ], [ -73.29640173, -14.98145186 ], [ -73.29804661, -14.98138723 ], [ -73.29975611, -14.98196786 ], [ -73.30775498, -14.98661236 ], [ -73.31104486, -14.98622536 ], [ -73.31343161, -14.98670911 ], [ -73.31449586, -14.98725761 ], [ -73.31752773, -14.99035373 ], [ -73.32136598, -14.99354686 ], [ -73.32859073, -14.99596586 ], [ -73.33168711, -14.99954598 ], [ -73.33291273, -15.00044911 ], [ -73.33546073, -15.00135223 ], [ -73.34089398, -15.00258936 ], [ -73.34201498, -15.00315936 ], [ -73.34244998, -15.00354998 ], [ -73.34184998, -15.00438998 ], [ -73.34179998, -15.00528998 ], [ -73.33999998, -15.00835998 ], [ -73.33901998, -15.01120998 ], [ -73.33704998, -15.01446998 ], [ -73.33675998, -15.01679998 ], [ -73.33601998, -15.01834998 ], [ -73.33560998, -15.02093998 ], [ -73.33588998, -15.02381998 ], [ -73.33533998, -15.02451998 ], [ -73.33404998, -15.02512998 ], [ -73.33163998, -15.02961998 ], [ -73.33872986, -15.03358361 ], [ -73.34427148, -15.03727798 ], [ -73.34692686, -15.03783223 ], [ -73.34895873, -15.03757823 ], [ -73.35359986, -15.03612348 ], [ -73.35574723, -15.03580023 ], [ -73.35761761, -15.03614661 ], [ -73.36505261, -15.03930998 ], [ -73.38098236, -15.04331086 ], [ -73.39134723, -15.04887886 ], [ -73.39434536, -15.05136298 ], [ -73.39682961, -15.05247661 ], [ -73.40136961, -15.05350448 ], [ -73.40265436, -15.05444673 ], [ -73.40485823, -15.05715911 ], [ -73.40602061, -15.05807236 ], [ -73.40917573, -15.05823848 ], [ -73.41141748, -15.05753273 ], [ -73.41220623, -15.05869511 ], [ -73.41237223, -15.06185011 ], [ -73.41270436, -15.06230673 ], [ -73.41585923, -15.06409186 ], [ -73.42038436, -15.06488061 ], [ -73.42158823, -15.06467311 ], [ -73.42482636, -15.06297098 ], [ -73.42793986, -15.06247286 ], [ -73.43296298, -15.06351061 ], [ -73.43449886, -15.06355223 ], [ -73.43844286, -15.06234823 ], [ -73.43958198, -15.06239261 ], [ -73.44130723, -15.06193311 ], [ -73.44359048, -15.06060473 ], [ -73.44728511, -15.06151798 ], [ -73.44807398, -15.06139348 ], [ -73.45193473, -15.05753273 ], [ -73.45371986, -15.05624573 ], [ -73.45542186, -15.05051686 ], [ -73.45625211, -15.04860723 ], [ -73.45762211, -15.04682211 ], [ -73.45832786, -15.04491261 ], [ -73.45805736, -15.03939711 ], [ -73.46026611, -15.03911086 ], [ -73.46249298, -15.03821436 ], [ -73.46474873, -15.03841686 ], [ -73.46654198, -15.03911086 ], [ -73.46868198, -15.04099073 ], [ -73.47100123, -15.04513723 ], [ -73.47859473, -15.05457648 ], [ -73.48056636, -15.05839423 ], [ -73.48560073, -15.06057573 ], [ -73.49248086, -15.06070161 ], [ -73.49483023, -15.06116311 ], [ -73.49751523, -15.06070161 ], [ -73.50171048, -15.05780686 ], [ -73.50553998, -15.05595998 ], [ -73.50637998, -15.05623998 ], [ -73.50847998, -15.05780998 ], [ -73.51083998, -15.05823998 ], [ -73.51441998, -15.05991998 ], [ -73.51654998, -15.06134998 ], [ -73.51880998, -15.06152998 ], [ -73.52126998, -15.06051998 ], [ -73.52297998, -15.05894998 ], [ -73.52653998, -15.05691998 ], [ -73.52917998, -15.05409998 ], [ -73.53099998, -15.05334998 ], [ -73.53216998, -15.05371998 ], [ -73.53404998, -15.05678998 ], [ -73.53689998, -15.05945998 ], [ -73.53799998, -15.06001998 ], [ -73.53930998, -15.05945998 ], [ -73.54046998, -15.05705998 ], [ -73.54135998, -15.05596998 ], [ -73.54305998, -15.05547998 ], [ -73.54527998, -15.05565998 ], [ -73.54600998, -15.05708998 ], [ -73.54548998, -15.05975998 ], [ -73.54573998, -15.06253998 ], [ -73.54548998, -15.06374998 ], [ -73.54329998, -15.06949998 ], [ -73.53898998, -15.07586998 ], [ -73.53730998, -15.07727998 ], [ -73.53632998, -15.07940998 ], [ -73.53606998, -15.08122998 ], [ -73.53730998, -15.08399998 ], [ -73.53721998, -15.08680998 ], [ -73.53837998, -15.08803998 ], [ -73.53829998, -15.09102998 ], [ -73.53970998, -15.09183998 ], [ -73.54286998, -15.09186998 ], [ -73.54431998, -15.09305998 ], [ -73.54581998, -15.09353998 ], [ -73.54644998, -15.09410998 ], [ -73.54652998, -15.09481998 ], [ -73.54571998, -15.09697998 ], [ -73.54581998, -15.09778998 ], [ -73.54624998, -15.09829998 ], [ -73.54761998, -15.09858998 ], [ -73.54824998, -15.09937998 ], [ -73.54844998, -15.10199998 ], [ -73.54965998, -15.10390998 ], [ -73.54953998, -15.10685998 ], [ -73.55029998, -15.10827998 ], [ -73.55070998, -15.11033998 ], [ -73.55237998, -15.11301998 ], [ -73.55178998, -15.11526998 ], [ -73.55236998, -15.11739998 ], [ -73.55310998, -15.12292998 ], [ -73.55264998, -15.12444998 ], [ -73.55164998, -15.12522998 ], [ -73.54969998, -15.12468998 ], [ -73.54828998, -15.12502998 ], [ -73.54482998, -15.12747998 ], [ -73.54426998, -15.12832998 ], [ -73.54646998, -15.13325998 ], [ -73.54862998, -15.13455998 ], [ -73.54668998, -15.13608998 ], [ -73.54685998, -15.13665998 ], [ -73.54833998, -15.13759998 ], [ -73.54839998, -15.13821998 ], [ -73.54631998, -15.14219998 ], [ -73.54595998, -15.14334998 ], [ -73.54606998, -15.14427998 ], [ -73.54668998, -15.14508998 ], [ -73.54827998, -15.14583998 ], [ -73.54955998, -15.14547998 ], [ -73.55131998, -15.14401998 ], [ -73.55210998, -15.14398998 ], [ -73.55277998, -15.14438998 ], [ -73.55404998, -15.14922998 ], [ -73.55255998, -15.15198998 ], [ -73.55245998, -15.15273998 ], [ -73.55305998, -15.15345998 ], [ -73.55465998, -15.15379998 ], [ -73.55496998, -15.15475998 ], [ -73.55470998, -15.15609998 ], [ -73.55377998, -15.15802998 ], [ -73.55299998, -15.15857998 ], [ -73.55197998, -15.15849998 ], [ -73.55116998, -15.15916998 ], [ -73.55132998, -15.16127998 ], [ -73.54951998, -15.16203998 ], [ -73.54886998, -15.16417998 ], [ -73.54710998, -15.16505998 ], [ -73.54700998, -15.16574998 ], [ -73.54831998, -15.16729998 ], [ -73.54937998, -15.17019998 ], [ -73.54805998, -15.17188998 ], [ -73.54784998, -15.17421998 ], [ -73.54837998, -15.17642998 ], [ -73.54689998, -15.17956998 ], [ -73.54678998, -15.18098998 ], [ -73.54505998, -15.18253998 ], [ -73.54433998, -15.18487998 ], [ -73.54130998, -15.18517998 ], [ -73.53874998, -15.18645998 ], [ -73.53760998, -15.18799998 ], [ -73.53778998, -15.19144998 ], [ -73.53620998, -15.19616998 ], [ -73.53727998, -15.20042998 ], [ -73.53707998, -15.20255998 ], [ -73.53838998, -15.20709998 ], [ -73.53781998, -15.20815998 ], [ -73.53595998, -15.20966998 ], [ -73.53625998, -15.21146998 ], [ -73.53558998, -15.21261998 ], [ -73.53565998, -15.21341998 ], [ -73.53697998, -15.21495998 ], [ -73.53702998, -15.21560998 ], [ -73.53674998, -15.21589998 ], [ -73.53465998, -15.21590998 ], [ -73.53414998, -15.21616998 ], [ -73.53153223, -15.21880773 ], [ -73.53088236, -15.22132198 ], [ -73.52871023, -15.22292973 ], [ -73.52431448, -15.22366536 ], [ -73.52214248, -15.22330598 ], [ -73.52082536, -15.22356261 ], [ -73.52027798, -15.22482823 ], [ -73.52003861, -15.22749648 ], [ -73.52055173, -15.23048961 ], [ -73.52048323, -15.23238811 ], [ -73.52150948, -15.23544973 ], [ -73.52166348, -15.23734823 ], [ -73.51940573, -15.24080323 ], [ -73.51808873, -15.24513048 ], [ -73.51442848, -15.25214298 ], [ -73.51049461, -15.25563223 ], [ -73.50527798, -15.26269611 ], [ -73.50497011, -15.26382486 ], [ -73.50515823, -15.26628786 ], [ -73.50338598, -15.27160411 ], [ -73.50211661, -15.27287348 ], [ -73.49206148, -15.27644798 ], [ -73.48788573, -15.28002236 ], [ -73.48427786, -15.28155898 ], [ -73.48220673, -15.28379723 ], [ -73.48170561, -15.28550086 ], [ -73.48170561, -15.28690398 ], [ -73.48294161, -15.28981023 ], [ -73.48294161, -15.29081261 ], [ -73.48163873, -15.29161423 ], [ -73.47960098, -15.29204848 ], [ -73.47489086, -15.29184798 ], [ -73.47094886, -15.29395261 ], [ -73.46901136, -15.29595698 ], [ -73.46834323, -15.29913048 ], [ -73.46714061, -15.30100123 ], [ -73.45701861, -15.30835048 ], [ -73.45488073, -15.31062211 ], [ -73.45342223, -15.31441661 ], [ -73.45012811, -15.31711623 ], [ -73.44853711, -15.31889861 ], [ -73.44845786, -15.32022223 ], [ -73.44655686, -15.32297023 ], [ -73.44537098, -15.32558648 ], [ -73.44484398, -15.32722398 ], [ -73.44469348, -15.32961436 ], [ -73.44322536, -15.33217411 ], [ -73.44164436, -15.33830998 ], [ -73.44109848, -15.34135923 ], [ -73.44098561, -15.34533061 ], [ -73.44021398, -15.35103648 ], [ -73.44110211, -15.35572373 ], [ -73.44290161, -15.35611911 ], [ -73.44697586, -15.35798261 ], [ -73.45118711, -15.36228948 ], [ -73.45295711, -15.36331648 ], [ -73.45661161, -15.36463736 ], [ -73.46137236, -15.36888886 ], [ -73.46308898, -15.36993773 ], [ -73.47186273, -15.37408736 ], [ -73.47448736, -15.37618636 ], [ -73.47673036, -15.37885761 ], [ -73.47811123, -15.37962061 ], [ -73.48374173, -15.37971586 ], [ -73.48588561, -15.38019373 ], [ -73.48940273, -15.38186736 ], [ -73.49172973, -15.38223073 ], [ -73.50003048, -15.38303186 ], [ -73.50344848, -15.38303186 ], [ -73.51385498, -15.38703348 ], [ -73.51669311, -15.38754273 ], [ -73.52957148, -15.39205461 ], [ -73.53466036, -15.39525598 ], [ -73.53663636, -15.39792348 ], [ -73.54991148, -15.40575598 ], [ -73.55593111, -15.40822223 ], [ -73.55740361, -15.40861148 ], [ -73.57214361, -15.40696711 ], [ -73.57690436, -15.40714173 ], [ -73.57841486, -15.40679361 ], [ -73.57992548, -15.40580648 ], [ -73.58253473, -15.40487861 ], [ -73.58769986, -15.40482048 ], [ -73.59291073, -15.40362061 ], [ -73.59410861, -15.40369511 ], [ -73.59613036, -15.40459436 ], [ -73.59972386, -15.40706636 ], [ -73.60614011, -15.41430461 ], [ -73.61051923, -15.41823198 ], [ -73.61286161, -15.41922861 ], [ -73.62351223, -15.42111111 ], [ -73.62802123, -15.42005636 ], [ -73.63011936, -15.41896436 ], [ -73.63263698, -15.41904836 ], [ -73.63490298, -15.41980461 ], [ -73.63758848, -15.41972061 ], [ -73.64204411, -15.41778948 ], [ -73.64556886, -15.41770548 ], [ -73.65161136, -15.41627886 ], [ -73.65303798, -15.41653061 ], [ -73.65580748, -15.41871261 ], [ -73.65698248, -15.42047598 ], [ -73.65975186, -15.42349811 ], [ -73.66285711, -15.42593286 ], [ -73.66773223, -15.42912298 ], [ -73.66991423, -15.43021398 ], [ -73.67452236, -15.43146711 ], [ -73.67920686, -15.43481923 ], [ -73.68320461, -15.43701173 ], [ -73.68582911, -15.43765636 ], [ -73.69120023, -15.43628023 ], [ -73.69455723, -15.43477636 ], [ -73.69588473, -15.43352986 ], [ -73.69895936, -15.42942436 ], [ -73.70098111, -15.42748836 ], [ -73.70432286, -15.42300223 ], [ -73.70652011, -15.42071536 ], [ -73.71039586, -15.41772473 ], [ -73.71417248, -15.41560361 ], [ -73.72306061, -15.41191861 ], [ -73.72684473, -15.40998361 ], [ -73.73062136, -15.40734486 ], [ -73.74681086, -15.39371011 ], [ -73.75463886, -15.38878348 ], [ -73.75886536, -15.38526536 ], [ -73.76285548, -15.37609011 ], [ -73.76355748, -15.37334536 ], [ -73.76623536, -15.36771586 ], [ -73.76707461, -15.36518286 ], [ -73.76750186, -15.36201573 ], [ -73.76963811, -15.35704036 ], [ -73.77076723, -15.35546398 ], [ -73.77515411, -15.35124211 ], [ -73.77931973, -15.34640036 ], [ -73.77988436, -15.34459873 ], [ -73.77954861, -15.34274098 ], [ -73.77645111, -15.34031961 ], [ -73.77594761, -15.33936311 ], [ -73.77633661, -15.33874323 ], [ -73.77808386, -15.33874323 ], [ -73.78326411, -15.33761786 ], [ -73.78585048, -15.33801173 ], [ -73.79199223, -15.34003836 ], [ -73.79306036, -15.33975698 ], [ -73.79598998, -15.33666036 ], [ -73.79857636, -15.33469011 ], [ -73.80020898, -15.33159348 ], [ -73.80095686, -15.32856661 ], [ -73.80258948, -15.32642073 ], [ -73.80593098, -15.32444673 ], [ -73.80799098, -15.32427498 ], [ -73.81546786, -15.32552923 ], [ -73.82238773, -15.32552923 ], [ -73.82818598, -15.32665161 ], [ -73.83258061, -15.32711986 ], [ -73.84204861, -15.32730861 ], [ -73.84647373, -15.32706923 ], [ -73.85285186, -15.32611748 ], [ -73.86005398, -15.32611748 ], [ -73.86296848, -15.32531248 ], [ -73.86511236, -15.32397173 ], [ -73.86565398, -15.32416348 ], [ -73.86611173, -15.32466123 ], [ -73.86791223, -15.32971861 ], [ -73.86920923, -15.33171086 ], [ -73.87350461, -15.33458323 ], [ -73.87936398, -15.33722686 ], [ -73.88166048, -15.33749486 ], [ -73.88358311, -15.33707423 ], [ -73.88404073, -15.33715061 ], [ -73.88407911, -15.33745673 ], [ -73.88362123, -15.33829973 ], [ -73.88059236, -15.34075161 ], [ -73.87863923, -15.34287361 ], [ -73.87786098, -15.34515573 ], [ -73.87694548, -15.35076236 ], [ -73.87486273, -15.35506536 ], [ -73.87414548, -15.35858636 ], [ -73.87407686, -15.36334511 ], [ -73.87512211, -15.36543173 ], [ -73.87525173, -15.36706161 ], [ -73.87472536, -15.37097361 ], [ -73.87107848, -15.37853623 ], [ -73.87081911, -15.37990573 ], [ -73.87127686, -15.38231748 ], [ -73.87212373, -15.38362123 ], [ -73.87284086, -15.38453486 ], [ -73.87609861, -15.38714223 ], [ -73.87701411, -15.38818548 ], [ -73.87707536, -15.38916298 ], [ -73.87648773, -15.39033698 ], [ -73.87094873, -15.39757348 ], [ -73.86970523, -15.40024661 ], [ -73.87055973, -15.40578836 ], [ -73.87113948, -15.40722273 ], [ -73.87335973, -15.40904811 ], [ -73.87355798, -15.41054823 ], [ -73.87348936, -15.41139598 ], [ -73.87218473, -15.41315561 ], [ -73.87088011, -15.41426473 ], [ -73.86879736, -15.41726298 ], [ -73.86808011, -15.42143636 ], [ -73.86827086, -15.42613023 ], [ -73.86951448, -15.42893311 ], [ -73.87212373, -15.43297573 ], [ -73.87655636, -15.43915286 ], [ -73.87746423, -15.43830873 ], [ -73.88037111, -15.43768311 ], [ -73.88546748, -15.43830873 ], [ -73.88864136, -15.43910123 ], [ -73.88985448, -15.44058523 ], [ -73.89254761, -15.44746398 ], [ -73.89389798, -15.44935223 ], [ -73.89733886, -15.45070073 ], [ -73.90560911, -15.45236686 ], [ -73.90711961, -15.45306773 ], [ -73.91251373, -15.45625111 ], [ -73.91769411, -15.46072961 ], [ -73.92006686, -15.46428961 ], [ -73.92340848, -15.46725748 ], [ -73.92600248, -15.47173498 ], [ -73.92939761, -15.47335423 ], [ -73.93112948, -15.47632123 ], [ -73.93592823, -15.48182486 ], [ -73.93986511, -15.48295786 ], [ -73.94126898, -15.48522373 ], [ -73.94596098, -15.49040311 ], [ -73.94628911, -15.49115848 ], [ -73.94639586, -15.49552823 ], [ -73.94743348, -15.49725536 ], [ -73.94985961, -15.49901386 ], [ -73.95003511, -15.50344561 ], [ -73.95204161, -15.50597861 ], [ -73.95280461, -15.50791648 ], [ -73.95365148, -15.50890161 ], [ -73.95468898, -15.51199623 ], [ -73.95449823, -15.51258761 ], [ -73.95260623, -15.51348786 ], [ -73.95240786, -15.51388173 ], [ -73.95639036, -15.51786136 ], [ -73.95832061, -15.51911073 ], [ -73.95969386, -15.52104573 ], [ -73.96022798, -15.52273086 ], [ -73.96106723, -15.52391723 ], [ -73.96618648, -15.52703861 ], [ -73.96846773, -15.52941136 ], [ -73.96849823, -15.53131486 ], [ -73.96921536, -15.53293798 ], [ -73.96984098, -15.53353123 ], [ -73.97139736, -15.53356261 ], [ -73.97261811, -15.53409286 ], [ -73.97567748, -15.53630923 ], [ -73.97745511, -15.53721423 ], [ -73.97901911, -15.53890036 ], [ -73.98132323, -15.54030511 ], [ -73.98369598, -15.54096036 ], [ -73.98822786, -15.54086686 ], [ -73.99076848, -15.54591748 ], [ -73.99481948, -15.55087848 ], [ -73.99567411, -15.55288023 ], [ -73.99645998, -15.55338673 ], [ -73.99924473, -15.55346486 ], [ -74.00043486, -15.55395223 ], [ -74.00113673, -15.55484873 ], [ -74.00170148, -15.55660248 ], [ -74.00230411, -15.55723286 ], [ -74.00443273, -15.55763148 ], [ -74.00713348, -15.55878273 ], [ -74.01027673, -15.55940248 ], [ -74.01120761, -15.56135173 ], [ -74.01117711, -15.56407648 ], [ -74.01090998, -15.56502911 ], [ -74.00972748, -15.56623073 ], [ -74.00942998, -15.56804461 ], [ -74.01130673, -15.56975936 ], [ -74.01290136, -15.57069686 ], [ -74.01327511, -15.57135386 ], [ -74.01435086, -15.57735448 ], [ -74.01378636, -15.57974523 ], [ -74.01388548, -15.58049586 ], [ -74.01602936, -15.58539773 ], [ -74.01667023, -15.59073348 ], [ -74.01742548, -15.59122561 ], [ -74.01916498, -15.59149073 ], [ -74.01992798, -15.59224698 ], [ -74.01886748, -15.59277723 ], [ -74.01837161, -15.59368511 ], [ -74.01871486, -15.59550186 ], [ -74.01927948, -15.59648511 ], [ -74.01966098, -15.59985348 ], [ -74.02060698, -15.60038373 ], [ -74.02265173, -15.60008048 ], [ -74.02313998, -15.60042098 ], [ -74.02359011, -15.60308836 ], [ -74.03348536, -15.61001586 ], [ -74.03565973, -15.61127373 ], [ -74.03686523, -15.61147023 ], [ -74.03997798, -15.61274911 ], [ -74.04692073, -15.61625098 ], [ -74.04878236, -15.61782648 ], [ -74.05094911, -15.62228198 ], [ -74.05695348, -15.62530611 ], [ -74.06193548, -15.62904173 ], [ -74.06341548, -15.62961673 ], [ -74.06660461, -15.63002011 ], [ -74.06864923, -15.62988661 ], [ -74.07624811, -15.62415023 ], [ -74.07935336, -15.62208173 ], [ -74.08358761, -15.62015723 ], [ -74.08437348, -15.61960223 ], [ -74.08473973, -15.61890698 ], [ -74.08437348, -15.61807348 ], [ -74.08265686, -15.61668398 ], [ -74.08164223, -15.61436848 ], [ -74.08154298, -15.61307148 ], [ -74.08158873, -15.61168198 ], [ -74.08283998, -15.60774511 ], [ -74.08381648, -15.60316086 ], [ -74.08377073, -15.60237311 ], [ -74.08279436, -15.60028936 ], [ -74.08469386, -15.59496311 ], [ -74.08493036, -15.59153561 ], [ -74.08303073, -15.58796973 ], [ -74.08242798, -15.58607098 ], [ -74.08229061, -15.58417223 ], [ -74.08089448, -15.58227248 ], [ -74.07918548, -15.58097648 ], [ -74.07872011, -15.57963273 ], [ -74.07881161, -15.57597448 ], [ -74.07825473, -15.57449248 ], [ -74.07701111, -15.56745248 ], [ -74.07654573, -15.56615548 ], [ -74.07422636, -15.56476598 ], [ -74.07395173, -15.56305311 ], [ -74.07413486, -15.56008911 ], [ -74.07654573, -15.55592061 ], [ -74.07654573, -15.55221561 ], [ -74.07575986, -15.55045511 ], [ -74.07431811, -15.54943661 ], [ -74.07274623, -15.54758348 ], [ -74.07205211, -15.54489798 ], [ -74.07080073, -15.54364773 ], [ -74.06890111, -15.54239648 ], [ -74.06755811, -15.54035948 ], [ -74.06728361, -15.53929423 ], [ -74.06816098, -15.53762623 ], [ -74.07080073, -15.53526498 ], [ -74.07126623, -15.53415311 ], [ -74.07149498, -15.52956773 ], [ -74.07450861, -15.52609448 ], [ -74.07575986, -15.52382473 ], [ -74.07918548, -15.51572036 ], [ -74.07835386, -15.51358986 ], [ -74.07682036, -15.51182936 ], [ -74.07492061, -15.51030161 ], [ -74.07460023, -15.50858773 ], [ -74.07524873, -15.50664236 ], [ -74.07547761, -15.50460523 ], [ -74.07524873, -15.50344661 ], [ -74.07344061, -15.50191873 ], [ -74.07126623, -15.50080698 ], [ -74.06639098, -15.50063611 ], [ -74.06161498, -15.49989511 ], [ -74.05886073, -15.49873936 ], [ -74.05829623, -15.49755286 ], [ -74.05735011, -15.49660486 ], [ -74.05535886, -15.49592298 ], [ -74.05178836, -15.49351411 ], [ -74.04969786, -15.49268911 ], [ -74.04696661, -15.49300673 ], [ -74.04512786, -15.49281598 ], [ -74.04341886, -15.49104036 ], [ -74.04234311, -15.48844048 ], [ -74.03875736, -15.48297023 ], [ -74.03858948, -15.48037248 ], [ -74.04094698, -15.47487261 ], [ -74.04269411, -15.46793173 ], [ -74.04241186, -15.46671386 ], [ -74.04241186, -15.46354861 ], [ -74.04086298, -15.46042236 ], [ -74.03729248, -15.45607761 ], [ -74.03784186, -15.45415498 ], [ -74.03781886, -15.45262048 ], [ -74.03847498, -15.45076086 ], [ -74.03995511, -15.44933886 ], [ -74.04187011, -15.44846348 ], [ -74.04367061, -15.44638536 ], [ -74.04553223, -15.44337748 ], [ -74.04689786, -15.43976786 ], [ -74.04777523, -15.43587873 ], [ -74.04900361, -15.43237873 ], [ -74.04921723, -15.43001561 ], [ -74.04978948, -15.42804723 ], [ -74.05289461, -15.42288398 ], [ -74.05342098, -15.41839023 ], [ -74.05373386, -15.41772561 ], [ -74.05747986, -15.41359523 ], [ -74.05818173, -15.41244036 ], [ -74.05877686, -15.40925498 ], [ -74.06041723, -15.40754323 ], [ -74.06189723, -15.40667536 ], [ -74.06542973, -15.40219498 ], [ -74.06764223, -15.40219498 ], [ -74.07094573, -15.40401461 ], [ -74.07227323, -15.40405273 ], [ -74.07299036, -15.40290736 ], [ -74.07286073, -15.40186786 ], [ -74.07328036, -15.40050123 ], [ -74.07417298, -15.39955048 ], [ -74.07523348, -15.39882373 ], [ -74.07775111, -15.39843273 ], [ -74.07909411, -15.39787386 ], [ -74.08087923, -15.39669898 ], [ -74.08384698, -15.39390373 ], [ -74.08552548, -15.39133261 ], [ -74.08714298, -15.39082911 ], [ -74.08882136, -15.39077373 ], [ -74.09452061, -15.39200311 ], [ -74.09944148, -15.39479823 ], [ -74.10380561, -15.39848811 ], [ -74.11307523, -15.40498348 ], [ -74.11518861, -15.40809623 ], [ -74.11475373, -15.40995698 ], [ -74.11500548, -15.41156673 ], [ -74.11553961, -15.41185373 ], [ -74.11921686, -15.41136073 ], [ -74.12368773, -15.41151711 ], [ -74.12956236, -15.41308398 ], [ -74.13277423, -15.41504198 ], [ -74.13394923, -15.41660886 ], [ -74.13637548, -15.42279736 ], [ -74.13723761, -15.42459873 ], [ -74.13833623, -15.42600923 ], [ -74.13997636, -15.42663573 ], [ -74.14287573, -15.42608736 ], [ -74.14632411, -15.42640098 ], [ -74.14836123, -15.42671398 ], [ -74.15047461, -15.42757611 ], [ -74.15126036, -15.42875098 ], [ -74.15227511, -15.43564411 ], [ -74.15391536, -15.43848986 ], [ -74.15364836, -15.44252686 ], [ -74.15392298, -15.44619173 ], [ -74.15348048, -15.44721323 ], [ -74.15177923, -15.44779486 ], [ -74.14984148, -15.44785786 ], [ -74.14884186, -15.44832711 ], [ -74.14843748, -15.44938273 ], [ -74.15213011, -15.45296011 ], [ -74.15383148, -15.45553973 ], [ -74.15418248, -15.45741648 ], [ -74.15400698, -15.46116923 ], [ -74.15494536, -15.46304611 ], [ -74.15857698, -15.46791361 ], [ -74.15998836, -15.47471523 ], [ -74.16098023, -15.47764773 ], [ -74.16349023, -15.48183823 ], [ -74.16489411, -15.48319536 ], [ -74.16647336, -15.48395723 ], [ -74.17520136, -15.48473448 ], [ -74.17896273, -15.48606486 ], [ -74.18308261, -15.48558236 ], [ -74.18502048, -15.48573211 ], [ -74.18898011, -15.48977286 ], [ -74.19374086, -15.49166011 ], [ -74.19985973, -15.49048811 ], [ -74.20928198, -15.48683361 ], [ -74.21396636, -15.48572636 ], [ -74.22399898, -15.48508261 ], [ -74.22772986, -15.48456473 ], [ -74.23296361, -15.48617173 ], [ -74.23435961, -15.48570448 ], [ -74.24001311, -15.48254298 ], [ -74.24117573, -15.48103911 ], [ -74.24085136, -15.47793136 ], [ -74.24127311, -15.47576273 ], [ -74.24241761, -15.47395548 ], [ -74.24271886, -15.47178686 ], [ -74.24241761, -15.46949786 ], [ -74.24314048, -15.46708823 ], [ -74.24332123, -15.46497986 ], [ -74.24283936, -15.45678723 ], [ -74.24283936, -15.45040186 ], [ -74.24469773, -15.43651473 ], [ -74.24575023, -15.43401511 ], [ -74.24724123, -15.43274336 ], [ -74.24781123, -15.43147161 ], [ -74.24807436, -15.42967373 ], [ -74.24921461, -15.42713023 ], [ -74.24991623, -15.42410436 ], [ -74.25311748, -15.41871048 ], [ -74.25506461, -15.40934011 ], [ -74.25680398, -15.40528298 ], [ -74.25717823, -15.40329398 ], [ -74.25637998, -15.40209998 ], [ -74.25371511, -15.40097736 ], [ -74.25196023, -15.39954986 ], [ -74.24866061, -15.39332536 ], [ -74.24683536, -15.39131298 ], [ -74.24547811, -15.38904311 ], [ -74.24426136, -15.38564998 ], [ -74.24291948, -15.38431861 ], [ -74.24183398, -15.38203336 ], [ -74.23949173, -15.37883411 ], [ -74.23675686, -15.37646061 ], [ -74.23370411, -15.37435986 ], [ -74.23183548, -15.37200336 ], [ -74.22828723, -15.36948123 ], [ -74.22525211, -15.36811323 ], [ -74.22320011, -15.36349636 ], [ -74.21926723, -15.35832386 ], [ -74.21494961, -15.35413436 ], [ -74.21289773, -15.35259536 ], [ -74.21182898, -15.34981673 ], [ -74.20994261, -15.34703273 ], [ -74.20914111, -15.34468148 ], [ -74.20908773, -15.34404023 ], [ -74.20983573, -15.34206311 ], [ -74.20903423, -15.33778823 ], [ -74.20593498, -15.33404773 ], [ -74.20449211, -15.33116211 ], [ -74.20431398, -15.32689173 ], [ -74.20376786, -15.32620911 ], [ -74.20117411, -15.32566311 ], [ -74.20084648, -15.32528086 ], [ -74.20070998, -15.32468023 ], [ -74.20131061, -15.32200448 ], [ -74.20114686, -15.32104886 ], [ -74.20010936, -15.32047548 ], [ -74.19814348, -15.32072123 ], [ -74.19639611, -15.32028436 ], [ -74.19248786, -15.31736548 ], [ -74.19147098, -15.31586698 ], [ -74.19136398, -15.31522473 ], [ -74.19350461, -15.31121098 ], [ -74.19869573, -15.30468186 ], [ -74.20067586, -15.30131036 ], [ -74.20260248, -15.29916961 ], [ -74.20591861, -15.29396323 ], [ -74.20803823, -15.29207048 ], [ -74.20811773, -15.29099648 ], [ -74.20760048, -15.28880873 ], [ -74.20525373, -15.28666073 ], [ -74.20505486, -15.28538786 ], [ -74.20954973, -15.27918248 ], [ -74.21082261, -15.27615936 ], [ -74.21137948, -15.27393186 ], [ -74.21340823, -15.27070986 ], [ -74.21408448, -15.26887998 ], [ -74.21631198, -15.26609561 ], [ -74.21686886, -15.26386798 ], [ -74.21706773, -15.25841848 ], [ -74.21826111, -15.25400311 ], [ -74.21857936, -15.25090048 ], [ -74.22300098, -15.24259836 ], [ -74.22417086, -15.23605048 ], [ -74.22226998, -15.23516998 ], [ -74.21838998, -15.23520998 ], [ -74.21617998, -15.23387998 ], [ -74.21408998, -15.23346998 ], [ -74.21197998, -15.23437998 ], [ -74.20790998, -15.23403998 ], [ -74.20338998, -15.23499998 ], [ -74.20226998, -15.23579998 ], [ -74.20072998, -15.23633998 ], [ -74.19619998, -15.23685998 ], [ -74.19362998, -15.23551998 ], [ -74.19139998, -15.23264998 ], [ -74.18699998, -15.22950998 ], [ -74.18559998, -15.22683998 ], [ -74.18471998, -15.22597998 ], [ -74.18262998, -15.22501998 ], [ -74.18069998, -15.22358998 ], [ -74.17631998, -15.22291998 ], [ -74.17344998, -15.22303998 ], [ -74.16777998, -15.22462998 ], [ -74.16215998, -15.22769998 ], [ -74.15826998, -15.22904998 ], [ -74.15643998, -15.23002998 ], [ -74.15470998, -15.23008998 ], [ -74.14983998, -15.22868998 ], [ -74.14805998, -15.22848998 ], [ -74.14372998, -15.23016998 ], [ -74.14041998, -15.23228998 ], [ -74.13881998, -15.23248998 ], [ -74.13737998, -15.23378998 ], [ -74.13643998, -15.23410998 ], [ -74.13191998, -15.23470998 ], [ -74.13026998, -15.23409998 ], [ -74.12911998, -15.23407998 ], [ -74.12602998, -15.23567998 ], [ -74.12071998, -15.23610998 ], [ -74.11865998, -15.23658998 ], [ -74.11371998, -15.23886998 ], [ -74.11089998, -15.23962998 ], [ -74.10767998, -15.23941998 ], [ -74.10523998, -15.23704998 ], [ -74.10403998, -15.23641998 ], [ -74.10158998, -15.23597998 ], [ -74.10081998, -15.23534998 ], [ -74.09843998, -15.23503998 ], [ -74.09695998, -15.23422998 ], [ -74.09387998, -15.23428998 ], [ -74.09060998, -15.23523998 ], [ -74.08418998, -15.23302998 ], [ -74.08125998, -15.23251998 ], [ -74.07930998, -15.23254998 ], [ -74.07798998, -15.23128998 ], [ -74.07585998, -15.23049998 ], [ -74.07431998, -15.22937998 ], [ -74.07296998, -15.22899998 ], [ -74.07180998, -15.22794998 ], [ -74.06977998, -15.22710998 ], [ -74.06592998, -15.22667998 ], [ -74.06108998, -15.22165998 ], [ -74.05800998, -15.21977998 ], [ -74.05385998, -15.21388998 ], [ -74.05277998, -15.21297998 ], [ -74.04927998, -15.21106998 ], [ -74.04710998, -15.20911998 ], [ -74.04634998, -15.20716998 ], [ -74.04481998, -15.20619998 ], [ -74.04275998, -15.20378998 ], [ -74.04190998, -15.20084998 ], [ -74.04137998, -15.20005998 ], [ -74.03745998, -15.19730998 ], [ -74.03095998, -15.19493998 ], [ -74.03012998, -15.19412998 ], [ -74.02935998, -15.19260998 ], [ -74.02771998, -15.19223998 ], [ -74.02712998, -15.19163998 ], [ -74.02497998, -15.18783998 ], [ -74.02225998, -15.18593998 ], [ -74.02027998, -15.18077998 ], [ -74.01774998, -15.17947998 ], [ -74.01518998, -15.17578998 ], [ -74.01291998, -15.17462998 ], [ -74.01061998, -15.17458998 ], [ -74.00709998, -15.17194998 ], [ -74.00484998, -15.17066998 ], [ -74.00305998, -15.16817998 ], [ -74.00093998, -15.16666998 ], [ -73.99933998, -15.16380998 ], [ -73.99906998, -15.16170998 ], [ -73.99841998, -15.16094998 ], [ -73.99625998, -15.16095998 ], [ -73.99357998, -15.15935998 ], [ -73.99125998, -15.15921998 ], [ -73.98863998, -15.15683998 ], [ -73.98524998, -15.15560998 ], [ -73.98362998, -15.15420998 ], [ -73.98010998, -15.15200998 ], [ -73.97616998, -15.15106998 ], [ -73.97373998, -15.14954998 ], [ -73.97159998, -15.14967998 ], [ -73.96933998, -15.14688998 ], [ -73.96823998, -15.14604998 ], [ -73.96372998, -15.14491998 ], [ -73.95932998, -15.14571998 ], [ -73.95253998, -15.14440998 ], [ -73.95110998, -15.14394998 ], [ -73.94909998, -15.14272998 ], [ -73.94347998, -15.13791998 ], [ -73.93627998, -15.13627998 ], [ -73.93395998, -15.13535998 ], [ -73.93152998, -15.13351998 ], [ -73.92709998, -15.13261998 ], [ -73.92451998, -15.13130998 ], [ -73.92212998, -15.13113998 ], [ -73.91872998, -15.13158998 ], [ -73.91629998, -15.13122998 ], [ -73.91461998, -15.13132998 ], [ -73.91071998, -15.12962998 ], [ -73.90751998, -15.12927998 ], [ -73.90482998, -15.12854998 ], [ -73.89780998, -15.12936998 ], [ -73.89537998, -15.12884998 ], [ -73.89261998, -15.12912998 ], [ -73.88834998, -15.12804998 ], [ -73.88589998, -15.12771998 ], [ -73.88378998, -15.12780998 ], [ -73.88102998, -15.12944998 ], [ -73.87616998, -15.13168998 ], [ -73.87303998, -15.13442998 ], [ -73.87028998, -15.13495998 ], [ -73.86831998, -15.13476998 ], [ -73.86559998, -15.13294998 ], [ -73.86246998, -15.13199998 ], [ -73.85597998, -15.13420998 ], [ -73.85271998, -15.13307998 ], [ -73.84960998, -15.13286998 ], [ -73.84811998, -15.13219998 ], [ -73.84705998, -15.13226998 ], [ -73.84489998, -15.13329998 ], [ -73.84128998, -15.13333998 ], [ -73.84032998, -15.13273998 ], [ -73.83919998, -15.13140998 ], [ -73.83718998, -15.13053998 ], [ -73.83692998, -15.12954998 ], [ -73.83735998, -15.12839998 ], [ -73.83648998, -15.12751998 ], [ -73.83633998, -15.12557998 ], [ -73.83591998, -15.12499998 ], [ -73.83471998, -15.12501998 ], [ -73.83398998, -15.12451998 ], [ -73.83230998, -15.12044998 ], [ -73.83258998, -15.11559998 ], [ -73.83073998, -15.11308998 ], [ -73.83079998, -15.11108998 ], [ -73.83016998, -15.10943998 ], [ -73.83021998, -15.10818998 ], [ -73.83084998, -15.10636998 ], [ -73.83054998, -15.10480998 ], [ -73.82688998, -15.10322998 ], [ -73.82531998, -15.09966998 ], [ -73.82138998, -15.09639998 ], [ -73.82054998, -15.09487998 ], [ -73.81965998, -15.09208998 ], [ -73.81736998, -15.09059998 ], [ -73.81563998, -15.08795998 ], [ -73.81276998, -15.08711998 ], [ -73.80838998, -15.08640998 ], [ -73.80678998, -15.08656998 ], [ -73.80320998, -15.08543998 ], [ -73.80172998, -15.08567998 ], [ -73.80095998, -15.08466998 ], [ -73.80033998, -15.08275998 ], [ -73.79849998, -15.08092998 ], [ -73.79832998, -15.07881998 ], [ -73.79725998, -15.07669998 ], [ -73.79688998, -15.07478998 ], [ -73.79547998, -15.07227998 ], [ -73.79595998, -15.06544998 ], [ -73.79905998, -15.06187998 ], [ -73.79856998, -15.06038998 ], [ -73.79891998, -15.05853998 ], [ -73.79846998, -15.05760998 ], [ -73.79823998, -15.05572998 ], [ -73.80144998, -15.04405998 ], [ -73.80268998, -15.04240998 ], [ -73.80543998, -15.04164998 ], [ -73.80881998, -15.03782998 ], [ -73.80932998, -15.03645998 ], [ -73.80962998, -15.03490998 ], [ -73.80940998, -15.03102998 ], [ -73.80799998, -15.02913998 ], [ -73.80775998, -15.02823998 ], [ -73.80826998, -15.02444998 ], [ -73.80907998, -15.02207998 ], [ -73.80836998, -15.02017998 ], [ -73.80978998, -15.01600998 ], [ -73.81049998, -15.01255998 ], [ -73.81247998, -15.01167998 ], [ -73.81368998, -15.00998998 ], [ -73.81373998, -15.00883998 ], [ -73.81288998, -15.00760998 ], [ -73.81245998, -15.00554998 ], [ -73.81267998, -15.00382998 ], [ -73.81444998, -15.00141998 ], [ -73.81429998, -15.00073998 ], [ -73.81485998, -14.99834998 ], [ -73.81395998, -14.99697998 ], [ -73.81405998, -14.99568998 ], [ -73.81521998, -14.99512998 ], [ -73.81622998, -14.99508998 ], [ -73.81771998, -14.99367998 ], [ -73.81796998, -14.99284998 ], [ -73.81719998, -14.98968998 ], [ -73.81775998, -14.98786998 ], [ -73.81653998, -14.98389998 ], [ -73.81676998, -14.98203998 ], [ -73.81611998, -14.98120998 ], [ -73.81344998, -14.97987998 ], [ -73.81321998, -14.97887998 ], [ -73.81342998, -14.97720998 ], [ -73.81425998, -14.97650998 ], [ -73.81630998, -14.97567998 ], [ -73.81807998, -14.97401998 ], [ -73.81867998, -14.97270998 ], [ -73.81938998, -14.97199998 ], [ -73.82082998, -14.96841998 ], [ -73.82195998, -14.96711998 ], [ -73.82326998, -14.96663998 ], [ -73.82478998, -14.96711998 ], [ -73.82679998, -14.96650998 ], [ -73.82940998, -14.96488998 ], [ -73.83000998, -14.96412998 ], [ -73.83020998, -14.96211998 ], [ -73.83058998, -14.96133998 ], [ -73.83265998, -14.95976998 ], [ -73.83384998, -14.95951998 ], [ -73.83455998, -14.95891998 ], [ -73.83557998, -14.95888998 ], [ -73.83680998, -14.95697998 ], [ -73.83760998, -14.95358998 ], [ -73.83832998, -14.95262998 ], [ -73.83998998, -14.95212998 ], [ -73.84098998, -14.95130998 ], [ -73.84141998, -14.95028998 ], [ -73.84129998, -14.94971998 ], [ -73.84009998, -14.94990998 ], [ -73.83961998, -14.94939998 ], [ -73.84024998, -14.94813998 ], [ -73.84003998, -14.94573998 ], [ -73.84058998, -14.94374998 ], [ -73.84044998, -14.94310998 ], [ -73.84099998, -14.94200998 ], [ -73.84039998, -14.94018998 ], [ -73.84136998, -14.93956998 ], [ -73.84185436, -14.93857898 ], [ -73.84096711, -14.93639048 ], [ -73.84167273, -14.93416998 ], [ -73.84176273, -14.93268323 ], [ -73.84125136, -14.92624048 ], [ -73.84133223, -14.92340923 ], [ -73.84165573, -14.92227673 ], [ -73.84246473, -14.92114423 ], [ -73.84474736, -14.92001998 ], [ -73.85120036, -14.91773561 ], [ -73.85291361, -14.91676498 ], [ -73.85490686, -14.91460436 ], [ -73.85501998, -14.91411998 ], [ -73.85623998, -14.91313998 ], [ -73.85802998, -14.90920998 ], [ -73.85815998, -14.90770998 ], [ -73.85713998, -14.90462998 ], [ -73.85917998, -14.90181998 ], [ -73.86009998, -14.90135998 ], [ -73.86310998, -14.90153998 ], [ -73.86515998, -14.90131998 ], [ -73.86652998, -14.89884998 ], [ -73.86861998, -14.89647998 ], [ -73.87034998, -14.89580998 ], [ -73.87130998, -14.89502998 ], [ -73.87418998, -14.89468998 ], [ -73.87571998, -14.89502998 ], [ -73.87747998, -14.89463998 ], [ -73.87924998, -14.89270998 ], [ -73.87993998, -14.88985998 ], [ -73.87930998, -14.88745998 ], [ -73.87851998, -14.88634998 ], [ -73.87831998, -14.88514998 ], [ -73.87954998, -14.88160998 ], [ -73.87898998, -14.87848998 ], [ -73.87845998, -14.87769998 ], [ -73.87902998, -14.87590998 ], [ -73.87942998, -14.87535998 ], [ -73.88096998, -14.87464998 ], [ -73.88457998, -14.87097998 ], [ -73.88595998, -14.86854998 ], [ -73.88843998, -14.86821998 ], [ -73.88908998, -14.86664998 ], [ -73.89058998, -14.86474998 ], [ -73.89088998, -14.86367998 ], [ -73.89213998, -14.86228998 ], [ -73.89234998, -14.86158998 ], [ -73.89340998, -14.86128998 ], [ -73.89403998, -14.86065998 ], [ -73.89504998, -14.86070998 ], [ -73.89739998, -14.85746998 ], [ -73.89733998, -14.85454998 ], [ -73.89798998, -14.85257998 ], [ -73.89773998, -14.85157998 ], [ -73.89798998, -14.85027998 ], [ -73.89864998, -14.84894998 ], [ -73.89880998, -14.84704998 ], [ -73.89934998, -14.84609998 ], [ -73.89954998, -14.84481998 ], [ -73.90029998, -14.84348998 ], [ -73.89952998, -14.84136998 ], [ -73.89865998, -14.84098998 ], [ -73.89863998, -14.84034998 ], [ -73.89801998, -14.83970998 ], [ -73.89875998, -14.83710998 ], [ -73.89810998, -14.83384998 ], [ -73.89751998, -14.83333998 ], [ -73.89711998, -14.83137998 ], [ -73.89540998, -14.82903998 ], [ -73.89578998, -14.82722998 ], [ -73.89571998, -14.82587998 ], [ -73.89496998, -14.82455998 ], [ -73.89459998, -14.82124998 ], [ -73.89497998, -14.81770998 ], [ -73.89437998, -14.81313998 ], [ -73.89354998, -14.81085998 ], [ -73.89166998, -14.81083998 ], [ -73.89059998, -14.81047998 ], [ -73.88965998, -14.80760998 ], [ -73.88773998, -14.80597998 ], [ -73.88440998, -14.80437998 ], [ -73.88135998, -14.80364998 ], [ -73.87931998, -14.80389998 ], [ -73.87478998, -14.80216998 ], [ -73.87300998, -14.80212998 ], [ -73.87226998, -14.80157998 ], [ -73.87130998, -14.80137998 ], [ -73.87123998, -14.80055998 ], [ -73.87078998, -14.80013998 ], [ -73.87095998, -14.79811998 ], [ -73.87146998, -14.79678998 ], [ -73.87134998, -14.79603998 ], [ -73.87112998, -14.79554998 ], [ -73.87034998, -14.79521998 ], [ -73.86988998, -14.79410998 ], [ -73.86918998, -14.79352998 ], [ -73.86903998, -14.79221998 ], [ -73.86931998, -14.79169998 ], [ -73.87022998, -14.79116998 ], [ -73.87131273, -14.78955636 ], [ -73.87156461, -14.78393786 ], [ -73.87305111, -14.78073811 ], [ -73.87337873, -14.77887361 ], [ -73.87320236, -14.77806736 ], [ -73.87244648, -14.77728636 ], [ -73.87045611, -14.77630373 ], [ -73.86975061, -14.77527073 ], [ -73.87053161, -14.77043323 ], [ -73.87057236, -14.76714711 ], [ -73.86890911, -14.76723936 ], [ -73.86696873, -14.76651161 ], [ -73.86521011, -14.76651161 ], [ -73.86066223, -14.76742123 ], [ -73.85708448, -14.76590523 ], [ -73.85611423, -14.76505623 ], [ -73.85478011, -14.76257011 ], [ -73.85496198, -14.75905286 ], [ -73.85544711, -14.75662736 ], [ -73.85514398, -14.75620286 ], [ -73.85338536, -14.75523248 ], [ -73.85077786, -14.75492948 ], [ -73.84926186, -14.75383798 ], [ -73.84586611, -14.75044198 ], [ -73.83895961, -14.74056723 ], [ -73.83521761, -14.73729298 ], [ -73.83226711, -14.73315511 ], [ -73.82571861, -14.72592298 ], [ -73.82571861, -14.72516736 ], [ -73.82618636, -14.72426786 ], [ -73.82798548, -14.72207311 ], [ -73.83151161, -14.72203711 ], [ -73.83399423, -14.72059773 ], [ -73.83564936, -14.71721561 ], [ -73.83658486, -14.71106286 ], [ -73.83611711, -14.70469436 ], [ -73.83557736, -14.70239148 ], [ -73.83431811, -14.70052048 ], [ -73.83158348, -14.69109361 ], [ -73.83023986, -14.68807236 ], [ -73.82939661, -14.68649811 ], [ -73.82782236, -14.68475536 ], [ -73.82428048, -14.68188811 ], [ -73.82107598, -14.67784023 ], [ -73.82113223, -14.67699698 ], [ -73.82259398, -14.67525411 ], [ -73.82298748, -14.67418598 ], [ -73.82293123, -14.67137486 ], [ -73.82411186, -14.66850773 ], [ -73.82433673, -14.66580923 ], [ -73.82518011, -14.66367286 ], [ -73.82675423, -14.66119911 ], [ -73.82703536, -14.65889411 ], [ -73.82321236, -14.64759386 ], [ -73.82242523, -14.64624461 ], [ -73.81525761, -14.64037448 ], [ -73.81256611, -14.63884923 ], [ -73.81113061, -14.63849036 ], [ -73.81030561, -14.63849461 ], [ -73.80862311, -14.63967611 ], [ -73.80303836, -14.64472373 ], [ -73.80178536, -14.64515323 ], [ -73.79684523, -14.64533223 ], [ -73.79344411, -14.64586923 ], [ -73.79269236, -14.64551136 ], [ -73.79043698, -14.64279048 ], [ -73.78692861, -14.64146598 ], [ -73.78467186, -14.63974411 ], [ -73.78323736, -14.64021023 ], [ -73.78206061, -14.63854298 ], [ -73.78113086, -14.63830273 ], [ -73.78056073, -14.63842373 ], [ -73.77524811, -14.64286523 ], [ -73.77433198, -14.64337498 ], [ -73.77208198, -14.64376561 ], [ -73.77142186, -14.64439648 ], [ -73.77079098, -14.64586723 ], [ -73.76424811, -14.65024811 ], [ -73.76292773, -14.65075786 ], [ -73.76284386, -14.64928911 ], [ -73.76265823, -14.64895698 ], [ -73.76145698, -14.64865836 ], [ -73.76130661, -14.64712698 ], [ -73.76097661, -14.64667773 ], [ -73.75899598, -14.64694723 ], [ -73.75675973, -14.64814848 ], [ -73.75613086, -14.64811723 ], [ -73.75541011, -14.64751761 ], [ -73.75534961, -14.64679686 ], [ -73.75631061, -14.64553711 ], [ -73.75643361, -14.64458598 ], [ -73.75480861, -14.64256448 ], [ -73.75390823, -14.64040436 ], [ -73.75594911, -14.63776373 ], [ -73.75592823, -14.63646498 ], [ -73.75557436, -14.63605273 ], [ -73.75104298, -14.63722261 ], [ -73.74957223, -14.63803323 ], [ -73.74783198, -14.64022461 ], [ -73.74732036, -14.64028323 ], [ -73.74711136, -14.63986323 ], [ -73.74873261, -14.63656248 ], [ -73.74870123, -14.63542186 ], [ -73.74735161, -14.63467186 ], [ -73.74584961, -14.63434186 ], [ -73.74485923, -14.63446098 ], [ -73.73824223, -14.63794323 ], [ -73.72511136, -14.63815236 ], [ -73.72373048, -14.63908398 ], [ -73.72192961, -14.64178511 ], [ -73.72078911, -14.64244536 ], [ -73.71640823, -14.64124411 ], [ -73.71508798, -14.64022461 ], [ -73.71444736, -14.64007723 ], [ -73.71276923, -14.63773523 ], [ -73.71178511, -14.63704298 ], [ -73.70994086, -14.63679536 ], [ -73.70944773, -14.63544961 ], [ -73.70898048, -14.63521098 ], [ -73.70294723, -14.63440236 ], [ -73.70012498, -14.63356061 ], [ -73.69892573, -14.63160923 ], [ -73.69814448, -14.63094923 ], [ -73.69067248, -14.62941686 ], [ -73.68368698, -14.62557873 ], [ -73.67168498, -14.61971223 ], [ -73.66929586, -14.61762948 ], [ -73.66602373, -14.61304236 ], [ -73.66293036, -14.60983011 ], [ -73.65936123, -14.60756961 ], [ -73.64916998, -14.59952348 ], [ -73.64421823, -14.59601473 ], [ -73.64341623, -14.59481173 ], [ -73.64176198, -14.59395948 ], [ -73.63770161, -14.59300711 ], [ -73.63589711, -14.59220511 ], [ -73.63469386, -14.59090173 ], [ -73.62866611, -14.57865911 ], [ -73.62188473, -14.57021211 ], [ -73.61664986, -14.56224086 ], [ -73.61593611, -14.55938548 ], [ -73.61321523, -14.55414923 ], [ -73.60907436, -14.54860586 ], [ -73.60756048, -14.54555586 ], [ -73.60740473, -14.54381936 ], [ -73.60589336, -14.54226311 ], [ -73.60499048, -14.54164748 ], [ -73.60408773, -14.54156548 ], [ -73.60051836, -14.54194223 ], [ -73.59429723, -14.54515098 ], [ -73.59049911, -14.54914561 ], [ -73.58899311, -14.54947298 ], [ -73.58722486, -14.54894911 ], [ -73.58152761, -14.54220398 ], [ -73.57877723, -14.54023961 ], [ -73.56793948, -14.52604898 ], [ -73.56538286, -14.52160648 ], [ -73.56446086, -14.52089398 ], [ -73.56304098, -14.52084186 ], [ -73.56198823, -14.52189986 ], [ -73.56094036, -14.52244461 ], [ -73.55930586, -14.52206748 ], [ -73.55750373, -14.52118723 ], [ -73.55649786, -14.51921748 ], [ -73.55540823, -14.51800223 ], [ -73.55319511, -14.51737548 ], [ -73.55222261, -14.51672711 ], [ -73.54903511, -14.51213498 ], [ -73.54719836, -14.51083836 ], [ -73.54309236, -14.50889348 ], [ -73.53655536, -14.50813711 ], [ -73.53396223, -14.50721861 ], [ -73.53246223, -14.50724223 ], [ -73.53008798, -14.50946798 ], [ -73.52822348, -14.51030586 ] ], [ [ -73.72013111, -15.25903111 ], [ -73.72056811, -15.25934236 ], [ -73.72216011, -15.25908236 ], [ -73.72271223, -15.25935611 ], [ -73.72293711, -15.26186386 ], [ -73.72352886, -15.26294986 ], [ -73.72449861, -15.26298598 ], [ -73.72739561, -15.26077311 ], [ -73.72834548, -15.26066086 ], [ -73.72926036, -15.26186248 ], [ -73.73168436, -15.26211111 ], [ -73.73331223, -15.26325986 ], [ -73.73588836, -15.26237186 ], [ -73.73675736, -15.26247673 ], [ -73.73755336, -15.26344486 ], [ -73.73803348, -15.26504361 ], [ -73.73905986, -15.26574048 ], [ -73.74017173, -15.26597811 ], [ -73.74100711, -15.26578936 ], [ -73.74201223, -15.26413611 ], [ -73.74432211, -15.26310723 ], [ -73.74486536, -15.26241236 ], [ -73.74554161, -15.26006048 ], [ -73.74656623, -15.25951961 ], [ -73.74750711, -15.25955748 ], [ -73.74823536, -15.25986586 ], [ -73.74873511, -15.26059498 ], [ -73.74878398, -15.26424486 ], [ -73.74955561, -15.26601798 ], [ -73.74959511, -15.26702311 ], [ -73.74899936, -15.26891798 ], [ -73.74729111, -15.27242973 ], [ -73.74627811, -15.27547323 ], [ -73.74144473, -15.27968961 ], [ -73.74134911, -15.28208423 ], [ -73.74186061, -15.28297448 ], [ -73.74572323, -15.28393236 ], [ -73.74646111, -15.28508598 ], [ -73.74397261, -15.28881873 ], [ -73.74282473, -15.29410436 ], [ -73.73943598, -15.29794486 ], [ -73.73934323, -15.29889473 ], [ -73.74003711, -15.30173023 ], [ -73.73951598, -15.30372336 ], [ -73.73941198, -15.30653623 ], [ -73.73903961, -15.30791098 ], [ -73.73920648, -15.30855498 ], [ -73.73831961, -15.30875386 ], [ -73.73800373, -15.30933261 ], [ -73.73702786, -15.30980098 ], [ -73.73570961, -15.31103486 ], [ -73.73401111, -15.31154048 ], [ -73.73268761, -15.31346111 ], [ -73.73095286, -15.31378886 ], [ -73.72919098, -15.31469973 ], [ -73.72885223, -15.31598148 ], [ -73.72782598, -15.31694148 ], [ -73.72709048, -15.31817836 ], [ -73.72437523, -15.32062998 ], [ -73.72288686, -15.32091911 ], [ -73.72092473, -15.31893661 ], [ -73.71901398, -15.31857236 ], [ -73.71684886, -15.32055136 ], [ -73.71531236, -15.32096761 ], [ -73.71426273, -15.32169398 ], [ -73.71396061, -15.32299823 ], [ -73.71430086, -15.32415123 ], [ -73.71414198, -15.32455548 ], [ -73.71073711, -15.32537998 ], [ -73.70982611, -15.32491198 ], [ -73.70959048, -15.32406336 ], [ -73.70847661, -15.32389986 ], [ -73.70657423, -15.32304123 ], [ -73.70325336, -15.32289261 ], [ -73.70050511, -15.32335748 ], [ -73.70013511, -15.32364511 ], [ -73.70012048, -15.32411848 ], [ -73.70164698, -15.32387223 ], [ -73.70190411, -15.32439673 ], [ -73.70151686, -15.32481736 ], [ -73.70014448, -15.32502011 ], [ -73.69938086, -15.32479573 ], [ -73.69842736, -15.32386073 ], [ -73.69771236, -15.32370648 ], [ -73.69733373, -15.32405761 ], [ -73.69760561, -15.32482773 ], [ -73.69711673, -15.32524673 ], [ -73.69673611, -15.32507586 ], [ -73.69644448, -15.32397511 ], [ -73.69573736, -15.32368511 ], [ -73.69500073, -15.32444773 ], [ -73.69525236, -15.32574136 ], [ -73.69480823, -15.32722761 ], [ -73.69229073, -15.32787411 ], [ -73.69265886, -15.32889623 ], [ -73.69187898, -15.32964386 ], [ -73.69021961, -15.32971911 ], [ -73.69022336, -15.33150236 ], [ -73.68947586, -15.33179186 ], [ -73.68657498, -15.33120123 ], [ -73.68589286, -15.33188948 ], [ -73.68618848, -15.33216148 ], [ -73.68728148, -15.33216898 ], [ -73.68748411, -15.33252936 ], [ -73.68717948, -15.33288773 ], [ -73.68490386, -15.33422498 ], [ -73.68386823, -15.33410298 ], [ -73.68180811, -15.33308811 ], [ -73.67801161, -15.32986261 ], [ -73.67351836, -15.32917811 ], [ -73.67125923, -15.32816211 ], [ -73.66594161, -15.32469023 ], [ -73.66223198, -15.32087361 ], [ -73.65956611, -15.31873523 ], [ -73.65675736, -15.31459623 ], [ -73.65490411, -15.31347773 ], [ -73.65231586, -15.31025223 ], [ -73.64983636, -15.30637473 ], [ -73.64825598, -15.30317273 ], [ -73.64639248, -15.30124586 ], [ -73.64432911, -15.29724386 ], [ -73.64010448, -15.29199311 ], [ -73.63936048, -15.29017411 ], [ -73.63906423, -15.28677511 ], [ -73.63959711, -15.28430773 ], [ -73.64100223, -15.28200198 ], [ -73.64380348, -15.27923898 ], [ -73.64775986, -15.27694436 ], [ -73.65348511, -15.27686311 ], [ -73.65846361, -15.27604286 ], [ -73.66081723, -15.27474423 ], [ -73.66270836, -15.27239661 ], [ -73.66585898, -15.27095211 ], [ -73.66724123, -15.27088473 ], [ -73.66861148, -15.27207873 ], [ -73.66997936, -15.27267711 ], [ -73.67073148, -15.27275748 ], [ -73.67285598, -15.27195973 ], [ -73.67745373, -15.27225723 ], [ -73.68137861, -15.27420961 ], [ -73.68439948, -15.27409361 ], [ -73.68591323, -15.27460223 ], [ -73.68659936, -15.27592236 ], [ -73.68731023, -15.27604461 ], [ -73.68766723, -15.27457111 ], [ -73.68877186, -15.27314748 ], [ -73.68913061, -15.27142023 ], [ -73.68581511, -15.26807186 ], [ -73.68550361, -15.26757586 ], [ -73.68561398, -15.26648223 ], [ -73.68630461, -15.26590536 ], [ -73.68737148, -15.26595886 ], [ -73.68941698, -15.26420573 ], [ -73.69144061, -15.26309361 ], [ -73.69291111, -15.26145486 ], [ -73.69315961, -15.26064536 ], [ -73.69289123, -15.25862023 ], [ -73.69376186, -15.25612748 ], [ -73.69480661, -15.25497498 ], [ -73.69627161, -15.25450011 ], [ -73.69780861, -15.25328373 ], [ -73.69769286, -15.25235448 ], [ -73.69579323, -15.25039173 ], [ -73.69607861, -15.24923648 ], [ -73.70030711, -15.24823048 ], [ -73.70144873, -15.24712086 ], [ -73.70330773, -15.24695473 ], [ -73.70678298, -15.24725348 ], [ -73.70953361, -15.24901011 ], [ -73.71148723, -15.24956623 ], [ -73.71389598, -15.25096573 ], [ -73.71652023, -15.25121398 ], [ -73.71940586, -15.25377736 ], [ -73.71987686, -15.25474548 ], [ -73.71985936, -15.25783123 ], [ -73.72013111, -15.25903111 ] ] ] ] } },
{ "type": "Feature", "properties": { "id": "provincial.8", "departamen": "AYACUCHO", "provincia": "PAUCAR DEL SARA SARA", "id_prov": 8 }, "geometry": { "type": "MultiPolygon", "coordinates": [ [ [ [ -73.04462098, -14.83751636 ], [ -73.03333011, -14.84992573 ], [ -73.03072036, -14.85136373 ], [ -73.02869648, -14.85221586 ], [ -73.01788486, -14.85455936 ], [ -73.01420598, -14.85570811 ], [ -73.01485448, -14.85841661 ], [ -73.01736448, -14.86308286 ], [ -73.01806636, -14.86930373 ], [ -73.01876836, -14.87141036 ], [ -73.02293398, -14.87597661 ], [ -73.02646636, -14.88339323 ], [ -73.02658848, -14.88384536 ], [ -73.02516936, -14.88778873 ], [ -73.02529911, -14.88924786 ], [ -73.02648923, -14.89107611 ], [ -73.03153986, -14.89568323 ], [ -73.03185273, -14.89712336 ], [ -73.03146361, -14.90005111 ], [ -73.03061673, -14.90231223 ], [ -73.02901448, -14.90432073 ], [ -73.02724461, -14.90750598 ], [ -73.02134711, -14.91549973 ], [ -73.01772311, -14.91883086 ], [ -73.01206223, -14.92483048 ], [ -73.00856036, -14.92781448 ], [ -73.00651548, -14.93115998 ], [ -73.00013736, -14.93890186 ], [ -72.99520111, -14.94296548 ], [ -72.99333186, -14.94844536 ], [ -72.99239348, -14.94990061 ], [ -72.99172211, -14.95243361 ], [ -72.99110411, -14.95354086 ], [ -72.98986811, -14.95462323 ], [ -72.98758698, -14.95538898 ], [ -72.98665623, -14.95610336 ], [ -72.98434448, -14.96536736 ], [ -72.98409273, -14.96827886 ], [ -72.98298648, -14.97208023 ], [ -72.98312373, -14.97447486 ], [ -72.98284911, -14.97636123 ], [ -72.98315436, -14.97948073 ], [ -72.98275761, -14.98078348 ], [ -72.98274236, -14.98235511 ], [ -72.98295598, -14.98370936 ], [ -72.98497773, -14.98551761 ], [ -72.98851773, -14.98701173 ], [ -72.99268336, -14.98763848 ], [ -72.99578098, -14.98989111 ], [ -72.99765011, -14.99183936 ], [ -72.99884798, -14.99371723 ], [ -73.00054173, -14.99936673 ], [ -73.00144961, -15.00093748 ], [ -73.00266261, -15.00116061 ], [ -73.00304411, -15.00153923 ], [ -73.00347136, -15.00348086 ], [ -73.00511173, -15.00774961 ], [ -73.00534823, -15.00931648 ], [ -73.00480648, -15.01401523 ], [ -73.00572211, -15.02014061 ], [ -73.00567623, -15.02324011 ], [ -73.00515748, -15.02517798 ], [ -73.00592798, -15.03091436 ], [ -73.00502023, -15.03526211 ], [ -73.00485223, -15.04346461 ], [ -73.00530248, -15.04515836 ], [ -73.00775148, -15.05029873 ], [ -73.00811011, -15.05173011 ], [ -73.00745386, -15.05382536 ], [ -73.00569898, -15.05553336 ], [ -73.00437923, -15.05786323 ], [ -73.00402836, -15.06026936 ], [ -73.00424198, -15.06412698 ], [ -73.00618748, -15.06829073 ], [ -73.00820923, -15.07085136 ], [ -73.01095586, -15.07310961 ], [ -73.01597598, -15.07598586 ], [ -73.01797486, -15.07993886 ], [ -73.01864623, -15.08395786 ], [ -73.02123261, -15.08635136 ], [ -73.02297211, -15.08846373 ], [ -73.02452848, -15.09175773 ], [ -73.02382661, -15.09359548 ], [ -73.02370448, -15.09671111 ], [ -73.02309423, -15.09834561 ], [ -73.02284998, -15.10443598 ], [ -73.02129361, -15.10679723 ], [ -73.01998898, -15.11077498 ], [ -73.01921086, -15.11981486 ], [ -73.01933286, -15.12391098 ], [ -73.02201573, -15.12925811 ], [ -73.02183798, -15.13179886 ], [ -73.02275861, -15.13189211 ], [ -73.02516736, -15.13020361 ], [ -73.02672561, -15.12975836 ], [ -73.02827398, -15.13033873 ], [ -73.03176323, -15.13247736 ], [ -73.03387936, -15.13326523 ], [ -73.03594973, -15.13369561 ], [ -73.04055023, -15.13395211 ], [ -73.04363248, -15.13234423 ], [ -73.04582211, -15.13374136 ], [ -73.04756161, -15.13434786 ], [ -73.04795836, -15.13476948 ], [ -73.04814148, -15.13595586 ], [ -73.04674536, -15.13875023 ], [ -73.04676823, -15.14070123 ], [ -73.04875186, -15.14178186 ], [ -73.05228423, -15.14215086 ], [ -73.05622861, -15.14361386 ], [ -73.05894473, -15.14369586 ], [ -73.06050873, -15.14431386 ], [ -73.06191248, -15.14538473 ], [ -73.06301886, -15.14670273 ], [ -73.06376648, -15.14822673 ], [ -73.06598661, -15.15057473 ], [ -73.06639861, -15.15156361 ], [ -73.06586461, -15.15391173 ], [ -73.06610873, -15.15440561 ], [ -73.07019048, -15.15349961 ], [ -73.07183836, -15.15428161 ], [ -73.07245636, -15.15510573 ], [ -73.07357023, -15.15786548 ], [ -73.07352448, -15.16079048 ], [ -73.07469173, -15.16336148 ], [ -73.07858273, -15.16285223 ], [ -73.08287048, -15.16397473 ], [ -73.08419036, -15.16483023 ], [ -73.08966061, -15.16984373 ], [ -73.09088136, -15.17268661 ], [ -73.09194948, -15.17366511 ], [ -73.09503936, -15.17782211 ], [ -73.09941098, -15.18094061 ], [ -73.10093686, -15.18570898 ], [ -73.10078436, -15.18763548 ], [ -73.10144811, -15.18768973 ], [ -73.10633086, -15.18601611 ], [ -73.11074823, -15.18610673 ], [ -73.11167148, -15.18653486 ], [ -73.11219023, -15.18791011 ], [ -73.11239623, -15.19056411 ], [ -73.11205286, -15.19350423 ], [ -73.11090086, -15.19737911 ], [ -73.11125186, -15.19975948 ], [ -73.11241911, -15.20148086 ], [ -73.11256411, -15.20228961 ], [ -73.11223598, -15.20648286 ], [ -73.11341086, -15.20909498 ], [ -73.11403661, -15.21207423 ], [ -73.11524961, -15.21538448 ], [ -73.11544023, -15.21712686 ], [ -73.11624148, -15.21847423 ], [ -73.11683661, -15.22285161 ], [ -73.11940761, -15.22469136 ], [ -73.12001798, -15.22898011 ], [ -73.12058261, -15.23081686 ], [ -73.12108611, -15.23162448 ], [ -73.12373348, -15.23361223 ], [ -73.12720486, -15.23859498 ], [ -73.12996673, -15.24054523 ], [ -73.13253786, -15.24094961 ], [ -73.13331598, -15.24135398 ], [ -73.13478086, -15.24322986 ], [ -73.13584898, -15.24374486 ], [ -73.13610836, -15.24411298 ], [ -73.13607023, -15.24559011 ], [ -73.13745886, -15.24808886 ], [ -73.13777923, -15.25167748 ], [ -73.13954923, -15.25593286 ], [ -73.14149473, -15.25682548 ], [ -73.14695736, -15.25777536 ], [ -73.14994048, -15.25983911 ], [ -73.15068823, -15.26133436 ], [ -73.14978036, -15.26778123 ], [ -73.15031436, -15.27089598 ], [ -73.14953611, -15.27365586 ], [ -73.15020748, -15.27650161 ], [ -73.15191648, -15.27835173 ], [ -73.15203098, -15.28009798 ], [ -73.15295411, -15.28306486 ], [ -73.15402986, -15.28410898 ], [ -73.15833298, -15.28535561 ], [ -73.16004186, -15.28635598 ], [ -73.16282648, -15.29086298 ], [ -73.16350573, -15.29577536 ], [ -73.16774748, -15.30003548 ], [ -73.16966248, -15.30420311 ], [ -73.17213436, -15.30607611 ], [ -73.17454523, -15.30660723 ], [ -73.17780298, -15.30564311 ], [ -73.18100736, -15.30608461 ], [ -73.18424223, -15.30566498 ], [ -73.18518061, -15.30582136 ], [ -73.18637848, -15.30545698 ], [ -73.18746948, -15.30498886 ], [ -73.19073486, -15.30205336 ], [ -73.19603723, -15.30014411 ], [ -73.20558161, -15.29504686 ], [ -73.20683286, -15.29393861 ], [ -73.21292861, -15.29356286 ], [ -73.21343236, -15.29378698 ], [ -73.21495061, -15.29572198 ], [ -73.22064211, -15.29793736 ], [ -73.22156523, -15.29796511 ], [ -73.22215273, -15.29732036 ], [ -73.22569273, -15.29573636 ], [ -73.22836298, -15.29569623 ], [ -73.23224636, -15.29452323 ], [ -73.23398586, -15.29286486 ], [ -73.23612973, -15.29169173 ], [ -73.23892211, -15.29055973 ], [ -73.24227911, -15.28975111 ], [ -73.24340823, -15.28837586 ], [ -73.24371336, -15.28687186 ], [ -73.24593348, -15.28609186 ], [ -73.25478361, -15.28719898 ], [ -73.25733186, -15.28670023 ], [ -73.26000973, -15.28677848 ], [ -73.26229861, -15.28625298 ], [ -73.26776886, -15.28889848 ], [ -73.27040098, -15.28931523 ], [ -73.27212523, -15.28883461 ], [ -73.27529911, -15.28892998 ], [ -73.27994536, -15.29034048 ], [ -73.28241736, -15.29328923 ], [ -73.28492111, -15.29493811 ], [ -73.28420998, -15.29717998 ], [ -73.28463998, -15.29968998 ], [ -73.28298998, -15.30235998 ], [ -73.28361998, -15.30391998 ], [ -73.28222998, -15.30682998 ], [ -73.28266998, -15.30822998 ], [ -73.28176998, -15.30992998 ], [ -73.28178998, -15.31109998 ], [ -73.28255998, -15.31168998 ], [ -73.28259998, -15.31206998 ], [ -73.27917998, -15.31407998 ], [ -73.27780998, -15.31730998 ], [ -73.27772998, -15.31817998 ], [ -73.28019998, -15.31966998 ], [ -73.28160998, -15.32305998 ], [ -73.28558998, -15.32862998 ], [ -73.28659998, -15.33178998 ], [ -73.28773998, -15.33303998 ], [ -73.28931998, -15.33364998 ], [ -73.28981998, -15.33435998 ], [ -73.29019998, -15.33597998 ], [ -73.29012998, -15.34048998 ], [ -73.29130998, -15.34152998 ], [ -73.29147998, -15.34225998 ], [ -73.28959998, -15.34441998 ], [ -73.28935998, -15.34517998 ], [ -73.28971998, -15.34616998 ], [ -73.29089998, -15.34709998 ], [ -73.29079998, -15.34973998 ], [ -73.29247998, -15.35108998 ], [ -73.29230998, -15.35306998 ], [ -73.29319998, -15.35511998 ], [ -73.29327998, -15.35779998 ], [ -73.29379998, -15.35940998 ], [ -73.29128998, -15.36315998 ], [ -73.29060998, -15.36879998 ], [ -73.29061998, -15.37131998 ], [ -73.28845998, -15.37349998 ], [ -73.28659998, -15.37467998 ], [ -73.28599998, -15.37578998 ], [ -73.28420998, -15.37733998 ], [ -73.28381998, -15.37843998 ], [ -73.28342998, -15.38193998 ], [ -73.28272998, -15.38312998 ], [ -73.28130998, -15.38443998 ], [ -73.28131998, -15.38704998 ], [ -73.27981998, -15.39024998 ], [ -73.27858998, -15.39143998 ], [ -73.27617998, -15.39212998 ], [ -73.27479911, -15.39295648 ], [ -73.27728273, -15.39458761 ], [ -73.27841186, -15.39504611 ], [ -73.28370661, -15.39598273 ], [ -73.28759761, -15.39588923 ], [ -73.28843686, -15.39546773 ], [ -73.29096223, -15.39293861 ], [ -73.29452511, -15.39233011 ], [ -73.29630286, -15.39251711 ], [ -73.29803461, -15.39289186 ], [ -73.30234523, -15.39471811 ], [ -73.30398561, -15.39467148 ], [ -73.30661011, -15.39551448 ], [ -73.30998236, -15.39846511 ], [ -73.31264498, -15.40005111 ], [ -73.32092286, -15.40100198 ], [ -73.32547761, -15.40248686 ], [ -73.32808686, -15.40228173 ], [ -73.33044436, -15.40258886 ], [ -73.33628086, -15.40514848 ], [ -73.34072873, -15.40212811 ], [ -73.34395598, -15.39741898 ], [ -73.34748836, -15.39444911 ], [ -73.35076898, -15.39311886 ], [ -73.35675811, -15.38963698 ], [ -73.36105348, -15.38792236 ], [ -73.36421198, -15.38747211 ], [ -73.36727911, -15.38755411 ], [ -73.36907961, -15.38825036 ], [ -73.37174223, -15.39001086 ], [ -73.37596136, -15.39185423 ], [ -73.38176723, -15.39379973 ], [ -73.38821411, -15.39896961 ], [ -73.39123536, -15.39914311 ], [ -73.39216611, -15.39873698 ], [ -73.39402011, -15.39670373 ], [ -73.39524073, -15.39589123 ], [ -73.40163423, -15.39275473 ], [ -73.40331273, -15.39147661 ], [ -73.40945448, -15.38315486 ], [ -73.41152948, -15.38190936 ], [ -73.41281123, -15.38007636 ], [ -73.41561123, -15.37786198 ], [ -73.41685498, -15.37582111 ], [ -73.41744236, -15.37609861 ], [ -73.41795348, -15.37875848 ], [ -73.42111973, -15.38002398 ], [ -73.42243961, -15.37991811 ], [ -73.42665861, -15.37786198 ], [ -73.42760473, -15.37780861 ], [ -73.42971798, -15.37923236 ], [ -73.43035123, -15.37912748 ], [ -73.43093111, -15.37833598 ], [ -73.43218998, -15.37364298 ], [ -73.43093111, -15.37127023 ], [ -73.42776486, -15.36826511 ], [ -73.42672723, -15.36442286 ], [ -73.42693323, -15.36364648 ], [ -73.42814636, -15.36138536 ], [ -73.43010698, -15.35983273 ], [ -73.43155673, -15.35936073 ], [ -73.43452436, -15.35936073 ], [ -73.43544011, -15.35882086 ], [ -73.43765261, -15.35631561 ], [ -73.43961336, -15.35572723 ], [ -73.44110211, -15.35572373 ], [ -73.44021398, -15.35103648 ], [ -73.44098561, -15.34533061 ], [ -73.44109848, -15.34135923 ], [ -73.44164436, -15.33830998 ], [ -73.44322536, -15.33217411 ], [ -73.44469348, -15.32961436 ], [ -73.44484398, -15.32722398 ], [ -73.44537098, -15.32558648 ], [ -73.44655686, -15.32297023 ], [ -73.44845786, -15.32022223 ], [ -73.44853711, -15.31889861 ], [ -73.45012811, -15.31711623 ], [ -73.45342223, -15.31441661 ], [ -73.45488073, -15.31062211 ], [ -73.45701861, -15.30835048 ], [ -73.46714061, -15.30100123 ], [ -73.46834323, -15.29913048 ], [ -73.46901136, -15.29595698 ], [ -73.47094886, -15.29395261 ], [ -73.47489086, -15.29184798 ], [ -73.47960098, -15.29204848 ], [ -73.48163873, -15.29161423 ], [ -73.48294161, -15.29081261 ], [ -73.48294161, -15.28981023 ], [ -73.48170561, -15.28690398 ], [ -73.48170561, -15.28550086 ], [ -73.48220673, -15.28379723 ], [ -73.48427786, -15.28155898 ], [ -73.48788573, -15.28002236 ], [ -73.49206148, -15.27644798 ], [ -73.50211661, -15.27287348 ], [ -73.50338598, -15.27160411 ], [ -73.50515823, -15.26628786 ], [ -73.50497011, -15.26382486 ], [ -73.50527798, -15.26269611 ], [ -73.51049461, -15.25563223 ], [ -73.51442848, -15.25214298 ], [ -73.51808873, -15.24513048 ], [ -73.51940573, -15.24080323 ], [ -73.52166348, -15.23734823 ], [ -73.52150948, -15.23544973 ], [ -73.52048323, -15.23238811 ], [ -73.52055173, -15.23048961 ], [ -73.52003861, -15.22749648 ], [ -73.52027798, -15.22482823 ], [ -73.52082536, -15.22356261 ], [ -73.52214248, -15.22330598 ], [ -73.52431448, -15.22366536 ], [ -73.52871023, -15.22292973 ], [ -73.53088236, -15.22132198 ], [ -73.53153223, -15.21880773 ], [ -73.53414998, -15.21616998 ], [ -73.53465998, -15.21590998 ], [ -73.53674998, -15.21589998 ], [ -73.53702998, -15.21560998 ], [ -73.53697998, -15.21495998 ], [ -73.53565998, -15.21341998 ], [ -73.53558998, -15.21261998 ], [ -73.53625998, -15.21146998 ], [ -73.53595998, -15.20966998 ], [ -73.53781998, -15.20815998 ], [ -73.53838998, -15.20709998 ], [ -73.53707998, -15.20255998 ], [ -73.53727998, -15.20042998 ], [ -73.53620998, -15.19616998 ], [ -73.53778998, -15.19144998 ], [ -73.53760998, -15.18799998 ], [ -73.53874998, -15.18645998 ], [ -73.54130998, -15.18517998 ], [ -73.54433998, -15.18487998 ], [ -73.54505998, -15.18253998 ], [ -73.54678998, -15.18098998 ], [ -73.54689998, -15.17956998 ], [ -73.54837998, -15.17642998 ], [ -73.54784998, -15.17421998 ], [ -73.54805998, -15.17188998 ], [ -73.54937998, -15.17019998 ], [ -73.54831998, -15.16729998 ], [ -73.54700998, -15.16574998 ], [ -73.54710998, -15.16505998 ], [ -73.54886998, -15.16417998 ], [ -73.54951998, -15.16203998 ], [ -73.55132998, -15.16127998 ], [ -73.55116998, -15.15916998 ], [ -73.55197998, -15.15849998 ], [ -73.55299998, -15.15857998 ], [ -73.55377998, -15.15802998 ], [ -73.55470998, -15.15609998 ], [ -73.55496998, -15.15475998 ], [ -73.55465998, -15.15379998 ], [ -73.55305998, -15.15345998 ], [ -73.55245998, -15.15273998 ], [ -73.55255998, -15.15198998 ], [ -73.55404998, -15.14922998 ], [ -73.55277998, -15.14438998 ], [ -73.55210998, -15.14398998 ], [ -73.55131998, -15.14401998 ], [ -73.54955998, -15.14547998 ], [ -73.54827998, -15.14583998 ], [ -73.54668998, -15.14508998 ], [ -73.54606998, -15.14427998 ], [ -73.54595998, -15.14334998 ], [ -73.54631998, -15.14219998 ], [ -73.54839998, -15.13821998 ], [ -73.54833998, -15.13759998 ], [ -73.54685998, -15.13665998 ], [ -73.54668998, -15.13608998 ], [ -73.54862998, -15.13455998 ], [ -73.54646998, -15.13325998 ], [ -73.54426998, -15.12832998 ], [ -73.54482998, -15.12747998 ], [ -73.54828998, -15.12502998 ], [ -73.54969998, -15.12468998 ], [ -73.55164998, -15.12522998 ], [ -73.55264998, -15.12444998 ], [ -73.55310998, -15.12292998 ], [ -73.55236998, -15.11739998 ], [ -73.55178998, -15.11526998 ], [ -73.55237998, -15.11301998 ], [ -73.55070998, -15.11033998 ], [ -73.55029998, -15.10827998 ], [ -73.54953998, -15.10685998 ], [ -73.54965998, -15.10390998 ], [ -73.54844998, -15.10199998 ], [ -73.54824998, -15.09937998 ], [ -73.54761998, -15.09858998 ], [ -73.54624998, -15.09829998 ], [ -73.54581998, -15.09778998 ], [ -73.54571998, -15.09697998 ], [ -73.54652998, -15.09481998 ], [ -73.54644998, -15.09410998 ], [ -73.54581998, -15.09353998 ], [ -73.54431998, -15.09305998 ], [ -73.54286998, -15.09186998 ], [ -73.53970998, -15.09183998 ], [ -73.53829998, -15.09102998 ], [ -73.53837998, -15.08803998 ], [ -73.53721998, -15.08680998 ], [ -73.53730998, -15.08399998 ], [ -73.53606998, -15.08122998 ], [ -73.53632998, -15.07940998 ], [ -73.53730998, -15.07727998 ], [ -73.53898998, -15.07586998 ], [ -73.54369998, -15.06869998 ], [ -73.54573998, -15.06281998 ], [ -73.54548998, -15.05975998 ], [ -73.54600998, -15.05708998 ], [ -73.54547998, -15.05580998 ], [ -73.54305998, -15.05547998 ], [ -73.54135998, -15.05596998 ], [ -73.54046998, -15.05705998 ], [ -73.53930998, -15.05945998 ], [ -73.53799998, -15.06001998 ], [ -73.53689998, -15.05945998 ], [ -73.53404998, -15.05678998 ], [ -73.53216998, -15.05371998 ], [ -73.53099998, -15.05334998 ], [ -73.52917998, -15.05409998 ], [ -73.52653998, -15.05691998 ], [ -73.52297998, -15.05894998 ], [ -73.52126998, -15.06051998 ], [ -73.51880998, -15.06152998 ], [ -73.51654998, -15.06134998 ], [ -73.51441998, -15.05991998 ], [ -73.51083998, -15.05823998 ], [ -73.50847998, -15.05780998 ], [ -73.50637998, -15.05623998 ], [ -73.50553998, -15.05595998 ], [ -73.50171048, -15.05780686 ], [ -73.49751523, -15.06070161 ], [ -73.49483023, -15.06116311 ], [ -73.49248086, -15.06070161 ], [ -73.48560073, -15.06057573 ], [ -73.48056636, -15.05839423 ], [ -73.47859473, -15.05457648 ], [ -73.47100123, -15.04513723 ], [ -73.46868198, -15.04099073 ], [ -73.46654198, -15.03911086 ], [ -73.46474873, -15.03841686 ], [ -73.46249298, -15.03821436 ], [ -73.46026611, -15.03911086 ], [ -73.45805736, -15.03939711 ], [ -73.45832786, -15.04491261 ], [ -73.45762211, -15.04682211 ], [ -73.45625211, -15.04860723 ], [ -73.45542186, -15.05051686 ], [ -73.45371986, -15.05624573 ], [ -73.45193473, -15.05753273 ], [ -73.44807398, -15.06139348 ], [ -73.44728511, -15.06151798 ], [ -73.44359048, -15.06060473 ], [ -73.44130723, -15.06193311 ], [ -73.43958198, -15.06239261 ], [ -73.43844286, -15.06234823 ], [ -73.43449886, -15.06355223 ], [ -73.43296298, -15.06351061 ], [ -73.42793986, -15.06247286 ], [ -73.42482636, -15.06297098 ], [ -73.42158823, -15.06467311 ], [ -73.42038436, -15.06488061 ], [ -73.41585923, -15.06409186 ], [ -73.41270436, -15.06230673 ], [ -73.41237223, -15.06185011 ], [ -73.41220623, -15.05869511 ], [ -73.41141748, -15.05753273 ], [ -73.40917573, -15.05823848 ], [ -73.40602061, -15.05807236 ], [ -73.40485823, -15.05715911 ], [ -73.40265436, -15.05444673 ], [ -73.40136961, -15.05350448 ], [ -73.39682961, -15.05247661 ], [ -73.39434536, -15.05136298 ], [ -73.39134723, -15.04887886 ], [ -73.38098236, -15.04331086 ], [ -73.36505261, -15.03930998 ], [ -73.35761761, -15.03614661 ], [ -73.35574723, -15.03580023 ], [ -73.35359986, -15.03612348 ], [ -73.34895873, -15.03757823 ], [ -73.34692686, -15.03783223 ], [ -73.34427148, -15.03727798 ], [ -73.33872986, -15.03358361 ], [ -73.33163998, -15.02961998 ], [ -73.33404998, -15.02512998 ], [ -73.33533998, -15.02451998 ], [ -73.33588998, -15.02381998 ], [ -73.33560998, -15.02093998 ], [ -73.33601998, -15.01834998 ], [ -73.33675998, -15.01679998 ], [ -73.33704998, -15.01446998 ], [ -73.33901998, -15.01120998 ], [ -73.33999998, -15.00835998 ], [ -73.34179998, -15.00528998 ], [ -73.34184998, -15.00438998 ], [ -73.34244998, -15.00354998 ], [ -73.34201498, -15.00315936 ], [ -73.34089398, -15.00258936 ], [ -73.33546073, -15.00135223 ], [ -73.33291273, -15.00044911 ], [ -73.33168711, -14.99954598 ], [ -73.32859073, -14.99596586 ], [ -73.32136598, -14.99354686 ], [ -73.31752773, -14.99035373 ], [ -73.31449586, -14.98725761 ], [ -73.31343161, -14.98670911 ], [ -73.31104486, -14.98622536 ], [ -73.30775498, -14.98661236 ], [ -73.29975611, -14.98196786 ], [ -73.29804661, -14.98138723 ], [ -73.29640173, -14.98145186 ], [ -73.29227323, -14.98351598 ], [ -73.28488723, -14.98374186 ], [ -73.28327448, -14.98338698 ], [ -73.27920898, -14.97995536 ], [ -73.27746173, -14.97880711 ], [ -73.27326811, -14.97710973 ], [ -73.27082186, -14.97486311 ], [ -73.26987336, -14.97446373 ], [ -73.26707761, -14.97416423 ], [ -73.26538023, -14.97476336 ], [ -73.26387111, -14.97604686 ], [ -73.26218611, -14.96963223 ], [ -73.26223661, -14.96731061 ], [ -73.26264036, -14.96569548 ], [ -73.26694773, -14.96206948 ], [ -73.26884036, -14.96001911 ], [ -73.26961723, -14.95869523 ], [ -73.27020723, -14.95306098 ], [ -73.27086998, -14.95271998 ], [ -73.27258998, -14.95078998 ], [ -73.27135173, -14.94909161 ], [ -73.26450786, -14.94404336 ], [ -73.26400311, -14.94338723 ], [ -73.26300936, -14.93966261 ], [ -73.26122323, -14.93689848 ], [ -73.25816148, -14.93333523 ], [ -73.25618186, -14.92953411 ], [ -73.25586511, -14.92660423 ], [ -73.25607623, -14.92552198 ], [ -73.25805598, -14.92301448 ], [ -73.26267248, -14.92008361 ], [ -73.26372486, -14.91665523 ], [ -73.26480411, -14.91488698 ], [ -73.26537823, -14.91298086 ], [ -73.26560786, -14.91192448 ], [ -73.26507973, -14.90728573 ], [ -73.26349523, -14.90462173 ], [ -73.25892523, -14.90250911 ], [ -73.25499823, -14.89975336 ], [ -73.25420373, -14.89952736 ], [ -73.24848761, -14.90102498 ], [ -73.24101986, -14.90516761 ], [ -73.23807636, -14.90614873 ], [ -73.23371573, -14.90707548 ], [ -73.22539723, -14.90771523 ], [ -73.21226361, -14.91007361 ], [ -73.21063186, -14.91062861 ], [ -73.20520348, -14.91620936 ], [ -73.20085198, -14.92277611 ], [ -73.19752911, -14.92348811 ], [ -73.19525323, -14.92298586 ], [ -73.19406636, -14.92156186 ], [ -73.19301223, -14.91236948 ], [ -73.19149423, -14.91017686 ], [ -73.18972323, -14.90992386 ], [ -73.18668723, -14.91026123 ], [ -73.18474761, -14.91131536 ], [ -73.17951898, -14.91203223 ], [ -73.17011586, -14.91106236 ], [ -73.16762798, -14.91203223 ], [ -73.16442336, -14.91224298 ], [ -73.16164036, -14.91118886 ], [ -73.15868873, -14.90920711 ], [ -73.15809848, -14.90840586 ], [ -73.15645398, -14.90393623 ], [ -73.15346011, -14.90064723 ], [ -73.15189998, -14.89950886 ], [ -73.14616536, -14.89664148 ], [ -73.14460523, -14.89626198 ], [ -73.14173786, -14.89638848 ], [ -73.13768998, -14.89735836 ], [ -73.13561911, -14.88882461 ], [ -73.13484223, -14.88694598 ], [ -73.13372111, -14.88555411 ], [ -73.12428761, -14.87762836 ], [ -73.11995748, -14.87472873 ], [ -73.11786973, -14.87399411 ], [ -73.11670986, -14.87252498 ], [ -73.11717373, -14.87063061 ], [ -73.11837223, -14.86788561 ], [ -73.12293436, -14.86293686 ], [ -73.12606598, -14.86046248 ], [ -73.12919761, -14.85605498 ], [ -73.12908161, -14.85559111 ], [ -73.12137698, -14.84740236 ], [ -73.12002798, -14.84405398 ], [ -73.11871823, -14.84258461 ], [ -73.11734473, -14.84255261 ], [ -73.11619486, -14.84331923 ], [ -73.11363823, -14.84385661 ], [ -73.10650323, -14.84261048 ], [ -73.10150636, -14.84368123 ], [ -73.09615261, -14.84403811 ], [ -73.09460598, -14.84332423 ], [ -73.08960911, -14.83475823 ], [ -73.08699173, -14.83190286 ], [ -73.08508811, -14.83035623 ], [ -73.07854461, -14.82785773 ], [ -73.07176311, -14.82595423 ], [ -73.06581448, -14.82535923 ], [ -73.06118748, -14.82552936 ], [ -73.05425198, -14.82731448 ], [ -73.05075786, -14.82991011 ], [ -73.04462098, -14.83751636 ] ] ] ] } },
{ "type": "Feature", "properties": { "id": "provincial.9", "departamen": "AYACUCHO", "provincia": "SUCRE", "id_prov": 9 }, "geometry": { "type": "MultiPolygon", "coordinates": [ [ [ [ -73.74325786, -13.76982523 ], [ -73.74266336, -13.77564661 ], [ -73.74130173, -13.77860811 ], [ -73.74156886, -13.77992973 ], [ -73.74316311, -13.78190461 ], [ -73.74356748, -13.78302298 ], [ -73.74326448, -13.78733361 ], [ -73.74198998, -13.78996998 ], [ -73.74243998, -13.79175998 ], [ -73.73992123, -13.79325423 ], [ -73.73804148, -13.79556236 ], [ -73.73635198, -13.79698998 ], [ -73.73523373, -13.79953598 ], [ -73.73354423, -13.80143961 ], [ -73.73309223, -13.80448536 ], [ -73.73166448, -13.80650786 ], [ -73.73095061, -13.81005323 ], [ -73.73011998, -13.81169998 ], [ -73.72868998, -13.81611998 ], [ -73.72682998, -13.81897998 ], [ -73.72359998, -13.82198998 ], [ -73.72199998, -13.82692998 ], [ -73.72086761, -13.82769698 ], [ -73.71842086, -13.82847436 ], [ -73.71779711, -13.82908848 ], [ -73.71744211, -13.82997123 ], [ -73.71536961, -13.83263873 ], [ -73.71464986, -13.83455773 ], [ -73.71397298, -13.83525948 ], [ -73.71255473, -13.83646286 ], [ -73.71049511, -13.83734998 ], [ -73.70810098, -13.83952423 ], [ -73.70674336, -13.84024773 ], [ -73.70516973, -13.84191736 ], [ -73.70319311, -13.84284811 ], [ -73.70261736, -13.84368286 ], [ -73.70056398, -13.84485348 ], [ -73.69777936, -13.84741598 ], [ -73.69610223, -13.85325898 ], [ -73.69484523, -13.85546586 ], [ -73.69485486, -13.85682848 ], [ -73.69564161, -13.85894898 ], [ -73.69571848, -13.86013886 ], [ -73.69333861, -13.86349448 ], [ -73.69288161, -13.86556361 ], [ -73.69304661, -13.86826723 ], [ -73.69257698, -13.87045048 ], [ -73.69323711, -13.87196098 ], [ -73.69328786, -13.87331923 ], [ -73.69283086, -13.87647986 ], [ -73.69333861, -13.87882811 ], [ -73.69492523, -13.88313111 ], [ -73.69478561, -13.88424811 ], [ -73.69384636, -13.88598711 ], [ -73.69130773, -13.88781498 ], [ -73.68997486, -13.89008711 ], [ -73.68887061, -13.89112786 ], [ -73.68692848, -13.89786811 ], [ -73.68647148, -13.89894698 ], [ -73.68508798, -13.90055911 ], [ -73.68469448, -13.90172686 ], [ -73.68540761, -13.90444798 ], [ -73.68508798, -13.90592836 ], [ -73.68245998, -13.90908998 ], [ -73.68110998, -13.91339998 ], [ -73.67914998, -13.91631998 ], [ -73.67041586, -13.92009948 ], [ -73.66749998, -13.92206248 ], [ -73.66302536, -13.92371486 ], [ -73.66177336, -13.92454686 ], [ -73.65950648, -13.92688511 ], [ -73.65881998, -13.92870998 ], [ -73.65646998, -13.92994998 ], [ -73.65583998, -13.93135998 ], [ -73.65562998, -13.93367998 ], [ -73.65604998, -13.93510998 ], [ -73.65603998, -13.93679998 ], [ -73.65561998, -13.93792998 ], [ -73.65459998, -13.93904998 ], [ -73.65373761, -13.94288036 ], [ -73.65345123, -13.94345411 ], [ -73.65003998, -13.94534998 ], [ -73.64864861, -13.94800561 ], [ -73.64819298, -13.94939486 ], [ -73.64815998, -13.95110998 ], [ -73.64758798, -13.95190461 ], [ -73.64706836, -13.95407036 ], [ -73.64533936, -13.95582673 ], [ -73.64427361, -13.95916136 ], [ -73.64221711, -13.96244248 ], [ -73.64162736, -13.96646461 ], [ -73.64280498, -13.97078311 ], [ -73.64193598, -13.97316523 ], [ -73.64276048, -13.97853598 ], [ -73.64077998, -13.98057998 ], [ -73.63720998, -13.98263998 ], [ -73.63631998, -13.98360998 ], [ -73.63111998, -13.98710998 ], [ -73.63023998, -13.98873998 ], [ -73.63039998, -13.99077998 ], [ -73.63008998, -13.99183998 ], [ -73.62588998, -13.99490998 ], [ -73.62579998, -13.99611998 ], [ -73.62719998, -14.00063998 ], [ -73.62575998, -14.00322998 ], [ -73.62630998, -14.00493998 ], [ -73.62611998, -14.00592998 ], [ -73.62311998, -14.00909998 ], [ -73.62228998, -14.01171998 ], [ -73.62257998, -14.01306998 ], [ -73.62230998, -14.01371998 ], [ -73.62145998, -14.01441998 ], [ -73.62141998, -14.01617998 ], [ -73.61987998, -14.01654998 ], [ -73.61939998, -14.01705998 ], [ -73.62004998, -14.02098998 ], [ -73.61953998, -14.02144998 ], [ -73.61853998, -14.02139998 ], [ -73.61804998, -14.02231998 ], [ -73.61828998, -14.02434998 ], [ -73.61799998, -14.02552998 ], [ -73.61831998, -14.02612998 ], [ -73.62184998, -14.02934998 ], [ -73.62180998, -14.03209998 ], [ -73.62077998, -14.03517998 ], [ -73.62071998, -14.03858998 ], [ -73.62011998, -14.04091998 ], [ -73.62048998, -14.04143998 ], [ -73.62194998, -14.04200998 ], [ -73.62297998, -14.04286998 ], [ -73.62392998, -14.04621998 ], [ -73.62577998, -14.04901998 ], [ -73.62548998, -14.04997998 ], [ -73.62375998, -14.05275998 ], [ -73.61978998, -14.05653998 ], [ -73.61888998, -14.05787998 ], [ -73.61839998, -14.05895998 ], [ -73.61792998, -14.06197998 ], [ -73.61696998, -14.06399998 ], [ -73.61686998, -14.06566998 ], [ -73.61615998, -14.06844998 ], [ -73.61447998, -14.07188998 ], [ -73.61303998, -14.07365998 ], [ -73.61316998, -14.07437998 ], [ -73.61413998, -14.07549998 ], [ -73.61443998, -14.07728998 ], [ -73.61294998, -14.07888998 ], [ -73.61169998, -14.08375998 ], [ -73.60954998, -14.08500998 ], [ -73.60909998, -14.08564998 ], [ -73.61109998, -14.08871998 ], [ -73.61106998, -14.08993998 ], [ -73.60870998, -14.09061998 ], [ -73.60883998, -14.09231998 ], [ -73.60845998, -14.09275998 ], [ -73.60665998, -14.09357998 ], [ -73.60529998, -14.09298998 ], [ -73.60372998, -14.09340998 ], [ -73.60061998, -14.09791998 ], [ -73.59830998, -14.10052998 ], [ -73.59791998, -14.10150998 ], [ -73.59650998, -14.10258998 ], [ -73.59570998, -14.10497998 ], [ -73.59448998, -14.10620998 ], [ -73.59383998, -14.10757998 ], [ -73.59177998, -14.10955998 ], [ -73.59113998, -14.10959998 ], [ -73.59008998, -14.10893998 ], [ -73.58953998, -14.10893998 ], [ -73.58661998, -14.11033998 ], [ -73.58578998, -14.11518998 ], [ -73.58436998, -14.11667998 ], [ -73.58253998, -14.12023998 ], [ -73.58314998, -14.12222998 ], [ -73.58184998, -14.12581998 ], [ -73.58212998, -14.12754998 ], [ -73.58193998, -14.13058998 ], [ -73.58143998, -14.13200998 ], [ -73.58016998, -14.13343998 ], [ -73.58073998, -14.13529998 ], [ -73.57996998, -14.13821998 ], [ -73.57772998, -14.13992998 ], [ -73.57859998, -14.14253998 ], [ -73.57727998, -14.14717998 ], [ -73.57468998, -14.14918998 ], [ -73.57320998, -14.14870998 ], [ -73.57292998, -14.14910998 ], [ -73.57168998, -14.15205998 ], [ -73.56930998, -14.15505998 ], [ -73.56858998, -14.15864998 ], [ -73.56711998, -14.16048998 ], [ -73.56666998, -14.16284998 ], [ -73.56493998, -14.16452998 ], [ -73.56466998, -14.16824998 ], [ -73.56337998, -14.16982998 ], [ -73.56155998, -14.17100998 ], [ -73.56025998, -14.17493998 ], [ -73.55856998, -14.17522998 ], [ -73.55771998, -14.17617998 ], [ -73.55611998, -14.17967998 ], [ -73.55618998, -14.18367998 ], [ -73.55373998, -14.18721998 ], [ -73.55325998, -14.18890998 ], [ -73.55312998, -14.19210998 ], [ -73.55287998, -14.19249998 ], [ -73.55142998, -14.19311998 ], [ -73.54870998, -14.19631998 ], [ -73.54814998, -14.19631998 ], [ -73.54691998, -14.19526998 ], [ -73.54581998, -14.19548998 ], [ -73.54530998, -14.19600998 ], [ -73.54575998, -14.20233998 ], [ -73.54420998, -14.20459998 ], [ -73.54291998, -14.20533998 ], [ -73.54307998, -14.20586998 ], [ -73.54400998, -14.20671998 ], [ -73.54405998, -14.20865998 ], [ -73.54293998, -14.20984998 ], [ -73.54190998, -14.21023998 ], [ -73.53895998, -14.21236998 ], [ -73.53928998, -14.21394998 ], [ -73.53854998, -14.21501998 ], [ -73.53690998, -14.21499998 ], [ -73.53420998, -14.21567998 ], [ -73.53401998, -14.21763998 ], [ -73.53329198, -14.21870286 ], [ -73.53146611, -14.21977148 ], [ -73.52970998, -14.22031998 ], [ -73.52861998, -14.22111998 ], [ -73.52860148, -14.22186161 ], [ -73.52935998, -14.22274998 ], [ -73.52922686, -14.22527686 ], [ -73.52951998, -14.22609998 ], [ -73.52914486, -14.22740186 ], [ -73.52883998, -14.22774998 ], [ -73.52761998, -14.22804998 ], [ -73.52336323, -14.22833011 ], [ -73.52362498, -14.23062311 ], [ -73.52121998, -14.23562023 ], [ -73.52129998, -14.23776998 ], [ -73.51988286, -14.23945123 ], [ -73.51873998, -14.24221998 ], [ -73.51952998, -14.24521998 ], [ -73.51883036, -14.24690048 ], [ -73.51951998, -14.24837998 ], [ -73.52116998, -14.25030998 ], [ -73.51973636, -14.25262498 ], [ -73.51913998, -14.25488998 ], [ -73.51915998, -14.25597998 ], [ -73.51981998, -14.25793998 ], [ -73.51757998, -14.25953998 ], [ -73.51749011, -14.26107223 ], [ -73.51812698, -14.26256636 ], [ -73.51782998, -14.26391998 ], [ -73.51717986, -14.26442998 ], [ -73.51552998, -14.26457998 ], [ -73.51446998, -14.26535998 ], [ -73.51345998, -14.26739998 ], [ -73.51224998, -14.26815998 ], [ -73.51265998, -14.27223998 ], [ -73.51396998, -14.27496998 ], [ -73.51355998, -14.28241998 ], [ -73.51463998, -14.28762998 ], [ -73.51525998, -14.28867998 ], [ -73.51531998, -14.29176998 ], [ -73.51585998, -14.29430998 ], [ -73.51513998, -14.30012998 ], [ -73.51667998, -14.30387998 ], [ -73.51649998, -14.30600998 ], [ -73.51719011, -14.30936011 ], [ -73.51854311, -14.31096886 ], [ -73.52306348, -14.31446761 ], [ -73.52618423, -14.32013423 ], [ -73.52800986, -14.32256198 ], [ -73.52944561, -14.32668736 ], [ -73.52950198, -14.33224223 ], [ -73.53383548, -14.35429411 ], [ -73.53552011, -14.35780086 ], [ -73.53994136, -14.36352973 ], [ -73.54217573, -14.36549411 ], [ -73.54587061, -14.36598361 ], [ -73.54699148, -14.36654398 ], [ -73.54846261, -14.36885573 ], [ -73.54834161, -14.37351486 ], [ -73.54902311, -14.37498536 ], [ -73.55052923, -14.37617636 ], [ -73.55284098, -14.37694686 ], [ -73.55350636, -14.37750736 ], [ -73.55322623, -14.37911861 ], [ -73.55455736, -14.38276136 ], [ -73.55515273, -14.38892611 ], [ -73.55382173, -14.39642186 ], [ -73.55385673, -14.40122048 ], [ -73.55557311, -14.40248148 ], [ -73.55654311, -14.40404748 ], [ -73.55735948, -14.40640448 ], [ -73.55963623, -14.40990711 ], [ -73.56212311, -14.41081786 ], [ -73.56685173, -14.41344486 ], [ -73.57301648, -14.41589673 ], [ -73.57785523, -14.41636986 ], [ -73.58174998, -14.41613473 ], [ -73.58360498, -14.41306698 ], [ -73.58573811, -14.40728373 ], [ -73.58743098, -14.40711011 ], [ -73.59168498, -14.40789148 ], [ -73.59350798, -14.40702311 ], [ -73.59459311, -14.40697986 ], [ -73.59802223, -14.40493973 ], [ -73.60175523, -14.40133686 ], [ -73.60422948, -14.39947036 ], [ -73.60679048, -14.39864561 ], [ -73.60917786, -14.39855886 ], [ -73.60978561, -14.39790773 ], [ -73.61013286, -14.39408786 ], [ -73.60922136, -14.39126661 ], [ -73.60670373, -14.38913948 ], [ -73.60370861, -14.38380036 ], [ -73.60379548, -14.38306248 ], [ -73.60418611, -14.38267186 ], [ -73.60731136, -14.38197736 ], [ -73.61113123, -14.38050148 ], [ -73.61320511, -14.37916411 ], [ -73.61365086, -14.37761448 ], [ -73.61363936, -14.37599048 ], [ -73.61228561, -14.37172236 ], [ -73.61242936, -14.37085998 ], [ -73.61501623, -14.37028511 ], [ -73.61623773, -14.37057248 ], [ -73.62062111, -14.37380611 ], [ -73.62205823, -14.37452461 ], [ -73.62622586, -14.37553061 ], [ -73.62859723, -14.37524323 ], [ -73.63269311, -14.37409348 ], [ -73.63864123, -14.37403523 ], [ -73.64449173, -14.37447186 ], [ -73.65221986, -14.37406511 ], [ -73.65473261, -14.37349398 ], [ -73.65524648, -14.37303711 ], [ -73.65558923, -14.37189498 ], [ -73.65547498, -14.37092423 ], [ -73.65416161, -14.36806886 ], [ -73.65376186, -14.36549898 ], [ -73.65410448, -14.36161573 ], [ -73.65501811, -14.36024511 ], [ -73.65833036, -14.35738986 ], [ -73.65890148, -14.35619061 ], [ -73.65890148, -14.35453448 ], [ -73.66004361, -14.35362073 ], [ -73.66346998, -14.35207886 ], [ -73.66720748, -14.34868723 ], [ -73.66914186, -14.34804236 ], [ -73.67487311, -14.34739761 ], [ -73.67687911, -14.34632298 ], [ -73.67816873, -14.34245436 ], [ -73.68218061, -14.33908711 ], [ -73.68504636, -14.33765436 ], [ -73.68898661, -14.33228123 ], [ -73.68992486, -14.33067286 ], [ -73.69042198, -14.32634761 ], [ -73.69528898, -14.32658998 ], [ -73.70669561, -14.32416436 ], [ -73.71198036, -14.32683636 ], [ -73.71718586, -14.33102636 ], [ -73.71928798, -14.33127073 ], [ -73.72183011, -14.33004861 ], [ -73.72315011, -14.33004861 ], [ -73.72657223, -14.33205298 ], [ -73.72818548, -14.33239511 ], [ -73.73507848, -14.33518173 ], [ -73.73590961, -14.33562173 ], [ -73.73825623, -14.33816386 ], [ -73.73918511, -14.33821273 ], [ -73.74744698, -14.33464398 ], [ -73.75072236, -14.33435061 ], [ -73.75517111, -14.33210186 ], [ -73.75947323, -14.33161298 ], [ -73.76249448, -14.33170161 ], [ -73.76338673, -14.33059223 ], [ -73.76423086, -14.32825286 ], [ -73.76553323, -14.32774636 ], [ -73.77343761, -14.32224511 ], [ -73.77613136, -14.32325061 ], [ -73.77851186, -14.32302511 ], [ -73.78242073, -14.32322573 ], [ -73.78409973, -14.32247398 ], [ -73.78610436, -14.31959211 ], [ -73.78948711, -14.31711148 ], [ -73.79005786, -14.31637923 ], [ -73.79025373, -14.31070211 ], [ -73.79072361, -14.30839211 ], [ -73.79307273, -14.30150111 ], [ -73.79530448, -14.29758573 ], [ -73.79683148, -14.29578486 ], [ -73.79882823, -14.29394461 ], [ -73.80159423, -14.29430611 ], [ -73.80653448, -14.29635823 ], [ -73.80813048, -14.29643423 ], [ -73.81094261, -14.29582623 ], [ -73.81367373, -14.29454423 ], [ -73.81498623, -14.29361773 ], [ -73.81915511, -14.28821373 ], [ -73.82131673, -14.28620661 ], [ -73.82425036, -14.28582048 ], [ -73.82610311, -14.28485548 ], [ -73.82691373, -14.28315711 ], [ -73.82579436, -14.27972173 ], [ -73.82621898, -14.27891111 ], [ -73.82768573, -14.27933573 ], [ -73.82953861, -14.28095686 ], [ -73.83038773, -14.28126573 ], [ -73.83224061, -14.28103411 ], [ -73.83390036, -14.28068673 ], [ -73.84060736, -14.27814261 ], [ -73.84342973, -14.27672661 ], [ -73.84465823, -14.27656248 ], [ -73.84699223, -14.27733398 ], [ -73.84867186, -14.28027936 ], [ -73.85018161, -14.28125386 ], [ -73.85517186, -14.27729098 ], [ -73.85807436, -14.27639673 ], [ -73.86005311, -14.27637961 ], [ -73.86108098, -14.27666511 ], [ -73.86279423, -14.27780723 ], [ -73.86690598, -14.28151923 ], [ -73.87193136, -14.28825773 ], [ -73.87307348, -14.28894311 ], [ -73.87621448, -14.28939998 ], [ -73.87798473, -14.28917161 ], [ -73.87861286, -14.28871473 ], [ -73.88095436, -14.28471723 ], [ -73.88270511, -14.28308986 ], [ -73.88399523, -14.28260098 ], [ -73.88458173, -14.28164773 ], [ -73.88623148, -14.27548886 ], [ -73.88868761, -14.26940323 ], [ -73.89004411, -14.26760698 ], [ -73.89658398, -14.26283198 ], [ -73.89494098, -14.25925673 ], [ -73.89375123, -14.25544961 ], [ -73.89303748, -14.25164248 ], [ -73.89279948, -14.24831123 ], [ -73.89315636, -14.24533686 ], [ -73.89565498, -14.23462923 ], [ -73.89577386, -14.23189273 ], [ -73.89494098, -14.22939448 ], [ -73.89303748, -14.22725298 ], [ -73.89125286, -14.22594423 ], [ -73.88518523, -14.22356473 ], [ -73.88185398, -14.22189911 ], [ -73.87983148, -14.21951986 ], [ -73.87936873, -14.21834886 ], [ -73.87925461, -14.21669548 ], [ -73.88678023, -14.20968298 ], [ -73.90714036, -14.19173761 ], [ -73.94249823, -14.19884423 ], [ -73.95003398, -14.18572711 ], [ -73.95320211, -14.18171936 ], [ -73.95651998, -14.17841186 ], [ -73.95894723, -14.17404261 ], [ -73.95943261, -14.17199311 ], [ -73.95943261, -14.17015911 ], [ -73.96461086, -14.15893986 ], [ -73.96450298, -14.15354586 ], [ -73.96574361, -14.14545498 ], [ -73.96601323, -14.13704048 ], [ -73.96666048, -14.13553023 ], [ -73.97001561, -14.13350973 ], [ -73.97129923, -14.13116098 ], [ -73.97345686, -14.12889573 ], [ -73.97750223, -14.12641448 ], [ -73.98176348, -14.12517386 ], [ -73.98359736, -14.12166786 ], [ -73.98607861, -14.11897086 ], [ -73.98645611, -14.11773036 ], [ -73.98661798, -14.11433211 ], [ -73.98839798, -14.11260611 ], [ -73.98872161, -14.11174311 ], [ -73.98904523, -14.11050248 ], [ -73.98872161, -14.10769761 ], [ -73.98888348, -14.10591761 ], [ -73.98985423, -14.10187223 ], [ -73.98850586, -14.09351161 ], [ -73.98606061, -14.08984961 ], [ -73.98531623, -14.09257861 ], [ -73.98169211, -14.09707248 ], [ -73.98071386, -14.09968173 ], [ -73.97968086, -14.10421836 ], [ -73.97870661, -14.10598111 ], [ -73.97627136, -14.10795261 ], [ -73.97204998, -14.10985448 ], [ -73.97000898, -14.11022561 ], [ -73.95987311, -14.11068948 ], [ -73.95769173, -14.10990923 ], [ -73.95606423, -14.11004048 ], [ -73.95485673, -14.11025048 ], [ -73.95199536, -14.11224548 ], [ -73.95031536, -14.11271811 ], [ -73.94551161, -14.11164173 ], [ -73.94438286, -14.11195673 ], [ -73.94199398, -14.11368936 ], [ -73.93689936, -14.11591173 ], [ -73.93603636, -14.11595973 ], [ -73.93157698, -14.11490486 ], [ -73.92723723, -14.11483298 ], [ -73.92543923, -14.11524048 ], [ -73.92404998, -14.11506998 ], [ -73.92072998, -14.11580998 ], [ -73.91485998, -14.11893998 ], [ -73.91385998, -14.11886998 ], [ -73.91286998, -14.11957998 ], [ -73.91201998, -14.11962998 ], [ -73.91115998, -14.11832998 ], [ -73.91102998, -14.11459998 ], [ -73.90962998, -14.11205998 ], [ -73.91005998, -14.10961998 ], [ -73.90875998, -14.10810998 ], [ -73.90512836, -14.10221273 ], [ -73.90339998, -14.10016998 ], [ -73.90358998, -14.09861998 ], [ -73.90521998, -14.09534998 ], [ -73.90666998, -14.08980998 ], [ -73.90411998, -14.08503998 ], [ -73.90436998, -14.08140998 ], [ -73.90400998, -14.08098998 ], [ -73.90169998, -14.08082998 ], [ -73.90046998, -14.08018998 ], [ -73.89931998, -14.07884998 ], [ -73.89908998, -14.07825998 ], [ -73.89922998, -14.07593998 ], [ -73.89614998, -14.07066998 ], [ -73.89643998, -14.06930998 ], [ -73.89458998, -14.06768998 ], [ -73.89297998, -14.06408998 ], [ -73.89298998, -14.06290998 ], [ -73.89391998, -14.06149998 ], [ -73.89390998, -14.05994998 ], [ -73.89344998, -14.05922998 ], [ -73.89116998, -14.05829998 ], [ -73.89117998, -14.05642998 ], [ -73.88972998, -14.05514998 ], [ -73.88910998, -14.05299998 ], [ -73.88896998, -14.05103998 ], [ -73.88961998, -14.04822998 ], [ -73.88949998, -14.04632998 ], [ -73.88985998, -14.04566998 ], [ -73.89106998, -14.04519998 ], [ -73.89168998, -14.04422998 ], [ -73.89152998, -14.04332998 ], [ -73.89050998, -14.04150998 ], [ -73.89138998, -14.03871998 ], [ -73.89045998, -14.03592998 ], [ -73.89180998, -14.03325998 ], [ -73.89173998, -14.03216998 ], [ -73.88877998, -14.02813998 ], [ -73.88751998, -14.02388998 ], [ -73.88579998, -14.02251998 ], [ -73.88581998, -14.02030998 ], [ -73.88554998, -14.01966998 ], [ -73.88499998, -14.01887998 ], [ -73.88334998, -14.01796998 ], [ -73.88262998, -14.01662998 ], [ -73.88285998, -14.01595998 ], [ -73.88408998, -14.01505998 ], [ -73.88285998, -14.01229998 ], [ -73.88282998, -14.01084998 ], [ -73.88382998, -14.00911998 ], [ -73.88381998, -14.00790998 ], [ -73.88538998, -14.00589998 ], [ -73.88552998, -14.00178998 ], [ -73.88400998, -13.99915998 ], [ -73.88408998, -13.99830998 ], [ -73.88538998, -13.99643998 ], [ -73.88390998, -13.99396998 ], [ -73.88306998, -13.98978998 ], [ -73.88194998, -13.98749998 ], [ -73.88222998, -13.98479998 ], [ -73.88119123, -13.98258436 ], [ -73.88117686, -13.98190961 ], [ -73.88373236, -13.97864361 ], [ -73.88350261, -13.97561448 ], [ -73.88404798, -13.97407836 ], [ -73.88582836, -13.97284361 ], [ -73.88914223, -13.97265661 ], [ -73.88998573, -13.97159311 ], [ -73.89016898, -13.96922748 ], [ -73.88939898, -13.96625661 ], [ -73.89053586, -13.96414773 ], [ -73.89070098, -13.96005836 ], [ -73.88978398, -13.95657411 ], [ -73.88800523, -13.95356673 ], [ -73.88499773, -13.95153111 ], [ -73.88252211, -13.95052261 ], [ -73.88050498, -13.95046748 ], [ -73.87832273, -13.95255811 ], [ -73.87738748, -13.95253986 ], [ -73.87360973, -13.94810186 ], [ -73.87247286, -13.94579136 ], [ -73.87030898, -13.94454436 ], [ -73.87084073, -13.94194036 ], [ -73.86983211, -13.94144523 ], [ -73.86680636, -13.94148186 ], [ -73.86463148, -13.93895248 ], [ -73.86097973, -13.93635086 ], [ -73.85993111, -13.93518573 ], [ -73.85918561, -13.93250598 ], [ -73.85813686, -13.93047861 ], [ -73.85694848, -13.93026886 ], [ -73.85424536, -13.93071161 ], [ -73.85270748, -13.92875423 ], [ -73.85214823, -13.92744936 ], [ -73.85091323, -13.92607448 ], [ -73.84368948, -13.92243936 ], [ -73.84175536, -13.92188023 ], [ -73.83965811, -13.92188023 ], [ -73.83814348, -13.92234598 ], [ -73.83436848, -13.92190336 ], [ -73.83159548, -13.92050523 ], [ -73.82940511, -13.91894398 ], [ -73.82604961, -13.91453986 ], [ -73.82495436, -13.91234948 ], [ -73.82402223, -13.90874223 ], [ -73.82329986, -13.90715773 ], [ -73.82329986, -13.90394198 ], [ -73.82276398, -13.90153023 ], [ -73.82127261, -13.89892036 ], [ -73.81782386, -13.89605411 ], [ -73.81733448, -13.89208348 ], [ -73.81866261, -13.88949673 ], [ -73.81870936, -13.88828511 ], [ -73.81780061, -13.88651423 ], [ -73.81740448, -13.88446361 ], [ -73.81463148, -13.88194686 ], [ -73.81157898, -13.88024586 ], [ -73.81041373, -13.87887098 ], [ -73.80889911, -13.87456011 ], [ -73.80941173, -13.87055211 ], [ -73.80915536, -13.86901411 ], [ -73.80819998, -13.86784898 ], [ -73.80526398, -13.86584498 ], [ -73.80451948, -13.86448436 ], [ -73.80519386, -13.86018023 ], [ -73.80638236, -13.85596248 ], [ -73.80365611, -13.85144186 ], [ -73.80282248, -13.84804636 ], [ -73.80311023, -13.84312961 ], [ -73.80080823, -13.83776248 ], [ -73.80184661, -13.83622361 ], [ -73.80288511, -13.83365886 ], [ -73.80239711, -13.83293323 ], [ -73.79975736, -13.83154448 ], [ -73.79854373, -13.83053111 ], [ -73.79773061, -13.82926086 ], [ -73.79769936, -13.82860636 ], [ -73.79907061, -13.82608211 ], [ -73.80187536, -13.82327736 ], [ -73.80431061, -13.81795261 ], [ -73.80421086, -13.81537961 ], [ -73.80471148, -13.81311423 ], [ -73.80334561, -13.80745423 ], [ -73.80346048, -13.80447236 ], [ -73.80086473, -13.79920711 ], [ -73.80129536, -13.79820236 ], [ -73.80258711, -13.79730523 ], [ -73.80332273, -13.79613898 ], [ -73.80301773, -13.79513423 ], [ -73.80219236, -13.79470373 ], [ -73.79792236, -13.79421923 ], [ -73.79255786, -13.79246098 ], [ -73.78353323, -13.78632498 ], [ -73.78249261, -13.78605586 ], [ -73.77876086, -13.78623536 ], [ -73.77174573, -13.78555361 ], [ -73.77090248, -13.78510498 ], [ -73.77084848, -13.78451298 ], [ -73.77188923, -13.78270086 ], [ -73.77206861, -13.78090673 ], [ -73.77088448, -13.77927398 ], [ -73.76962861, -13.77830523 ], [ -73.76795998, -13.77869998 ], [ -73.76614798, -13.78029673 ], [ -73.76460498, -13.78088873 ], [ -73.76157286, -13.78076323 ], [ -73.75976086, -13.77991998 ], [ -73.75812811, -13.77835898 ], [ -73.75793073, -13.77751573 ], [ -73.75800248, -13.77665461 ], [ -73.75947373, -13.77303036 ], [ -73.75893548, -13.77071598 ], [ -73.75828961, -13.77019561 ], [ -73.75591961, -13.77015623 ], [ -73.75237811, -13.76899823 ], [ -73.74985386, -13.76658873 ], [ -73.74788773, -13.76336611 ], [ -73.74526186, -13.76596473 ], [ -73.74325786, -13.76982523 ] ] ] ] } },
{ "type": "Feature", "properties": { "id": "provincial.10", "departamen": "AYACUCHO", "provincia": "VICTOR FAJARDO", "id_prov": 10 }, "geometry": { "type": "MultiPolygon", "coordinates": [ [ [ [ -74.63995998, -13.55540998 ], [ -74.63880998, -13.55566998 ], [ -74.63622998, -13.55703998 ], [ -74.63239998, -13.55695998 ], [ -74.63009998, -13.55579998 ], [ -74.62716998, -13.55674998 ], [ -74.62574998, -13.55838998 ], [ -74.62375998, -13.55958998 ], [ -74.62199998, -13.56204998 ], [ -74.61918998, -13.56441998 ], [ -74.61576998, -13.56489998 ], [ -74.61324998, -13.56885998 ], [ -74.61161998, -13.57028998 ], [ -74.61073998, -13.57164998 ], [ -74.60843998, -13.57263998 ], [ -74.60603998, -13.57467998 ], [ -74.60248998, -13.57657998 ], [ -74.60071998, -13.57708998 ], [ -74.59912998, -13.57795998 ], [ -74.59687998, -13.57789998 ], [ -74.59262998, -13.57863998 ], [ -74.59037998, -13.58033998 ], [ -74.58707998, -13.58139998 ], [ -74.58532998, -13.58231998 ], [ -74.58205998, -13.58214998 ], [ -74.57667998, -13.58516998 ], [ -74.57540998, -13.58542998 ], [ -74.57047998, -13.58521998 ], [ -74.56875998, -13.58708998 ], [ -74.56456998, -13.58941998 ], [ -74.56225998, -13.58984998 ], [ -74.56083998, -13.59085998 ], [ -74.55776998, -13.59220998 ], [ -74.55670998, -13.59327998 ], [ -74.55666998, -13.59639998 ], [ -74.55315998, -13.59621998 ], [ -74.55103998, -13.59770998 ], [ -74.54819998, -13.59825998 ], [ -74.54570998, -13.59923998 ], [ -74.54381998, -13.59928998 ], [ -74.54162998, -13.60141998 ], [ -74.53796998, -13.60333998 ], [ -74.53518998, -13.60435998 ], [ -74.53456998, -13.60787998 ], [ -74.53396998, -13.60850998 ], [ -74.53281998, -13.60896998 ], [ -74.53128998, -13.60873998 ], [ -74.53021998, -13.60896998 ], [ -74.52839998, -13.61085998 ], [ -74.52430998, -13.61195998 ], [ -74.52383998, -13.61241998 ], [ -74.52303998, -13.61443998 ], [ -74.52223998, -13.61509998 ], [ -74.52105998, -13.61547998 ], [ -74.51987998, -13.61538998 ], [ -74.51811998, -13.61453998 ], [ -74.51509998, -13.61416998 ], [ -74.51423998, -13.61349998 ], [ -74.51379998, -13.61204998 ], [ -74.51397998, -13.61049998 ], [ -74.51474998, -13.61054998 ], [ -74.51586998, -13.60997998 ], [ -74.51729998, -13.60975998 ], [ -74.51815998, -13.60887998 ], [ -74.51953998, -13.60628998 ], [ -74.51859998, -13.60518998 ], [ -74.51786998, -13.60328998 ], [ -74.51618998, -13.60214998 ], [ -74.51428998, -13.60228998 ], [ -74.51060998, -13.60150998 ], [ -74.50697998, -13.59892998 ], [ -74.50583998, -13.59911998 ], [ -74.50371436, -13.60027211 ], [ -74.50296986, -13.60021011 ], [ -74.50240098, -13.59971373 ], [ -74.50167711, -13.59819348 ], [ -74.50057061, -13.59772823 ], [ -74.49429361, -13.59753173 ], [ -74.49124298, -13.59801773 ], [ -74.48980548, -13.59699398 ], [ -74.48785086, -13.59714911 ], [ -74.48401448, -13.59447073 ], [ -74.48231848, -13.59407761 ], [ -74.47907998, -13.59239998 ], [ -74.47552998, -13.59318998 ], [ -74.47259998, -13.59208998 ], [ -74.47006998, -13.59320998 ], [ -74.46342998, -13.58875998 ], [ -74.45943998, -13.58813998 ], [ -74.45639998, -13.58662998 ], [ -74.45197998, -13.58737998 ], [ -74.44374998, -13.58552998 ], [ -74.44265998, -13.58600998 ], [ -74.44178998, -13.58689998 ], [ -74.43837998, -13.58819998 ], [ -74.43497998, -13.58783998 ], [ -74.43224998, -13.59023998 ], [ -74.42821998, -13.59253998 ], [ -74.42402998, -13.59434998 ], [ -74.42134998, -13.59442998 ], [ -74.41984998, -13.59551998 ], [ -74.41601998, -13.59595998 ], [ -74.41426998, -13.59465998 ], [ -74.41027998, -13.59356998 ], [ -74.40718998, -13.59324998 ], [ -74.40355998, -13.59353998 ], [ -74.40070998, -13.59269998 ], [ -74.39798998, -13.59333998 ], [ -74.39547998, -13.59436998 ], [ -74.39215998, -13.59674998 ], [ -74.38552998, -13.59760998 ], [ -74.38275998, -13.59842998 ], [ -74.37953998, -13.59984998 ], [ -74.37669998, -13.60042998 ], [ -74.37420998, -13.60149998 ], [ -74.36994998, -13.60226998 ], [ -74.36838998, -13.60279998 ], [ -74.36664998, -13.60438998 ], [ -74.36500998, -13.60534998 ], [ -74.36356998, -13.60531998 ], [ -74.36042998, -13.60612998 ], [ -74.35904998, -13.60687998 ], [ -74.35763973, -13.60822948 ], [ -74.35549073, -13.60816161 ], [ -74.35389523, -13.61073361 ], [ -74.34823623, -13.61326286 ], [ -74.34592136, -13.61373448 ], [ -74.34214873, -13.61542786 ], [ -74.33989523, -13.61596998 ], [ -74.33867336, -13.61693811 ], [ -74.33567698, -13.61624648 ], [ -74.33217323, -13.61788323 ], [ -74.33155086, -13.61843636 ], [ -74.33079023, -13.62014211 ], [ -74.32903836, -13.62198623 ], [ -74.32666423, -13.62272373 ], [ -74.32449748, -13.62486748 ], [ -74.32219236, -13.62530548 ], [ -74.31951861, -13.62657323 ], [ -74.31629148, -13.62459086 ], [ -74.31367348, -13.62471311 ], [ -74.31173061, -13.62573573 ], [ -74.30883773, -13.62874536 ], [ -74.30775661, -13.62944661 ], [ -74.30701161, -13.62976798 ], [ -74.30528761, -13.62966573 ], [ -74.30400198, -13.62998711 ], [ -74.30132848, -13.63271911 ], [ -74.30019036, -13.63313486 ], [ -74.29754911, -13.63270961 ], [ -74.29493023, -13.63358248 ], [ -74.28908823, -13.63391823 ], [ -74.28734223, -13.63349298 ], [ -74.28020198, -13.63326911 ], [ -74.27856798, -13.63353773 ], [ -74.27729561, -13.63444423 ], [ -74.27628598, -13.63470023 ], [ -74.27520523, -13.63450111 ], [ -74.27005723, -13.63199823 ], [ -74.26620348, -13.63201248 ], [ -74.26260561, -13.63276611 ], [ -74.25973298, -13.63268086 ], [ -74.25835361, -13.63202673 ], [ -74.25602136, -13.62983673 ], [ -74.25517761, -13.62945961 ], [ -74.25063136, -13.63011373 ], [ -74.24901136, -13.63093461 ], [ -74.24810411, -13.63039448 ], [ -74.24723998, -13.62909848 ], [ -74.24646236, -13.62864486 ], [ -74.24367586, -13.62845048 ], [ -74.23827573, -13.63104261 ], [ -74.23639648, -13.63160423 ], [ -74.23479798, -13.63145298 ], [ -74.23240023, -13.62950886 ], [ -74.23157936, -13.62927111 ], [ -74.22907373, -13.62886086 ], [ -74.22617923, -13.62918486 ], [ -74.22326311, -13.62834248 ], [ -74.22028211, -13.62944423 ], [ -74.21252748, -13.63112898 ], [ -74.20766723, -13.63315948 ], [ -74.20600398, -13.63259786 ], [ -74.20260248, -13.63507848 ], [ -74.19914923, -13.63587898 ], [ -74.19640236, -13.63857886 ], [ -74.19530361, -13.63840611 ], [ -74.19362411, -13.63702498 ], [ -74.19233686, -13.63682073 ], [ -74.19181886, -13.63702498 ], [ -74.19075148, -13.63853173 ], [ -74.18871098, -13.63840611 ], [ -74.18668611, -13.63911261 ], [ -74.18393911, -13.63933223 ], [ -74.18225873, -13.63990598 ], [ -74.18043398, -13.63920573 ], [ -74.17788786, -13.63907848 ], [ -74.17591461, -13.63837823 ], [ -74.17532048, -13.63835711 ], [ -74.17377161, -13.63907848 ], [ -74.17283811, -13.63895111 ], [ -74.16791561, -13.63600186 ], [ -74.16647273, -13.63576848 ], [ -74.16426611, -13.63602311 ], [ -74.16242023, -13.63738111 ], [ -74.16176248, -13.63750836 ], [ -74.15947098, -13.63704161 ], [ -74.15442123, -13.63975748 ], [ -74.15369973, -13.63982111 ], [ -74.15123848, -13.63789023 ], [ -74.14807711, -13.63375286 ], [ -74.14739811, -13.63351948 ], [ -74.14238611, -13.63350986 ], [ -74.13893698, -13.63299373 ], [ -74.13673711, -13.63508486 ], [ -74.13356048, -13.63731336 ], [ -74.12856836, -13.63844061 ], [ -74.12763423, -13.63902036 ], [ -74.12444573, -13.64187073 ], [ -74.12241673, -13.64439911 ], [ -74.12086048, -13.64578773 ], [ -74.12008323, -13.64668886 ], [ -74.11908748, -13.64892498 ], [ -74.11851098, -13.64944911 ], [ -74.11622248, -13.64946648 ], [ -74.11409111, -13.64836586 ], [ -74.11279836, -13.64847073 ], [ -74.11232673, -13.64909973 ], [ -74.11241411, -13.65103886 ], [ -74.11094661, -13.65311773 ], [ -74.10769723, -13.65495198 ], [ -74.10377123, -13.65845673 ], [ -74.10245123, -13.65915148 ], [ -74.09902423, -13.66017036 ], [ -74.09798198, -13.66137448 ], [ -74.09770411, -13.66297236 ], [ -74.09839886, -13.66419961 ], [ -74.09976511, -13.66507961 ], [ -74.10041348, -13.66644586 ], [ -74.10001986, -13.66961836 ], [ -74.09946398, -13.67052136 ], [ -74.09873636, -13.67091211 ], [ -74.09619898, -13.67126248 ], [ -74.09323486, -13.67292973 ], [ -74.08791173, -13.67290173 ], [ -74.08345361, -13.67415648 ], [ -74.07886198, -13.67642561 ], [ -74.07663286, -13.67868136 ], [ -74.07119336, -13.67895311 ], [ -74.07043948, -13.67953561 ], [ -74.06977536, -13.68069536 ], [ -74.06639523, -13.68185811 ], [ -74.06527386, -13.68203161 ], [ -74.06118973, -13.68168461 ], [ -74.06034861, -13.68200498 ], [ -74.05777248, -13.68435411 ], [ -74.05645111, -13.68484798 ], [ -74.05467586, -13.68452761 ], [ -74.05307411, -13.68236536 ], [ -74.05168598, -13.68179136 ], [ -74.05089848, -13.68201823 ], [ -74.04967573, -13.68298948 ], [ -74.04830473, -13.68318111 ], [ -74.04616748, -13.68447823 ], [ -74.04171611, -13.68509736 ], [ -74.04064011, -13.68495011 ], [ -74.04009473, -13.68232623 ], [ -74.03792798, -13.68228198 ], [ -74.03716148, -13.68263573 ], [ -74.03633598, -13.68366761 ], [ -74.03667498, -13.68717561 ], [ -74.03590861, -13.68848748 ], [ -74.03390398, -13.68853173 ], [ -74.03105911, -13.68748523 ], [ -74.02952623, -13.68727886 ], [ -74.02391036, -13.68844323 ], [ -74.02225936, -13.68948986 ], [ -74.01960623, -13.69214298 ], [ -74.01388723, -13.69262936 ], [ -74.01155861, -13.69316011 ], [ -74.01002261, -13.69407123 ], [ -74.00813398, -13.69583173 ], [ -74.00512511, -13.69656798 ], [ -74.00365261, -13.69847261 ], [ -74.00320436, -13.70122548 ], [ -74.00197198, -13.70226586 ], [ -74.00078761, -13.70274598 ], [ -73.99926711, -13.70445848 ], [ -73.99797061, -13.70780748 ], [ -73.99816248, -13.70882836 ], [ -74.00011223, -13.71128461 ], [ -74.00024273, -13.71228261 ], [ -73.99947348, -13.71349623 ], [ -73.99736036, -13.71491748 ], [ -73.99691173, -13.71575898 ], [ -73.99779061, -13.71942386 ], [ -73.99915561, -13.72114423 ], [ -73.99960436, -13.72264011 ], [ -73.99810861, -13.72387436 ], [ -73.99543448, -13.72767023 ], [ -73.99311586, -13.72952148 ], [ -73.99203111, -13.73081173 ], [ -73.99075036, -13.73430286 ], [ -73.99040636, -13.73802773 ], [ -73.98876073, -13.74075023 ], [ -73.98692073, -13.74236586 ], [ -73.98518548, -13.74300911 ], [ -73.98312111, -13.74520823 ], [ -73.98030873, -13.74742211 ], [ -73.97818461, -13.75008486 ], [ -73.97622486, -13.75376486 ], [ -73.97332273, -13.75410898 ], [ -73.97223073, -13.75509623 ], [ -73.97091648, -13.76094798 ], [ -73.97010973, -13.76249561 ], [ -73.96961161, -13.76439711 ], [ -73.96783448, -13.76667248 ], [ -73.96693623, -13.76848886 ], [ -73.96567073, -13.77351173 ], [ -73.96483136, -13.77461998 ], [ -73.96061498, -13.77748548 ], [ -73.95997898, -13.77831823 ], [ -73.95854186, -13.78369236 ], [ -73.95846998, -13.78675873 ], [ -73.95796686, -13.78883098 ], [ -73.95563111, -13.78895061 ], [ -73.95159448, -13.79067561 ], [ -73.94871986, -13.79624536 ], [ -73.94632423, -13.79920398 ], [ -73.94458061, -13.79976386 ], [ -73.94348186, -13.79976386 ], [ -73.94011748, -13.79911261 ], [ -73.93847598, -13.79956036 ], [ -73.93656411, -13.80075236 ], [ -73.93521936, -13.80227111 ], [ -73.93338423, -13.80570398 ], [ -73.93177223, -13.80774011 ], [ -73.93064836, -13.81042311 ], [ -73.92941311, -13.81471598 ], [ -73.92841073, -13.81641711 ], [ -73.92602123, -13.81862436 ], [ -73.92240686, -13.82104411 ], [ -73.91974386, -13.82129723 ], [ -73.91846798, -13.82198573 ], [ -73.91822511, -13.82578261 ], [ -73.91777961, -13.82685586 ], [ -73.91417511, -13.82683561 ], [ -73.91309186, -13.82722036 ], [ -73.91181611, -13.82845561 ], [ -73.91129973, -13.82983248 ], [ -73.91113948, -13.83323498 ], [ -73.91043948, -13.83650211 ], [ -73.91190623, -13.84100248 ], [ -73.91147286, -13.84368611 ], [ -73.91055598, -13.84593623 ], [ -73.90903923, -13.84733661 ], [ -73.90815586, -13.84775323 ], [ -73.90687236, -13.84922011 ], [ -73.90693911, -13.85002023 ], [ -73.90782248, -13.85173711 ], [ -73.90715573, -13.85407061 ], [ -73.90805586, -13.86280486 ], [ -73.90768098, -13.86427473 ], [ -73.90715861, -13.86516298 ], [ -73.90605098, -13.86600923 ], [ -73.90351186, -13.86678248 ], [ -73.90140123, -13.86820361 ], [ -73.90117136, -13.86914398 ], [ -73.90290586, -13.87334448 ], [ -73.90291636, -13.87672986 ], [ -73.90064886, -13.87867336 ], [ -73.89828748, -13.87940473 ], [ -73.89739923, -13.88018848 ], [ -73.89627086, -13.88210061 ], [ -73.89666536, -13.88439573 ], [ -73.89640798, -13.88576886 ], [ -73.89366198, -13.89217636 ], [ -73.89040848, -13.89768536 ], [ -73.88866986, -13.89905136 ], [ -73.88691061, -13.89900998 ], [ -73.88610348, -13.89975511 ], [ -73.88626911, -13.90205248 ], [ -73.88556536, -13.90610911 ], [ -73.88556273, -13.90815336 ], [ -73.88463811, -13.91281648 ], [ -73.88478548, -13.91390186 ], [ -73.88548223, -13.91537586 ], [ -73.88537511, -13.91611286 ], [ -73.88268173, -13.91782798 ], [ -73.88144911, -13.91805573 ], [ -73.88008198, -13.91781461 ], [ -73.87809898, -13.91679623 ], [ -73.87657136, -13.91702398 ], [ -73.87547261, -13.91761361 ], [ -73.87523161, -13.91828348 ], [ -73.87630336, -13.92088311 ], [ -73.87607561, -13.92172736 ], [ -73.87523161, -13.92282611 ], [ -73.87005911, -13.92600186 ], [ -73.86707473, -13.92646198 ], [ -73.86600373, -13.92768036 ], [ -73.86648573, -13.92871123 ], [ -73.86878848, -13.93030436 ], [ -73.87040848, -13.93260723 ], [ -73.87119836, -13.93595423 ], [ -73.87103773, -13.93740023 ], [ -73.87031473, -13.93813648 ], [ -73.86901611, -13.93844448 ], [ -73.86696773, -13.93740023 ], [ -73.86305361, -13.93767898 ], [ -73.86463148, -13.93895248 ], [ -73.86680636, -13.94148186 ], [ -73.87054736, -13.94161023 ], [ -73.87085911, -13.94234373 ], [ -73.87023561, -13.94401248 ], [ -73.87030898, -13.94454436 ], [ -73.87247286, -13.94579136 ], [ -73.87360973, -13.94810186 ], [ -73.87738748, -13.95253986 ], [ -73.87832273, -13.95255811 ], [ -73.88050498, -13.95046748 ], [ -73.88252211, -13.95052261 ], [ -73.88499773, -13.95153111 ], [ -73.88800523, -13.95356673 ], [ -73.88978398, -13.95657411 ], [ -73.89038923, -13.95855461 ], [ -73.89070098, -13.96005836 ], [ -73.89053586, -13.96414773 ], [ -73.88939898, -13.96625661 ], [ -73.89020586, -13.96977761 ], [ -73.88978398, -13.97210648 ], [ -73.88848198, -13.97278498 ], [ -73.88582836, -13.97284361 ], [ -73.88404798, -13.97407836 ], [ -73.88350261, -13.97561448 ], [ -73.88373236, -13.97864361 ], [ -73.88117686, -13.98190961 ], [ -73.88119123, -13.98258436 ], [ -73.88222998, -13.98479998 ], [ -73.88194998, -13.98749998 ], [ -73.88306998, -13.98978998 ], [ -73.88390998, -13.99396998 ], [ -73.88538998, -13.99643998 ], [ -73.88408998, -13.99830998 ], [ -73.88400998, -13.99915998 ], [ -73.88552998, -14.00178998 ], [ -73.88538998, -14.00589998 ], [ -73.88381998, -14.00790998 ], [ -73.88382998, -14.00911998 ], [ -73.88282998, -14.01084998 ], [ -73.88285998, -14.01229998 ], [ -73.88408998, -14.01505998 ], [ -73.88285998, -14.01595998 ], [ -73.88262998, -14.01662998 ], [ -73.88334998, -14.01796998 ], [ -73.88499998, -14.01887998 ], [ -73.88554998, -14.01966998 ], [ -73.88581998, -14.02030998 ], [ -73.88579998, -14.02251998 ], [ -73.88751998, -14.02388998 ], [ -73.88877998, -14.02813998 ], [ -73.89173998, -14.03216998 ], [ -73.89180998, -14.03325998 ], [ -73.89045998, -14.03592998 ], [ -73.89138998, -14.03871998 ], [ -73.89050998, -14.04150998 ], [ -73.89152998, -14.04332998 ], [ -73.89168998, -14.04422998 ], [ -73.89106998, -14.04519998 ], [ -73.88985998, -14.04566998 ], [ -73.88949998, -14.04632998 ], [ -73.88961998, -14.04822998 ], [ -73.88896998, -14.05103998 ], [ -73.88910998, -14.05299998 ], [ -73.88972998, -14.05514998 ], [ -73.89117998, -14.05642998 ], [ -73.89116998, -14.05829998 ], [ -73.89344998, -14.05922998 ], [ -73.89390998, -14.05994998 ], [ -73.89391998, -14.06149998 ], [ -73.89298998, -14.06290998 ], [ -73.89297998, -14.06408998 ], [ -73.89458998, -14.06768998 ], [ -73.89643998, -14.06930998 ], [ -73.89614998, -14.07066998 ], [ -73.89922998, -14.07593998 ], [ -73.89908998, -14.07825998 ], [ -73.89931998, -14.07884998 ], [ -73.90046998, -14.08018998 ], [ -73.90169998, -14.08082998 ], [ -73.90400998, -14.08098998 ], [ -73.90436998, -14.08140998 ], [ -73.90411998, -14.08503998 ], [ -73.90666998, -14.08980998 ], [ -73.90521998, -14.09534998 ], [ -73.90358998, -14.09861998 ], [ -73.90339998, -14.10016998 ], [ -73.90512836, -14.10221273 ], [ -73.90875998, -14.10810998 ], [ -73.91005998, -14.10961998 ], [ -73.90962998, -14.11205998 ], [ -73.91102998, -14.11459998 ], [ -73.91115998, -14.11832998 ], [ -73.91201998, -14.11962998 ], [ -73.91286998, -14.11957998 ], [ -73.91385998, -14.11886998 ], [ -73.91485998, -14.11893998 ], [ -73.92072998, -14.11580998 ], [ -73.92404998, -14.11506998 ], [ -73.92543923, -14.11524048 ], [ -73.92723723, -14.11483298 ], [ -73.93157698, -14.11490486 ], [ -73.93603636, -14.11595973 ], [ -73.93689936, -14.11591173 ], [ -73.94199398, -14.11368936 ], [ -73.94438286, -14.11195673 ], [ -73.94551161, -14.11164173 ], [ -73.95031536, -14.11271811 ], [ -73.95199536, -14.11224548 ], [ -73.95485673, -14.11025048 ], [ -73.95606423, -14.11004048 ], [ -73.95769173, -14.10990923 ], [ -73.95987311, -14.11068948 ], [ -73.97000898, -14.11022561 ], [ -73.97204998, -14.10985448 ], [ -73.97627136, -14.10795261 ], [ -73.97870661, -14.10598111 ], [ -73.97968086, -14.10421836 ], [ -73.98071386, -14.09968173 ], [ -73.98169211, -14.09707248 ], [ -73.98531623, -14.09257861 ], [ -73.98606061, -14.08984961 ], [ -73.98850586, -14.09351161 ], [ -73.98985423, -14.10187223 ], [ -73.98888348, -14.10591761 ], [ -73.98872161, -14.10769761 ], [ -73.98904523, -14.11050248 ], [ -73.98839798, -14.11260611 ], [ -73.98661798, -14.11433211 ], [ -73.98629436, -14.11853936 ], [ -73.98359736, -14.12166786 ], [ -73.98176348, -14.12517386 ], [ -73.97750223, -14.12641448 ], [ -73.97345686, -14.12889573 ], [ -73.97129923, -14.13116098 ], [ -73.97001561, -14.13350973 ], [ -73.96666048, -14.13553023 ], [ -73.96601323, -14.13704048 ], [ -73.96574361, -14.14545498 ], [ -73.96450298, -14.15354586 ], [ -73.96461086, -14.15893986 ], [ -73.95943261, -14.17015911 ], [ -73.95943261, -14.17199311 ], [ -73.95894723, -14.17404261 ], [ -73.95651998, -14.17841186 ], [ -73.95320211, -14.18171936 ], [ -73.95003398, -14.18572711 ], [ -73.95041998, -14.18643998 ], [ -73.95170998, -14.18669998 ], [ -73.95440998, -14.18629998 ], [ -73.95552998, -14.18565998 ], [ -73.95841998, -14.18523998 ], [ -73.96073998, -14.18431998 ], [ -73.96190998, -14.18340998 ], [ -73.96243998, -14.18067998 ], [ -73.96322998, -14.17975998 ], [ -73.96368998, -14.17821998 ], [ -73.96422998, -14.17767998 ], [ -73.96638998, -14.17634998 ], [ -73.97235998, -14.17403998 ], [ -73.97749998, -14.17146998 ], [ -73.98080998, -14.17082998 ], [ -73.98303998, -14.16997998 ], [ -73.98416998, -14.16877998 ], [ -73.98404998, -14.16667998 ], [ -73.98475998, -14.16504998 ], [ -73.98557998, -14.16442998 ], [ -73.98765998, -14.16370998 ], [ -73.98866998, -14.16236998 ], [ -73.99112998, -14.16015998 ], [ -73.99619998, -14.15847998 ], [ -73.99691998, -14.15852998 ], [ -73.99816998, -14.15927998 ], [ -73.99915998, -14.15918998 ], [ -74.00074998, -14.15700998 ], [ -74.00360998, -14.15176998 ], [ -74.00417998, -14.15004998 ], [ -74.00406998, -14.14789998 ], [ -74.00554998, -14.14623998 ], [ -74.00948998, -14.14383998 ], [ -74.01058998, -14.14180998 ], [ -74.01311998, -14.13949998 ], [ -74.01420998, -14.13407998 ], [ -74.01502998, -14.13320998 ], [ -74.01626998, -14.13270998 ], [ -74.02160861, -14.12894448 ], [ -74.02506386, -14.12835461 ], [ -74.02602461, -14.12724211 ], [ -74.02643411, -14.12591123 ], [ -74.02694811, -14.11991498 ], [ -74.02826148, -14.11534636 ], [ -74.02963211, -14.11237686 ], [ -74.03185923, -14.10946436 ], [ -74.03385798, -14.10752273 ], [ -74.03694173, -14.09935636 ], [ -74.03791261, -14.09849986 ], [ -74.03916898, -14.09849986 ], [ -74.04191011, -14.09947061 ], [ -74.04802048, -14.10215461 ], [ -74.04979086, -14.10335386 ], [ -74.05340823, -14.10463286 ], [ -74.05735886, -14.10739886 ], [ -74.05866273, -14.10888911 ], [ -74.05877461, -14.11093823 ], [ -74.05907261, -14.11175786 ], [ -74.05970598, -14.11224211 ], [ -74.06304098, -14.11245511 ], [ -74.06568948, -14.11322461 ], [ -74.06787886, -14.11437311 ], [ -74.06949611, -14.11602348 ], [ -74.07057236, -14.11662498 ], [ -74.07500386, -14.11606448 ], [ -74.07730073, -14.11530473 ], [ -74.07974998, -14.11313673 ], [ -74.08123486, -14.11267986 ], [ -74.08209148, -14.11153773 ], [ -74.08374748, -14.10782573 ], [ -74.08346198, -14.10622673 ], [ -74.08174873, -14.10171523 ], [ -74.08174873, -14.09863148 ], [ -74.08209148, -14.09766073 ], [ -74.08283386, -14.09714673 ], [ -74.08608886, -14.09691823 ], [ -74.08700261, -14.09640423 ], [ -74.08757373, -14.09537636 ], [ -74.08751661, -14.09417711 ], [ -74.08546061, -14.08880898 ], [ -74.08271973, -14.08606811 ], [ -74.08066373, -14.08344098 ], [ -74.07883636, -14.08081411 ], [ -74.07797973, -14.07892948 ], [ -74.07683761, -14.07767323 ], [ -74.07518148, -14.07681661 ], [ -74.07392511, -14.07550311 ], [ -74.07284023, -14.07316173 ], [ -74.07249748, -14.06962111 ], [ -74.07301136, -14.06802211 ], [ -74.07266873, -14.06573786 ], [ -74.07314611, -14.06230973 ], [ -74.07228248, -14.05933011 ], [ -74.07141886, -14.05768923 ], [ -74.07150523, -14.05578923 ], [ -74.07215298, -14.05302548 ], [ -74.07167798, -14.04974361 ], [ -74.07241198, -14.04831861 ], [ -74.07241198, -14.04749811 ], [ -74.07185061, -14.04650498 ], [ -74.07029611, -14.04516636 ], [ -74.06554611, -14.04235948 ], [ -74.06317098, -14.03976848 ], [ -74.06304148, -14.03894811 ], [ -74.06412098, -14.03730711 ], [ -74.06653923, -14.02992298 ], [ -74.06792111, -14.02806611 ], [ -74.07317173, -14.02456723 ], [ -74.08025311, -14.02079823 ], [ -74.08156648, -14.01965598 ], [ -74.08573536, -14.01919911 ], [ -74.09070361, -14.01919911 ], [ -74.09310211, -14.01971323 ], [ -74.09492961, -14.02142636 ], [ -74.09847023, -14.02679461 ], [ -74.10001211, -14.02839348 ], [ -74.10212511, -14.02925011 ], [ -74.10572286, -14.03004961 ], [ -74.10857811, -14.03004961 ], [ -74.11604298, -14.02887298 ], [ -74.11480286, -14.02765111 ], [ -74.10994873, -14.02485286 ], [ -74.10703611, -14.02268273 ], [ -74.10297411, -14.01721336 ], [ -74.09929336, -14.00873661 ], [ -74.09918186, -14.00628273 ], [ -74.09935998, -14.00242998 ], [ -74.09994998, -14.00184998 ], [ -74.10079998, -13.99999998 ], [ -74.10096998, -13.99815998 ], [ -74.10202998, -13.99631998 ], [ -74.10138998, -13.99530998 ], [ -74.10198998, -13.99388998 ], [ -74.10166998, -13.99290998 ], [ -74.10241998, -13.99132998 ], [ -74.10885736, -13.99003586 ], [ -74.11893711, -13.98932536 ], [ -74.11644136, -13.98514773 ], [ -74.11497648, -13.97934236 ], [ -74.10331148, -13.96105823 ], [ -74.10135836, -13.95709761 ], [ -74.10103286, -13.95498161 ], [ -74.10097861, -13.95254011 ], [ -74.10309448, -13.94570386 ], [ -74.10416998, -13.93760998 ], [ -74.10526998, -13.93597998 ], [ -74.10506998, -13.93468998 ], [ -74.10665998, -13.93251998 ], [ -74.10940998, -13.92715998 ], [ -74.10728998, -13.92099998 ], [ -74.10714998, -13.91559998 ], [ -74.10659998, -13.91410998 ], [ -74.10794998, -13.91115998 ], [ -74.11044998, -13.90791998 ], [ -74.11149998, -13.90604998 ], [ -74.11231998, -13.90270998 ], [ -74.11131998, -13.90138998 ], [ -74.11198998, -13.89988998 ], [ -74.11213998, -13.89844998 ], [ -74.11287998, -13.89750998 ], [ -74.11397998, -13.89681998 ], [ -74.11431998, -13.89582998 ], [ -74.11657998, -13.89457998 ], [ -74.11734998, -13.89358998 ], [ -74.11909998, -13.89307998 ], [ -74.12057998, -13.89217998 ], [ -74.12159998, -13.89225998 ], [ -74.12253998, -13.89324998 ], [ -74.12313998, -13.89338998 ], [ -74.12432998, -13.89332998 ], [ -74.12642998, -13.89259998 ], [ -74.12839998, -13.89253998 ], [ -74.12944998, -13.89197998 ], [ -74.13209998, -13.88943998 ], [ -74.13284998, -13.88944998 ], [ -74.13370998, -13.89016998 ], [ -74.13496998, -13.89007998 ], [ -74.13663998, -13.88901998 ], [ -74.13751998, -13.88911998 ], [ -74.13849998, -13.88867998 ], [ -74.14086998, -13.88710998 ], [ -74.14121998, -13.88571998 ], [ -74.14245998, -13.88545998 ], [ -74.14298998, -13.88266998 ], [ -74.14176998, -13.88084998 ], [ -74.14350998, -13.87772998 ], [ -74.14598998, -13.87640998 ], [ -74.14764998, -13.87669998 ], [ -74.14958998, -13.87638998 ], [ -74.15157998, -13.87512998 ], [ -74.15368998, -13.87445998 ], [ -74.15420998, -13.87352998 ], [ -74.15517998, -13.87286998 ], [ -74.15635998, -13.87039998 ], [ -74.15836061, -13.86797948 ], [ -74.15919661, -13.86383911 ], [ -74.15906998, -13.86200261 ], [ -74.15995661, -13.85440286 ], [ -74.15915623, -13.84819723 ], [ -74.15926986, -13.84414111 ], [ -74.15976473, -13.84137036 ], [ -74.16134798, -13.83879761 ], [ -74.16563661, -13.83490261 ], [ -74.17024486, -13.83241786 ], [ -74.17516911, -13.83047523 ], [ -74.17566598, -13.82785486 ], [ -74.17729248, -13.82532498 ], [ -74.18375286, -13.82162036 ], [ -74.18592123, -13.81976811 ], [ -74.18799961, -13.81529548 ], [ -74.18901623, -13.81386273 ], [ -74.19346261, -13.81204373 ], [ -74.19642686, -13.81143748 ], [ -74.19972436, -13.81267786 ], [ -74.20270311, -13.81302823 ], [ -74.20561186, -13.81267786 ], [ -74.20834536, -13.81134611 ], [ -74.21135923, -13.80899811 ], [ -74.21258573, -13.80545848 ], [ -74.21304148, -13.80482773 ], [ -74.21402273, -13.80440723 ], [ -74.21640573, -13.80451236 ], [ -74.22425586, -13.80636973 ], [ -74.22737486, -13.80615948 ], [ -74.22786548, -13.80493286 ], [ -74.22793561, -13.80346098 ], [ -74.22576273, -13.79981623 ], [ -74.22835611, -13.79196623 ], [ -74.22947761, -13.78972323 ], [ -74.23147511, -13.78783086 ], [ -74.23305211, -13.78695473 ], [ -74.23592586, -13.78611361 ], [ -74.23687211, -13.78555298 ], [ -74.23906673, -13.78532948 ], [ -74.24011811, -13.78458486 ], [ -74.24090673, -13.78344586 ], [ -74.24212836, -13.77930473 ], [ -74.24375523, -13.77748248 ], [ -74.24570086, -13.77285711 ], [ -74.24753036, -13.77070798 ], [ -74.24860498, -13.76879111 ], [ -74.24953436, -13.76577061 ], [ -74.25113173, -13.76275011 ], [ -74.25405661, -13.75899461 ], [ -74.26042898, -13.76132223 ], [ -74.26306198, -13.76132223 ], [ -74.26462636, -13.76078798 ], [ -74.27321198, -13.75613273 ], [ -74.27809611, -13.75834586 ], [ -74.28244611, -13.75865111 ], [ -74.28626198, -13.75727748 ], [ -74.29805273, -13.75601823 ], [ -74.29992248, -13.75437748 ], [ -74.30225011, -13.75311823 ], [ -74.30556986, -13.75281298 ], [ -74.30667636, -13.75212611 ], [ -74.30721061, -13.74831036 ], [ -74.30950011, -13.74682223 ], [ -74.31388823, -13.74033536 ], [ -74.31555961, -13.73363973 ], [ -74.31899573, -13.73959211 ], [ -74.31902286, -13.74095848 ], [ -74.31811998, -13.74461998 ], [ -74.31844998, -13.74657998 ], [ -74.31939998, -13.74730998 ], [ -74.32028998, -13.74753998 ], [ -74.32510998, -13.75164998 ], [ -74.32504998, -13.75230998 ], [ -74.32373998, -13.75292998 ], [ -74.32292998, -13.75399998 ], [ -74.32253998, -13.75660998 ], [ -74.32322998, -13.75815998 ], [ -74.32333998, -13.75949998 ], [ -74.32268, -13.76283761 ], [ -74.33138361, -13.76370361 ], [ -74.33416711, -13.76165486 ], [ -74.33572598, -13.76105361 ], [ -74.34042473, -13.75831448 ], [ -74.34639273, -13.75296998 ], [ -74.34851998, -13.75026323 ], [ -74.34925761, -13.74833586 ], [ -74.34956698, -13.74590898 ], [ -74.35030461, -13.74502848 ], [ -74.35280311, -13.74419561 ], [ -74.35727648, -13.74155448 ], [ -74.36452361, -13.73651698 ], [ -74.36760711, -13.73592011 ], [ -74.36959811, -13.73633873 ], [ -74.37128736, -13.73691486 ], [ -74.37233611, -13.73836173 ], [ -74.37158411, -13.74025811 ], [ -74.37151861, -13.74454136 ], [ -74.36985111, -13.74555498 ], [ -74.36903373, -13.74653586 ], [ -74.36592748, -13.75160386 ], [ -74.36631686, -13.75563473 ], [ -74.36570373, -13.75764761 ], [ -74.36507536, -13.75831198 ], [ -74.36343711, -13.75869186 ], [ -74.36248736, -13.75940423 ], [ -74.36855736, -13.76382586 ], [ -74.37354236, -13.76683998 ], [ -74.37446986, -13.76788348 ], [ -74.39243923, -13.78040398 ], [ -74.39609098, -13.78150536 ], [ -74.40090223, -13.78191111 ], [ -74.40884348, -13.78440373 ], [ -74.41330673, -13.78683823 ], [ -74.41464086, -13.78710973 ], [ -74.41613036, -13.78685273 ], [ -74.41763998, -13.78817998 ], [ -74.41726998, -13.78958998 ], [ -74.41787998, -13.79106998 ], [ -74.41948998, -13.79211998 ], [ -74.42265998, -13.79310998 ], [ -74.42345998, -13.79362998 ], [ -74.42553998, -13.79640998 ], [ -74.42586998, -13.79755998 ], [ -74.42777998, -13.79561998 ], [ -74.43107998, -13.79447998 ], [ -74.43401998, -13.79467998 ], [ -74.43526998, -13.79292998 ], [ -74.43740998, -13.79236998 ], [ -74.43847998, -13.79098998 ], [ -74.44080998, -13.78971998 ], [ -74.44194998, -13.78723998 ], [ -74.44374998, -13.78512998 ], [ -74.44605998, -13.78322998 ], [ -74.44683998, -13.78152998 ], [ -74.44757998, -13.78115998 ], [ -74.44949998, -13.77924998 ], [ -74.45282998, -13.77804998 ], [ -74.45333998, -13.77762998 ], [ -74.45422998, -13.77545998 ], [ -74.45601998, -13.77523998 ], [ -74.46005998, -13.77378998 ], [ -74.46203998, -13.77414998 ], [ -74.46406998, -13.77317998 ], [ -74.46603998, -13.77275998 ], [ -74.46693998, -13.77190998 ], [ -74.46984998, -13.77028998 ], [ -74.47020998, -13.76978998 ], [ -74.46993998, -13.76877998 ], [ -74.47101998, -13.76814998 ], [ -74.47101998, -13.76681998 ], [ -74.47174998, -13.76607998 ], [ -74.47362998, -13.76547998 ], [ -74.47506998, -13.76430998 ], [ -74.47549998, -13.76335998 ], [ -74.47731998, -13.76244998 ], [ -74.47893998, -13.76076998 ], [ -74.48103998, -13.76080998 ], [ -74.48292998, -13.76037998 ], [ -74.48530998, -13.76059998 ], [ -74.48904998, -13.75915998 ], [ -74.49047998, -13.75915998 ], [ -74.49119998, -13.75879998 ], [ -74.49261998, -13.75725998 ], [ -74.49260998, -13.75559998 ], [ -74.49315998, -13.75470998 ], [ -74.49320998, -13.75379998 ], [ -74.49226998, -13.75332998 ], [ -74.49201998, -13.75261998 ], [ -74.49258998, -13.74702998 ], [ -74.49415998, -13.74421998 ], [ -74.49712998, -13.74119998 ], [ -74.49806998, -13.74110998 ], [ -74.49999998, -13.74174998 ], [ -74.50150998, -13.74083998 ], [ -74.50300998, -13.74069998 ], [ -74.50431998, -13.73870998 ], [ -74.50546998, -13.73844998 ], [ -74.50648998, -13.73772998 ], [ -74.50904998, -13.73805998 ], [ -74.51156998, -13.73759998 ], [ -74.51302998, -13.73845998 ], [ -74.51431998, -13.73756998 ], [ -74.51662998, -13.73745998 ], [ -74.52068998, -13.73585998 ], [ -74.52134998, -13.73502998 ], [ -74.52163998, -13.73403998 ], [ -74.52362998, -13.73294998 ], [ -74.52405998, -13.73224998 ], [ -74.52396998, -13.72973998 ], [ -74.52334998, -13.72770998 ], [ -74.52351998, -13.72540998 ], [ -74.52424998, -13.72168998 ], [ -74.52483998, -13.72051998 ], [ -74.52607998, -13.71533998 ], [ -74.52977998, -13.71019998 ], [ -74.53064998, -13.70955998 ], [ -74.53334998, -13.71020998 ], [ -74.53420998, -13.70995998 ], [ -74.53483998, -13.70912998 ], [ -74.53524998, -13.70907998 ], [ -74.53664998, -13.71094998 ], [ -74.53893998, -13.71279998 ], [ -74.54072998, -13.71398998 ], [ -74.54279998, -13.71472998 ], [ -74.54736998, -13.71822998 ], [ -74.55920998, -13.71920998 ], [ -74.56230998, -13.71859998 ], [ -74.56645998, -13.71827998 ], [ -74.56938998, -13.71637998 ], [ -74.57191998, -13.71550998 ], [ -74.57620998, -13.71174998 ], [ -74.58345998, -13.70666998 ], [ -74.58601998, -13.70402998 ], [ -74.58653998, -13.70305998 ], [ -74.58666273, -13.70177223 ], [ -74.58734798, -13.70063011 ], [ -74.58923261, -13.69851698 ], [ -74.59167998, -13.69678998 ], [ -74.59384998, -13.69762998 ], [ -74.59647998, -13.69711998 ], [ -74.59798998, -13.69642998 ], [ -74.60086998, -13.69646998 ], [ -74.60451998, -13.69534998 ], [ -74.60997998, -13.69533998 ], [ -74.61385998, -13.69631998 ], [ -74.61496998, -13.69598998 ], [ -74.61930998, -13.69637998 ], [ -74.62015998, -13.69605998 ], [ -74.62130998, -13.69770998 ], [ -74.62127998, -13.69872998 ], [ -74.61883998, -13.70147998 ], [ -74.61861998, -13.70473998 ], [ -74.61665998, -13.70775998 ], [ -74.61667998, -13.71025998 ], [ -74.61817998, -13.71218998 ], [ -74.62129998, -13.71382998 ], [ -74.62187998, -13.71663998 ], [ -74.62391998, -13.71860998 ], [ -74.62366998, -13.72095998 ], [ -74.62412998, -13.72226998 ], [ -74.62687998, -13.72547998 ], [ -74.62879998, -13.72838998 ], [ -74.63058998, -13.72948998 ], [ -74.63122998, -13.73042998 ], [ -74.63240998, -13.73103998 ], [ -74.63352998, -13.73213998 ], [ -74.63445998, -13.73839998 ], [ -74.63512998, -13.73982998 ], [ -74.63602998, -13.74061998 ], [ -74.63668998, -13.74064998 ], [ -74.63811998, -13.73936998 ], [ -74.63878998, -13.73976998 ], [ -74.63914998, -13.74080998 ], [ -74.64128998, -13.74226998 ], [ -74.64277998, -13.74263998 ], [ -74.64487998, -13.74250998 ], [ -74.64587998, -13.74304998 ], [ -74.64744998, -13.74320998 ], [ -74.64884998, -13.74413998 ], [ -74.65512998, -13.74417998 ], [ -74.65726998, -13.74468998 ], [ -74.65820998, -13.74542998 ], [ -74.66067998, -13.74611998 ], [ -74.66204998, -13.74549998 ], [ -74.66256998, -13.74584998 ], [ -74.66330998, -13.74567998 ], [ -74.66494998, -13.74606998 ], [ -74.66638998, -13.74555998 ], [ -74.66809998, -13.74643998 ], [ -74.67095998, -13.74701998 ], [ -74.67202998, -13.74691998 ], [ -74.67305998, -13.74752998 ], [ -74.67614998, -13.74611998 ], [ -74.67909998, -13.74570998 ], [ -74.68062998, -13.74477998 ], [ -74.68201998, -13.74473998 ], [ -74.68454998, -13.74313998 ], [ -74.68589998, -13.74364998 ], [ -74.68673998, -13.74344998 ], [ -74.68778998, -13.74368998 ], [ -74.68957998, -13.74305998 ], [ -74.69086998, -13.74326998 ], [ -74.69182998, -13.74303998 ], [ -74.69764998, -13.74535998 ], [ -74.70015998, -13.74576998 ], [ -74.70143998, -13.74655998 ], [ -74.70444998, -13.74624998 ], [ -74.70727998, -13.74525998 ], [ -74.71110998, -13.74783998 ], [ -74.71212998, -13.74747998 ], [ -74.71314998, -13.74799998 ], [ -74.71419998, -13.74799998 ], [ -74.71729998, -13.74902998 ], [ -74.71906998, -13.75048998 ], [ -74.72203998, -13.75137998 ], [ -74.72753998, -13.75429998 ], [ -74.73303998, -13.75622998 ], [ -74.73611998, -13.75799998 ], [ -74.74059998, -13.75964998 ], [ -74.74173998, -13.75929998 ], [ -74.74497998, -13.76009998 ], [ -74.74714998, -13.75984998 ], [ -74.75169998, -13.76133998 ], [ -74.75348998, -13.76142998 ], [ -74.75647998, -13.76322998 ], [ -74.76009811, -13.76794811 ], [ -74.76141598, -13.76910786 ], [ -74.76559373, -13.77191598 ], [ -74.76652536, -13.77223436 ], [ -74.76585361, -13.76908598 ], [ -74.76294161, -13.76309123 ], [ -74.76014436, -13.75996486 ], [ -74.75954098, -13.75771598 ], [ -74.76157036, -13.75080511 ], [ -74.76118648, -13.74883061 ], [ -74.75619523, -13.74197448 ], [ -74.75465948, -13.73923211 ], [ -74.75389061, -13.73697661 ], [ -74.75438523, -13.73396673 ], [ -74.75707286, -13.73018211 ], [ -74.76036373, -13.72694611 ], [ -74.76343523, -13.72327123 ], [ -74.77248523, -13.71877361 ], [ -74.77369198, -13.71696361 ], [ -74.77539123, -13.71053848 ], [ -74.77425386, -13.70424411 ], [ -74.77435011, -13.70204486 ], [ -74.77473398, -13.70072836 ], [ -74.77456948, -13.69513398 ], [ -74.77308861, -13.69299498 ], [ -74.77248523, -13.69151398 ], [ -74.77435011, -13.68301248 ], [ -74.77402098, -13.68153161 ], [ -74.77435011, -13.67780186 ], [ -74.77397073, -13.67162698 ], [ -74.77533736, -13.66831311 ], [ -74.77802498, -13.66365098 ], [ -74.77879286, -13.65542373 ], [ -74.78076736, -13.65098098 ], [ -74.78115136, -13.64818373 ], [ -74.77970898, -13.64296098 ], [ -74.77766423, -13.64088873 ], [ -74.77484961, -13.63875198 ], [ -74.77484961, -13.63714261 ], [ -74.77600198, -13.63354473 ], [ -74.77797661, -13.63000198 ], [ -74.77821286, -13.62740823 ], [ -74.77742161, -13.62448923 ], [ -74.77407586, -13.61999161 ], [ -74.77297886, -13.61670073 ], [ -74.77204648, -13.61532948 ], [ -74.77150261, -13.61364348 ], [ -74.77111411, -13.61011886 ], [ -74.77138823, -13.60649886 ], [ -74.77237561, -13.60364673 ], [ -74.77507036, -13.59914861 ], [ -74.77572661, -13.59362311 ], [ -74.77667973, -13.59080273 ], [ -74.77696286, -13.58866998 ], [ -74.77990823, -13.58216211 ], [ -74.78241998, -13.57850998 ], [ -74.78096998, -13.57855998 ], [ -74.77884998, -13.57785998 ], [ -74.77317998, -13.57941998 ], [ -74.77175998, -13.57932998 ], [ -74.77051998, -13.57981998 ], [ -74.76844998, -13.57949998 ], [ -74.76750998, -13.57978998 ], [ -74.76664998, -13.58018998 ], [ -74.76590998, -13.58108998 ], [ -74.76605998, -13.58339998 ], [ -74.76419998, -13.58376998 ], [ -74.76138998, -13.58517998 ], [ -74.75914998, -13.58558998 ], [ -74.75808998, -13.58644998 ], [ -74.75766998, -13.58811998 ], [ -74.75728998, -13.58849998 ], [ -74.75677998, -13.58861998 ], [ -74.75604998, -13.58756998 ], [ -74.75539998, -13.58765998 ], [ -74.75409998, -13.58915998 ], [ -74.75314998, -13.58944998 ], [ -74.75226998, -13.58938998 ], [ -74.75108998, -13.58854998 ], [ -74.75022998, -13.58640998 ], [ -74.75011998, -13.58418998 ], [ -74.74940998, -13.58314998 ], [ -74.74736998, -13.58296998 ], [ -74.74553998, -13.58490998 ], [ -74.74494998, -13.58498998 ], [ -74.74459998, -13.58484998 ], [ -74.74417998, -13.58368998 ], [ -74.74138998, -13.58216998 ], [ -74.74052998, -13.58068998 ], [ -74.73981998, -13.58016998 ], [ -74.73907998, -13.58027998 ], [ -74.73774998, -13.58119998 ], [ -74.73697998, -13.58327998 ], [ -74.73529998, -13.58393998 ], [ -74.73420998, -13.58364998 ], [ -74.73287998, -13.58260998 ], [ -74.72888998, -13.58387998 ], [ -74.72746998, -13.58390998 ], [ -74.72534998, -13.58231998 ], [ -74.72015998, -13.58100998 ], [ -74.71578998, -13.58178998 ], [ -74.71439998, -13.58339998 ], [ -74.71247998, -13.58353998 ], [ -74.71087998, -13.58495998 ], [ -74.70948998, -13.58515998 ], [ -74.70771998, -13.58333998 ], [ -74.70475998, -13.58355998 ], [ -74.70389998, -13.58274998 ], [ -74.70164998, -13.58161998 ], [ -74.70031998, -13.58184998 ], [ -74.69848998, -13.58271998 ], [ -74.69706998, -13.58245998 ], [ -74.69529998, -13.58268998 ], [ -74.69287998, -13.58140998 ], [ -74.69210998, -13.58051998 ], [ -74.68998998, -13.58082998 ], [ -74.68856998, -13.58059998 ], [ -74.68452998, -13.57778998 ], [ -74.68425998, -13.57709998 ], [ -74.68455998, -13.57426998 ], [ -74.68379998, -13.57325998 ], [ -74.68225998, -13.57298998 ], [ -74.67800998, -13.57454998 ], [ -74.67681998, -13.57463998 ], [ -74.67532998, -13.57231998 ], [ -74.67245998, -13.57014998 ], [ -74.67054998, -13.56721998 ], [ -74.66759998, -13.56430998 ], [ -74.66574998, -13.56112998 ], [ -74.66497998, -13.56034998 ], [ -74.66299003, -13.56037997 ], [ -74.65965998, -13.56354998 ], [ -74.65832998, -13.56400998 ], [ -74.65759998, -13.56357998 ], [ -74.65691998, -13.56209998 ], [ -74.65706998, -13.55840998 ], [ -74.65515998, -13.55663998 ], [ -74.65397998, -13.55686998 ], [ -74.65261998, -13.55802998 ], [ -74.64977998, -13.55960998 ], [ -74.64862998, -13.55969998 ], [ -74.64484998, -13.55789998 ], [ -74.64166998, -13.55679998 ], [ -74.64077998, -13.55569998 ], [ -74.63995998, -13.55540998 ] ] ] ] } },
{ "type": "Feature", "properties": { "id": "provincial.11", "departamen": "AYACUCHO", "provincia": "VILCAS HUAMÁN", "id_prov": 11 }, "geometry": { "type": "MultiPolygon", "coordinates": [ [ [ [ -74.04518508, -13.44003729 ], [ -74.04481508, -13.44089707 ], [ -74.04166356, -13.44059803 ], [ -74.03924322, -13.44080411 ], [ -74.03821477, -13.44130254 ], [ -74.0366645, -13.44395192 ], [ -74.03585714, -13.44416413 ], [ -74.02897271, -13.44227178 ], [ -74.02728727, -13.44204997 ], [ -74.02640369, -13.4429795 ], [ -74.02479273, -13.44247092 ], [ -74.02421296, -13.44079415 ], [ -74.02165171, -13.43958813 ], [ -74.0173671, -13.44148518 ], [ -74.01308537, -13.44266451 ], [ -74.01064096, -13.44277453 ], [ -74.00685584, -13.44204198 ], [ -74.0039276, -13.44095394 ], [ -73.99989864, -13.44010072 ], [ -73.99696598, -13.44008906 ], [ -73.99251333, -13.44133464 ], [ -73.99441905, -13.45524847 ], [ -73.98882618, -13.46010601 ], [ -73.98657401, -13.46095811 ], [ -73.98403434, -13.46137451 ], [ -73.98363121, -13.46264592 ], [ -73.98397946, -13.46605655 ], [ -73.98510221, -13.46875042 ], [ -73.98532283, -13.4708833 ], [ -73.98591121, -13.47198655 ], [ -73.98907383, -13.47456055 ], [ -73.99216283, -13.47610517 ], [ -73.99275121, -13.47720842 ], [ -73.99238346, -13.47838517 ], [ -73.99164783, -13.47970905 ], [ -73.99047121, -13.4808858 ], [ -73.98398521, -13.48157017 ], [ -73.97884033, -13.48432642 ], [ -73.97648671, -13.48639755 ], [ -73.97620995, -13.48731817 ], [ -73.9762788, -13.4909615 ], [ -73.97753197, -13.49517675 ], [ -73.97107131, -13.49687266 ], [ -73.96920943, -13.49782186 ], [ -73.96783355, -13.49944284 ], [ -73.96597206, -13.50029633 ], [ -73.9573172, -13.5012698 ], [ -73.95215008, -13.50094692 ], [ -73.94710669, -13.49887826 ], [ -73.94309865, -13.49867003 ], [ -73.93850608, -13.49798085 ], [ -73.93577341, -13.49682107 ], [ -73.9333222, -13.49834159 ], [ -73.93018865, -13.49938077 ], [ -73.92608201, -13.49936322 ], [ -73.92175019, -13.49727964 ], [ -73.91895019, -13.49493964 ], [ -73.91628019, -13.49338964 ], [ -73.91020019, -13.48805964 ], [ -73.90791019, -13.48688964 ], [ -73.90691019, -13.48457964 ], [ -73.90555019, -13.48340964 ], [ -73.90409019, -13.48340964 ], [ -73.90040019, -13.48248964 ], [ -73.89917019, -13.48334964 ], [ -73.89656019, -13.48608964 ], [ -73.89554019, -13.48636964 ], [ -73.89469019, -13.48622964 ], [ -73.89290019, -13.48511964 ], [ -73.89085019, -13.48490964 ], [ -73.88796019, -13.48397964 ], [ -73.88645019, -13.48164964 ], [ -73.88640019, -13.48052964 ], [ -73.88449019, -13.47893964 ], [ -73.88451019, -13.47725964 ], [ -73.88282019, -13.47524964 ], [ -73.88008019, -13.47343964 ], [ -73.87759017, -13.47320962 ], [ -73.87536019, -13.47024964 ], [ -73.87250019, -13.46794964 ], [ -73.86503019, -13.46522964 ], [ -73.85868019, -13.46619964 ], [ -73.85434019, -13.46818964 ], [ -73.85186019, -13.46888964 ], [ -73.84874019, -13.46862964 ], [ -73.84369019, -13.46906964 ], [ -73.84184019, -13.46870964 ], [ -73.83670019, -13.47053964 ], [ -73.83479906, -13.47017583 ], [ -73.83455773, -13.47080361 ], [ -73.83147061, -13.47368911 ], [ -73.83100161, -13.47618836 ], [ -73.82998498, -13.47743723 ], [ -73.82626736, -13.48070473 ], [ -73.82311611, -13.48433523 ], [ -73.82192886, -13.48856548 ], [ -73.82239948, -13.48985048 ], [ -73.82272461, -13.49244411 ], [ -73.82121961, -13.49944861 ], [ -73.81999436, -13.50292023 ], [ -73.81717248, -13.50531623 ], [ -73.81646461, -13.50689848 ], [ -73.81424373, -13.50921248 ], [ -73.81391761, -13.51079661 ], [ -73.81486498, -13.51464823 ], [ -73.81475648, -13.51652598 ], [ -73.81387736, -13.51809173 ], [ -73.81081248, -13.52179711 ], [ -73.81046998, -13.52346998 ], [ -73.81054998, -13.52559998 ], [ -73.81145886, -13.52808136 ], [ -73.81072198, -13.53052736 ], [ -73.80912486, -13.53379673 ], [ -73.80970823, -13.53633811 ], [ -73.80976486, -13.53846823 ], [ -73.80893798, -13.54129586 ], [ -73.80572598, -13.54738611 ], [ -73.80540448, -13.55053811 ], [ -73.80384498, -13.55491598 ], [ -73.80360723, -13.55652873 ], [ -73.80366573, -13.55788248 ], [ -73.80408923, -13.55901211 ], [ -73.80670111, -13.56139836 ], [ -73.80709561, -13.56243173 ], [ -73.80684886, -13.57026298 ], [ -73.80493248, -13.57641811 ], [ -73.80295961, -13.57918948 ], [ -73.80117461, -13.58102148 ], [ -73.80146336, -13.58212423 ], [ -73.80225498, -13.58301786 ], [ -73.80248986, -13.58506123 ], [ -73.79915473, -13.59041611 ], [ -73.79870848, -13.59248298 ], [ -73.79946011, -13.59396261 ], [ -73.79931911, -13.59614686 ], [ -73.79667598, -13.60123023 ], [ -73.79579611, -13.60432023 ], [ -73.79645373, -13.60544761 ], [ -73.79814461, -13.60699773 ], [ -73.80202011, -13.60887673 ], [ -73.80364073, -13.61009798 ], [ -73.80577798, -13.61265811 ], [ -73.80594236, -13.61376198 ], [ -73.80541011, -13.61573386 ], [ -73.80378023, -13.61826973 ], [ -73.79899036, -13.62278086 ], [ -73.79762811, -13.62646836 ], [ -73.79748811, -13.63004686 ], [ -73.79677423, -13.63172548 ], [ -73.79624561, -13.63428661 ], [ -73.79555848, -13.63554598 ], [ -73.79412498, -13.63771773 ], [ -73.79345998, -13.63808998 ], [ -73.79192086, -13.64095961 ], [ -73.79135711, -13.64128836 ], [ -73.78872661, -13.64166411 ], [ -73.78452248, -13.64025498 ], [ -73.78271998, -13.64079998 ], [ -73.77940236, -13.64450598 ], [ -73.77644311, -13.64497573 ], [ -73.77287311, -13.64485836 ], [ -73.77049998, -13.64545998 ], [ -73.76563923, -13.64943823 ], [ -73.76498036, -13.64960098 ], [ -73.76114723, -13.64832161 ], [ -73.76008873, -13.64870461 ], [ -73.75856061, -13.64988886 ], [ -73.75665223, -13.65073686 ], [ -73.75462836, -13.65408623 ], [ -73.75065111, -13.65627536 ], [ -73.74847723, -13.65668161 ], [ -73.74725486, -13.65653873 ], [ -73.74501673, -13.65546723 ], [ -73.74361973, -13.65556248 ], [ -73.74203236, -13.65726098 ], [ -73.73774648, -13.66078498 ], [ -73.73435261, -13.66593611 ], [ -73.73347648, -13.66672986 ], [ -73.73154761, -13.66808698 ], [ -73.72875386, -13.66808698 ], [ -73.72776173, -13.66907911 ], [ -73.72818236, -13.67179361 ], [ -73.73011623, -13.67677386 ], [ -73.73024161, -13.67868386 ], [ -73.72973986, -13.68095623 ], [ -73.72848511, -13.68314498 ], [ -73.72713273, -13.68431611 ], [ -73.72624048, -13.68446936 ], [ -73.72305986, -13.68189211 ], [ -73.72179748, -13.68139823 ], [ -73.72126761, -13.68163498 ], [ -73.71733598, -13.68675586 ], [ -73.71423898, -13.68966748 ], [ -73.71348998, -13.69115811 ], [ -73.71310373, -13.69308886 ], [ -73.71336623, -13.69440173 ], [ -73.71466373, -13.69707398 ], [ -73.71561373, -13.69995473 ], [ -73.71580673, -13.70256511 ], [ -73.71514261, -13.70453448 ], [ -73.71113436, -13.70779373 ], [ -73.70941973, -13.70741523 ], [ -73.70826136, -13.70638811 ], [ -73.70690198, -13.70594011 ], [ -73.70473961, -13.70621048 ], [ -73.70257698, -13.70524261 ], [ -73.70192836, -13.70528361 ], [ -73.70059998, -13.70644211 ], [ -73.69827511, -13.70933823 ], [ -73.69589661, -13.71135398 ], [ -73.69239323, -13.71638086 ], [ -73.68981561, -13.71922873 ], [ -73.68545198, -13.72273311 ], [ -73.68136848, -13.72362123 ], [ -73.67854948, -13.72513698 ], [ -73.67704348, -13.72700973 ], [ -73.67480373, -13.72873786 ], [ -73.67337498, -13.73169198 ], [ -73.67107736, -13.73249323 ], [ -73.66966786, -13.73425986 ], [ -73.66976073, -13.73675623 ], [ -73.66946898, -13.73793586 ], [ -73.67011373, -13.73852848 ], [ -73.67108948, -13.73871998 ], [ -73.67354048, -13.73814498 ], [ -73.67514373, -13.73829711 ], [ -73.67930398, -13.73976211 ], [ -73.68204061, -13.74003861 ], [ -73.68325686, -13.73970686 ], [ -73.68483248, -13.73843523 ], [ -73.68647723, -13.73860111 ], [ -73.68749998, -13.73994186 ], [ -73.68731348, -13.74112298 ], [ -73.68600736, -13.74296873 ], [ -73.68577236, -13.74396386 ], [ -73.68629761, -13.74621673 ], [ -73.68744473, -13.74718423 ], [ -73.69025636, -13.74749336 ], [ -73.69333911, -13.74959311 ], [ -73.69550048, -13.75013723 ], [ -73.69836148, -13.74974861 ], [ -73.70056948, -13.75068923 ], [ -73.70381923, -13.75099236 ], [ -73.70636936, -13.75181661 ], [ -73.70916273, -13.75191061 ], [ -73.71256048, -13.75048173 ], [ -73.71640398, -13.75039373 ], [ -73.72067348, -13.75305761 ], [ -73.72178136, -13.75420436 ], [ -73.72565673, -13.75555823 ], [ -73.72848911, -13.75726986 ], [ -73.73184486, -13.75650936 ], [ -73.73440373, -13.75409911 ], [ -73.73601111, -13.75513386 ], [ -73.73934961, -13.75583036 ], [ -73.74305248, -13.75970873 ], [ -73.74788773, -13.76336611 ], [ -73.74985386, -13.76658873 ], [ -73.75237811, -13.76899823 ], [ -73.75591961, -13.77015623 ], [ -73.75828961, -13.77019561 ], [ -73.75893548, -13.77071598 ], [ -73.75947373, -13.77303036 ], [ -73.75800248, -13.77665461 ], [ -73.75793073, -13.77751573 ], [ -73.75812811, -13.77835898 ], [ -73.75976086, -13.77991998 ], [ -73.76157286, -13.78076323 ], [ -73.76460498, -13.78088873 ], [ -73.76614798, -13.78029673 ], [ -73.76795998, -13.77869998 ], [ -73.76962861, -13.77830523 ], [ -73.77088448, -13.77927398 ], [ -73.77206861, -13.78090673 ], [ -73.77188923, -13.78270086 ], [ -73.77084848, -13.78451298 ], [ -73.77090248, -13.78510498 ], [ -73.77174573, -13.78555361 ], [ -73.77876086, -13.78623536 ], [ -73.78249261, -13.78605586 ], [ -73.78353323, -13.78632498 ], [ -73.79255786, -13.79246098 ], [ -73.79792236, -13.79421923 ], [ -73.80219236, -13.79470373 ], [ -73.80301773, -13.79513423 ], [ -73.80332273, -13.79613898 ], [ -73.80258711, -13.79730523 ], [ -73.80129536, -13.79820236 ], [ -73.80086473, -13.79920711 ], [ -73.80346048, -13.80447236 ], [ -73.80334561, -13.80745423 ], [ -73.80471148, -13.81311423 ], [ -73.80421086, -13.81537961 ], [ -73.80431061, -13.81795261 ], [ -73.80187536, -13.82327736 ], [ -73.79860311, -13.82670536 ], [ -73.79769936, -13.82860636 ], [ -73.79773061, -13.82926086 ], [ -73.79854373, -13.83053111 ], [ -73.79975736, -13.83154448 ], [ -73.80239711, -13.83293323 ], [ -73.80288511, -13.83365886 ], [ -73.80184661, -13.83622361 ], [ -73.80080823, -13.83776248 ], [ -73.80311023, -13.84312961 ], [ -73.80282248, -13.84804636 ], [ -73.80365611, -13.85144186 ], [ -73.80638236, -13.85596248 ], [ -73.80519386, -13.86018023 ], [ -73.80451948, -13.86448436 ], [ -73.80526398, -13.86584498 ], [ -73.80819998, -13.86784898 ], [ -73.80915536, -13.86901411 ], [ -73.80941173, -13.87055211 ], [ -73.80889911, -13.87456011 ], [ -73.80948161, -13.87682036 ], [ -73.81041373, -13.87887098 ], [ -73.81157898, -13.88024586 ], [ -73.81463148, -13.88194686 ], [ -73.81740448, -13.88446361 ], [ -73.81780061, -13.88651423 ], [ -73.81870936, -13.88828511 ], [ -73.81866261, -13.88949673 ], [ -73.81733448, -13.89208348 ], [ -73.81782386, -13.89605411 ], [ -73.82127261, -13.89892036 ], [ -73.82276398, -13.90153023 ], [ -73.82329986, -13.90394198 ], [ -73.82329986, -13.90715773 ], [ -73.82402223, -13.90874223 ], [ -73.82495436, -13.91234948 ], [ -73.82604961, -13.91453986 ], [ -73.82940511, -13.91894398 ], [ -73.83159548, -13.92050523 ], [ -73.83436848, -13.92190336 ], [ -73.83814348, -13.92234598 ], [ -73.83965811, -13.92188023 ], [ -73.84175536, -13.92188023 ], [ -73.84368948, -13.92243936 ], [ -73.85091323, -13.92607448 ], [ -73.85214823, -13.92744936 ], [ -73.85270748, -13.92875423 ], [ -73.85424536, -13.93071161 ], [ -73.85694848, -13.93026886 ], [ -73.85813686, -13.93047861 ], [ -73.85918561, -13.93250598 ], [ -73.85993111, -13.93518573 ], [ -73.86097973, -13.93635086 ], [ -73.86305361, -13.93767898 ], [ -73.86696773, -13.93740023 ], [ -73.86901611, -13.93844448 ], [ -73.87031473, -13.93813648 ], [ -73.87103773, -13.93740023 ], [ -73.87119836, -13.93595423 ], [ -73.87040848, -13.93260723 ], [ -73.86878848, -13.93030436 ], [ -73.86648573, -13.92871123 ], [ -73.86600373, -13.92768036 ], [ -73.86707473, -13.92646198 ], [ -73.87005911, -13.92600186 ], [ -73.87523161, -13.92282611 ], [ -73.87607561, -13.92172736 ], [ -73.87630336, -13.92088311 ], [ -73.87523161, -13.91828348 ], [ -73.87547261, -13.91761361 ], [ -73.87657136, -13.91702398 ], [ -73.87809898, -13.91679623 ], [ -73.88008198, -13.91781461 ], [ -73.88144911, -13.91805573 ], [ -73.88268173, -13.91782798 ], [ -73.88537511, -13.91611286 ], [ -73.88548223, -13.91537586 ], [ -73.88478548, -13.91390186 ], [ -73.88463811, -13.91281648 ], [ -73.88556273, -13.90815336 ], [ -73.88556536, -13.90610911 ], [ -73.88626911, -13.90205248 ], [ -73.88610348, -13.89975511 ], [ -73.88691061, -13.89900998 ], [ -73.88866986, -13.89905136 ], [ -73.89040848, -13.89768536 ], [ -73.89366198, -13.89217636 ], [ -73.89640798, -13.88576886 ], [ -73.89666536, -13.88439573 ], [ -73.89627086, -13.88210061 ], [ -73.89739923, -13.88018848 ], [ -73.89828748, -13.87940473 ], [ -73.90064886, -13.87867336 ], [ -73.90291636, -13.87672986 ], [ -73.90290586, -13.87334448 ], [ -73.90117136, -13.86914398 ], [ -73.90140123, -13.86820361 ], [ -73.90351186, -13.86678248 ], [ -73.90605098, -13.86600923 ], [ -73.90715861, -13.86516298 ], [ -73.90768098, -13.86427473 ], [ -73.90805586, -13.86280486 ], [ -73.90715573, -13.85407061 ], [ -73.90782248, -13.85173711 ], [ -73.90693911, -13.85002023 ], [ -73.90687236, -13.84922011 ], [ -73.90815586, -13.84775323 ], [ -73.90903923, -13.84733661 ], [ -73.91055598, -13.84593623 ], [ -73.91147286, -13.84368611 ], [ -73.91190623, -13.84100248 ], [ -73.91043948, -13.83650211 ], [ -73.91113948, -13.83323498 ], [ -73.91129973, -13.82983248 ], [ -73.91181611, -13.82845561 ], [ -73.91309186, -13.82722036 ], [ -73.91417511, -13.82683561 ], [ -73.91777961, -13.82685586 ], [ -73.91822511, -13.82578261 ], [ -73.91846798, -13.82198573 ], [ -73.91974386, -13.82129723 ], [ -73.92240686, -13.82104411 ], [ -73.92602123, -13.81862436 ], [ -73.92841073, -13.81641711 ], [ -73.92941311, -13.81471598 ], [ -73.93064836, -13.81042311 ], [ -73.93177223, -13.80774011 ], [ -73.93338423, -13.80570398 ], [ -73.93521936, -13.80227111 ], [ -73.93656411, -13.80075236 ], [ -73.93847598, -13.79956036 ], [ -73.94011748, -13.79911261 ], [ -73.94348186, -13.79976386 ], [ -73.94458061, -13.79976386 ], [ -73.94632423, -13.79920398 ], [ -73.94871986, -13.79624536 ], [ -73.95159448, -13.79067561 ], [ -73.95563111, -13.78895061 ], [ -73.95796686, -13.78883098 ], [ -73.95846998, -13.78675873 ], [ -73.95854186, -13.78369236 ], [ -73.95997898, -13.77831823 ], [ -73.96061498, -13.77748548 ], [ -73.96483136, -13.77461998 ], [ -73.96567073, -13.77351173 ], [ -73.96693623, -13.76848886 ], [ -73.96783448, -13.76667248 ], [ -73.96961161, -13.76439711 ], [ -73.97010973, -13.76249561 ], [ -73.97091648, -13.76094798 ], [ -73.97223073, -13.75509623 ], [ -73.97332273, -13.75410898 ], [ -73.97622486, -13.75376486 ], [ -73.97818461, -13.75008486 ], [ -73.98030873, -13.74742211 ], [ -73.98312111, -13.74520823 ], [ -73.98518548, -13.74300911 ], [ -73.98692073, -13.74236586 ], [ -73.98876073, -13.74075023 ], [ -73.99040636, -13.73802773 ], [ -73.99075036, -13.73430286 ], [ -73.99203111, -13.73081173 ], [ -73.99311586, -13.72952148 ], [ -73.99543448, -13.72767023 ], [ -73.99810861, -13.72387436 ], [ -73.99960436, -13.72264011 ], [ -73.99915561, -13.72114423 ], [ -73.99779061, -13.71942386 ], [ -73.99691173, -13.71575898 ], [ -73.99736036, -13.71491748 ], [ -73.99947348, -13.71349623 ], [ -74.00024273, -13.71228261 ], [ -74.00011223, -13.71128461 ], [ -73.99816248, -13.70882836 ], [ -73.99797061, -13.70780748 ], [ -73.99926711, -13.70445848 ], [ -74.00078761, -13.70274598 ], [ -74.00197198, -13.70226586 ], [ -74.00320436, -13.70122548 ], [ -74.00346048, -13.69901673 ], [ -74.00397261, -13.69783236 ], [ -74.00570123, -13.69626386 ], [ -74.00813398, -13.69583173 ], [ -74.01002261, -13.69407123 ], [ -74.01155861, -13.69316011 ], [ -74.01388723, -13.69262936 ], [ -74.01960623, -13.69214298 ], [ -74.02225936, -13.68948986 ], [ -74.02391036, -13.68844323 ], [ -74.02952623, -13.68727886 ], [ -74.03105911, -13.68748523 ], [ -74.03390398, -13.68853173 ], [ -74.03590861, -13.68848748 ], [ -74.03667498, -13.68717561 ], [ -74.03633598, -13.68366761 ], [ -74.03716148, -13.68263573 ], [ -74.03792798, -13.68228198 ], [ -74.04009473, -13.68232623 ], [ -74.04064011, -13.68495011 ], [ -74.04111173, -13.68509736 ], [ -74.04616748, -13.68447823 ], [ -74.04830473, -13.68318111 ], [ -74.04967573, -13.68298948 ], [ -74.05007086, -13.68264561 ], [ -74.04898998, -13.68011998 ], [ -74.04931998, -13.67795998 ], [ -74.05005998, -13.67692998 ], [ -74.04987998, -13.67458998 ], [ -74.05067998, -13.67345998 ], [ -74.05101998, -13.67218998 ], [ -74.05299998, -13.67111998 ], [ -74.05434998, -13.66891998 ], [ -74.05395998, -13.66601998 ], [ -74.05276998, -13.66225998 ], [ -74.05314998, -13.65973998 ], [ -74.05267998, -13.65890998 ], [ -74.05118998, -13.65771998 ], [ -74.05008998, -13.65153998 ], [ -74.05043998, -13.64913998 ], [ -74.05209836, -13.64609423 ], [ -74.05180398, -13.64400936 ], [ -74.05077661, -13.64254173 ], [ -74.04893161, -13.64135548 ], [ -74.04900598, -13.64049023 ], [ -74.04863673, -13.63953711 ], [ -74.04707423, -13.63729686 ], [ -74.04651373, -13.63591798 ], [ -74.04299236, -13.63285911 ], [ -74.03907686, -13.63168186 ], [ -74.03810448, -13.63076061 ], [ -74.03812998, -13.63032548 ], [ -74.03945286, -13.62935998 ], [ -74.03994048, -13.62857986 ], [ -74.03994048, -13.62784848 ], [ -74.03720998, -13.62463036 ], [ -74.03584461, -13.61356198 ], [ -74.03657611, -13.60951486 ], [ -74.03932223, -13.60483786 ], [ -74.04224723, -13.60403886 ], [ -74.04359086, -13.60303111 ], [ -74.04706211, -13.60191136 ], [ -74.05098123, -13.60011973 ], [ -74.05709573, -13.59597836 ], [ -74.05957273, -13.59339948 ], [ -74.05960673, -13.59190648 ], [ -74.05902986, -13.58983673 ], [ -74.05791011, -13.58722398 ], [ -74.05663286, -13.58601761 ], [ -74.05631998, -13.58528998 ], [ -74.06066998, -13.57918998 ], [ -74.06268998, -13.57737998 ], [ -74.06365998, -13.57558998 ], [ -74.06372998, -13.57447998 ], [ -74.06253998, -13.57087998 ], [ -74.06122998, -13.56932998 ], [ -74.06066423, -13.56759848 ], [ -74.05820136, -13.56537011 ], [ -74.05788986, -13.56470236 ], [ -74.05801886, -13.56224911 ], [ -74.05595298, -13.55498311 ], [ -74.05643648, -13.55001186 ], [ -74.05685348, -13.54847848 ], [ -74.05658011, -13.54582811 ], [ -74.05727348, -13.54434761 ], [ -74.05864261, -13.54255623 ], [ -74.05824248, -13.53990523 ], [ -74.05563014, -13.53573997 ], [ -74.05302927, -13.53631289 ], [ -74.05089646, -13.53460155 ], [ -74.05027004, -13.53205002 ], [ -74.05086004, -13.53064002 ], [ -74.05281004, -13.52871002 ], [ -74.05280004, -13.52728002 ], [ -74.05332004, -13.52641002 ], [ -74.05714004, -13.52460002 ], [ -74.05898004, -13.52274002 ], [ -74.05996004, -13.52093002 ], [ -74.06015004, -13.51827002 ], [ -74.06131004, -13.51688002 ], [ -74.06210004, -13.51508002 ], [ -74.06424004, -13.51259002 ], [ -74.06410004, -13.51123002 ], [ -74.06454004, -13.50990002 ], [ -74.06686004, -13.50904002 ], [ -74.06769004, -13.50754002 ], [ -74.06790004, -13.50665002 ], [ -74.06746004, -13.50577002 ], [ -74.06795197, -13.50459089 ], [ -74.06746286, -13.50275198 ], [ -74.06596486, -13.50071098 ], [ -74.06590004, -13.49891002 ], [ -74.06647004, -13.49810002 ], [ -74.06641004, -13.49667002 ], [ -74.06705073, -13.49512886 ], [ -74.06695311, -13.49397073 ], [ -74.06653123, -13.49322848 ], [ -74.06772952, -13.49207083 ], [ -74.06755004, -13.49099002 ], [ -74.06844004, -13.48944002 ], [ -74.06738004, -13.48767002 ], [ -74.06724004, -13.48554002 ], [ -74.06586004, -13.48197002 ], [ -74.06668004, -13.48109002 ], [ -74.06787298, -13.48052936 ], [ -74.06860251, -13.47822868 ], [ -74.07017773, -13.47745511 ], [ -74.07193004, -13.47457002 ], [ -74.07237004, -13.47264002 ], [ -74.07335004, -13.47113002 ], [ -74.07446004, -13.47013002 ], [ -74.07507004, -13.46855002 ], [ -74.07625004, -13.46816002 ], [ -74.07769004, -13.46643002 ], [ -74.07783004, -13.46422002 ], [ -74.07957004, -13.46046002 ], [ -74.07984004, -13.45737002 ], [ -74.07954004, -13.45544002 ], [ -74.08025004, -13.45296002 ], [ -74.08047004, -13.45058002 ], [ -74.07982004, -13.44881002 ], [ -74.07998004, -13.44687002 ], [ -74.07886004, -13.44405002 ], [ -74.07789004, -13.44277002 ], [ -74.07619004, -13.44232002 ], [ -74.07436004, -13.44101002 ], [ -74.07362004, -13.43887002 ], [ -74.07227004, -13.43735002 ], [ -74.07173004, -13.43507002 ], [ -74.07058004, -13.43408002 ], [ -74.07060004, -13.43338002 ], [ -74.07149004, -13.43151002 ], [ -74.07113004, -13.42644002 ], [ -74.07179004, -13.42314002 ], [ -74.07275004, -13.42034002 ], [ -74.06943004, -13.41859002 ], [ -74.06250811, -13.41624772 ], [ -74.0607696, -13.41428776 ], [ -74.05987334, -13.4095635 ], [ -74.05889632, -13.40894329 ], [ -74.05750509, -13.40888686 ], [ -74.05574345, -13.4094544 ], [ -74.05243148, -13.41126348 ], [ -74.05017098, -13.41533486 ], [ -74.04751823, -13.41678636 ], [ -74.04831911, -13.41933898 ], [ -74.04831911, -13.42028998 ], [ -74.04648198, -13.42408136 ], [ -74.04631473, -13.42586548 ], [ -74.04671548, -13.42860086 ], [ -74.04629498, -13.43020698 ], [ -74.04674516, -13.4348761 ], [ -74.04534023, -13.43788492 ], [ -74.04518508, -13.44003729 ] ] ] ] } }
]
}
